Sample_ID,Latitude,Longitude,Al_pct,Ca_pct,Fe_pct,K_pct,Mg_pct,Mn_pct,P_pct,Ti_pct,Ag_ppm,As_ppm,Cu_ppm,Pb_ppm,Zn_ppm,Ni_ppm,Cr_ppm,Co_ppm,Mo_ppm,U_ppm,Th_ppm,V_ppm,Cluster
C355417,38.94021,-119.05178,-0.7844318504950196,-0.3243504188476481,1.9751685641626162,-0.6387103489388025,-0.27277053339972906,-0.20217043381393962,-0.18896087877123147,-0.5941911771236579,-0.1326761080525245,-0.18072043055968945,0.05737144331475449,-0.2339256537687681,-0.31615700924537693,-0.04866429492499331,-0.04872791935195721,0.03706619440118104,-0.1446898573929545,-0.20713526033478905,-0.06766408493950772,-0.21019358863905685,0.0
C360759,-22.2871,-68.8991,1.2749386081987248,-0.4597609558861024,-0.9206328431202262,2.3786635499802538,-0.5138797977610968,-0.22010988788258168,-0.16068214930343483,-0.16369573415199873,-0.14458580798608292,-0.18072043055968945,-0.21152084485143843,-0.23401424193293535,-0.33205987273286497,-0.05467452595128967,-0.04872791935195721,-0.10528569792629194,-0.11116217018968673,-0.18086592161089593,-0.01740543998931884,-0.3340504503973679,1.0
C360762,-21.0309,-68.74951,-0.742071382199104,-0.5564827680564269,-0.4582664499763702,-0.4927083860878804,-0.5600496568941248,-0.22010988788258168,-0.10412469036784153,-0.6802902657179898,-0.0387727047302369,-0.17361707200836105,0.05737144331475449,-0.23183750418482577,-0.33002135895763485,-0.05515360233744372,-0.04872791935195721,-0.10406262677502964,-0.14198601165075547,-0.2011567211769375,-0.054967164109986325,-0.46708189450814647,0.0
C360763,-24.7,29.3,-0.6638674407297214,-0.47910531832016734,0.9721151704181441,-0.6387103489388025,-0.39589015775447006,-0.22010988788258168,-0.16068214930343483,-0.6802902657179898,-0.14229548107578321,-0.18072043055968945,0.05737144331475449,-0.2337231665363858,-0.33164234581504676,-0.05284532520415599,-0.04494921170885221,-0.07450507395285745,-0.14252678079919529,0.41789383344059966,-0.06766408493950772,1.8173891112562577,0.0
C360769,62.74842,29.00282,2.1970934180251955,1.1071324012731545,-0.32498401272539246,-0.3953737441872657,3.225878792014161,-0.19021079776817829,-0.08998532563394321,0.5681465188998219,-0.14115031762063338,-0.1759848581921372,-0.25885374729422184,-0.22730685236027204,-0.2769831601912558,-0.05389058277394666,-0.04589388861962846,-0.10188827806167446,-0.13603755101791765,0.35267340626403737,-0.054967164109986325,-0.13220963864308322,1.0
C360780,32.10012,-110.06506,-0.3901536455868818,1.6681189118610367,-0.1958237127089809,-0.6387103489388025,0.537766993602316,0.2582755539478726,0.4331711695202948,0.39594834171115817,-0.14046321954754346,-0.18072043055968945,0.05737144331475449,-0.2341407964531743,0.28201306599995485,-0.053803477976464106,-0.04589388861962846,-0.042297533636283614,-0.14036370420543606,-0.020532371468513586,-0.020050631828802467,-0.3523996151023029,0.0
C360781,31.99229,-111.064199,0.8415584325558957,1.5520527372566473,0.0446342926407213,0.1886341072164227,-0.38050020471012747,0.07290119523857155,0.13624451010842997,1.6013355820318038,-0.12488899655750552,-0.17361707200836105,0.05737144331475449,-0.2337231665363858,-0.3042452118840925,-0.05397768757142922,-0.04211518097652346,-0.03360013878286283,0.11217548811595177,-0.03248944978421668,0.1307253030217642,-0.260653791577628,1.0
C360782,-34.0886,-70.4555,0.5222256715559163,-0.07287370720480442,-0.1958237127089809,0.4806380329182669,-0.04705122208270386,-0.20815025183682032,-0.10412469036784153,0.6542456074941536,-0.14321161183990308,-0.18072043055968945,0.05737144331475449,-0.23428000642543712,-0.3312370991006938,-0.05393413517268794,-0.04400453479807596,-0.074029435171811,-0.10629524785372851,-0.18285876799684642,-0.05919947105316012,0.2852338583941874,1.0
C360783,38.98351,-119.19408,0.8382999349946711,-0.3243504188476481,-0.8052130005523692,0.1399667862661153,-0.12913097165253123,-0.22010988788258168,-0.06170659616614655,0.6111960631969877,-0.14366967722196303,-0.18072043055968945,-0.23367667152678384,-0.23400158648091146,-0.3316177854081163,-0.05436965916010072,-0.04589388861962846,-0.0995100841564422,-0.14198601165075547,-0.20006971405732815,-0.05443812574208959,-0.26524108275386177,1.0
C360784,34.584346,-113.21008,1.6822508033517596,-0.3630391437157779,-0.7172740728816208,1.307982489073492,-0.11374101860818858,-0.20217043381393962,-0.07584596090004486,0.4389978860083241,-0.1461890368232927,-0.18072043055968945,-0.4299571542097303,-0.23400158648091146,-0.33151954378039433,-0.0540212399701705,-0.046838565530404705,-0.07192303485574816,-0.13874139676011668,0.06642819810023617,0.0037560947265501635,-0.16432067687671942,1.0
C360786,40.529973,-112.136459,1.6105638570048253,-0.4597609558861024,-0.8601748303465869,3.400677289936708,0.8045261797042548,-0.22010988788258168,0.05140832170504003,1.2999887719516425,-0.1461890368232927,-0.18072043055968945,-0.43870870574649173,-0.23383706560460085,-0.3318142686635602,-0.05214848682429554,-0.035502442601089715,-0.1022280200481362,0.055394727529772494,-0.1750685503063126,-0.010527941206661411,0.38615426427132976,1.0
C360787,-22.2871,-68.8991,-0.03497741141343548,-0.5564827680564269,1.0202067714880845,0.04263214436550059,-0.5343997351535537,-0.22010988788258168,-0.13240341983563816,-0.3358939113406624,-0.1448148406771129,-0.18072043055968945,-0.33438497459653577,-0.2341281410011504,-0.33205987273286497,-0.05467452595128967,-0.04872791935195721,-0.06506024672922082,-0.13603755101791765,-0.20496124609557032,-0.04332832001625837,-0.279002956282563,0.0
C360788,40.529973,-112.136459,1.5128089301680971,-0.0535293447707395,-0.6032282760586193,1.697321056675951,0.660886617957057,-0.18423097974529762,0.22108069851181997,1.902682392111965,-0.1461890368232927,-0.18072043055968945,-0.4421327880508633,-0.23348271294793185,-0.3313230605249505,-0.05240980121674321,-0.03928115024419471,-0.08802680501403508,-0.14090447335387588,-0.04390302454011506,0.18045490960405636,0.26688469368925244,1.0
C360789,38.94991,-119.22178,-0.8267923187909352,2.654681395998346,-0.15460234036331771,-0.6387103489388025,2.1691020163026344,-0.08855389137920676,-0.18896087877123147,-0.6802902657179898,-0.1461890368232927,-0.18072043055968945,-0.3988382885611769,-0.23428000642543712,-0.3318633894774211,-0.05201782962807171,-0.04872791935195721,0.0044509637008530965,-0.1414452425023157,-0.20985277813381248,-0.06766408493950772,-0.46708189450814647,0.0
C360790,38.98351,-119.19408,0.7112185301069244,-0.3050060564135832,-0.24391531377892145,-0.2007044603860362,0.614716758824029,-0.20217043381393962,0.008990227503345067,1.041691506168647,-0.1448148406771129,-0.18072043055968945,0.05737144331475449,-0.23410283009710262,-0.3313230605249505,-0.05389058277394666,-0.046838565530404705,-0.0978793226214258,-0.1446898573929545,-0.19427234275274485,-0.049147742063122335,0.21642449075068126,1.0
C360791,-34.0886,-70.4555,1.828883193606852,0.23663609174023398,-0.7688007883136999,1.307982489073492,0.03502852748712344,-0.22010988788258168,-0.10412469036784153,1.988781480706297,-0.1461890368232927,-0.17480096510024912,-0.2558324982021293,-0.23405220828900702,-0.33169146662890775,-0.054151897166394326,-0.04022582715497096,-0.1038587815831526,-0.13225216697883904,-0.17543088601284904,-0.03697985960149767,0.42743988485743345,1.0
C360792,38.98351,-119.19408,1.1902176716068933,-0.4984496807542321,-0.7193351414989041,1.16198052622257,-0.3497202986214422,-0.20815025183682032,-0.11826405510173986,0.13765107592816264,-0.1461890368232927,-0.18072043055968945,-0.3963205809844332,-0.23410283009710262,-0.33172830723930347,-0.05432610676135944,-0.04872791935195721,-0.09713189025120995,-0.1414452425023157,-0.12705906919023202,0.028091859649799527,-0.1413842209955507,1.0
C360793,40.529973,-112.136459,1.489999447239527,-0.343694781281713,-0.810709183531791,2.135326945228717,0.6557566336089428,-0.22010988788258168,0.093826415906735,1.2138896833573107,-0.14550193875020279,-0.17716875128402526,-0.42482103075317296,-0.23403955283698313,-0.3318265488670254,-0.052714668007932154,-0.03833647333341846,-0.09944213575914986,0.27278392520257316,-0.12470388709774505,0.18415817817933341,0.17055157898834383,1.0
C360794,28.8008,-110.5696,2.5620451448823145,-0.4984496807542321,-0.4788771361492019,1.6486537357256432,-0.5600496568941248,-0.22010988788258168,0.6311222757948712,-0.5080920885293261,-0.10679541396613791,-0.17420901855430507,0.05737144331475449,-0.23352067930400353,-0.33122481889722855,-0.05450031635632455,-0.04872791935195721,-0.09672419986745587,1.695006785599254,-0.1863009572089428,0.20108740595202862,0.28982114957042115,1.0
C360795,39.068,-119.33489,-0.8007243383011411,-0.4210722310179726,2.504939458343228,-0.6387103489388025,1.4662941606109876,-0.16629152567665556,0.0372689569711417,-0.5511416328264921,-0.14573097144123276,-0.18072043055968945,-0.43297840330182286,-0.23428000642543712,-0.3292108655289289,-0.053803477976464106,-0.04872791935195721,-0.07953325535249134,-0.01598680006428146,-0.19572168557889066,-0.06448985473212737,-0.11844776511438199,0.0
C360796,38.98351,-119.19408,-0.32824219192362053,-0.5564827680564269,-0.9117015457786658,-0.3953737441872657,-0.5343997351535537,-0.22010988788258168,-0.08998532563394321,-0.37894345563782833,-0.14435677529505295,-0.18072043055968945,0.05737144331475449,-0.23428000642543712,-0.33205987273286497,-0.05454386875506583,-0.04872791935195721,-0.10528569792629194,-0.14252678079919529,-0.20767876389459378,-0.06078658615685029,-0.34781232392606914,0.0
C360797,4.08451,137.13229,-0.37386115778076046,-0.517794043188297,0.3812755001303043,-0.0060351765848068095,-0.5036198290648685,-0.18423097974529762,-0.18896087877123147,-0.24979482274633058,-0.1448148406771129,-0.18072043055968945,-0.20044293151376574,-0.23369785563233803,-0.32801968579280044,-0.05463097355254839,-0.04872791935195721,-0.09122037968677553,-0.1414452425023157,-0.2091281067207396,-0.06396081636423065,0.4412017583861347,0.0
C360798,31.43234,-109.90705,-0.8333093139133837,-0.47910531832016734,1.89272581947129,-0.6387103489388025,-0.5446597038497821,-0.18423097974529762,-0.16068214930343483,-0.6802902657179898,-0.13359223881664437,-0.17716875128402526,0.05737144331475449,-0.2337231665363858,-0.33088097320020177,-0.05515360233744372,-0.04872791935195721,-0.10528569792629194,-0.1446898573929545,0.18056394565922018,-0.067135046571611,-0.46708189450814647,0.0
C360799,40.529973,-112.136459,-0.3836366504644333,-0.5564827680564269,0.9515044842453125,-0.3953737441872657,-0.5446597038497821,-0.22010988788258168,0.0372689569711417,-0.42199299993499423,-0.1395470887834236,-0.16888149964080876,0.05737144331475449,-0.23341943568781237,-0.3317405874427687,-0.04918692370988864,-0.04494921170885221,-0.06268205282398857,-0.1230590914553624,-0.11329031234184662,-0.024811977139872984,-0.37074877980723786,0.0
C360800,40.30611,-75.92353,-0.6019559870664599,-0.2856616939795183,2.504939458343228,-0.444041065137573,0.9840756318882522,-0.18423097974529762,-0.14654278456953648,-0.42199299993499423,-0.14550193875020279,-0.17065733927864085,0.05737144331475449,-0.23347005749590796,-0.3232672470517519,-0.04744482776023753,-0.046838565530404705,0.3020649438413455,-0.1446898573929545,-0.205504749655375,-0.05919947105316012,-0.3340504503973679,0.0
C360801,30.97935,-110.34236,-0.8463433041582809,-0.5564827680564269,0.37440527140602725,-0.6387103489388025,-0.539529719501668,-0.17825116172241692,-0.13240341983563816,-0.6802902657179898,-0.020679122138869285,0.30467573711441953,0.05737144331475449,-0.23166032785649124,-0.2628609262062278,-0.051756515235624044,-0.04872791935195721,-0.09917034216998045,-0.1446898573929545,-0.21347613519917708,-0.06819312330740444,-0.46708189450814647,0.0
C360802,38.98351,-119.19408,1.8060737106782818,-0.2469729691113885,-0.7804801771449713,0.4319707119679595,0.024768558790895012,-0.20815025183682032,0.008990227503345067,1.1708401390601448,-0.14550193875020279,-0.18072043055968945,-0.4053843282607108,-0.2341407964531743,-0.3314581427630682,-0.054108344767653055,-0.04872791935195721,-0.09577292230536297,-0.1446898573929545,-0.18249643229030998,-0.028515245715150066,0.00999638782016282,1.0
C360803,28.8008,-110.5696,-0.8039828358623653,-0.5564827680564269,0.26448161181759183,-0.5413757070381877,-0.5549196725460106,-0.22010988788258168,-0.10412469036784153,-0.6802902657179898,-0.08091471987975132,-0.17480096510024912,0.05737144331475449,-0.23347005749590796,-0.32878105840764543,-0.04883850451995842,-0.04872791935195721,-0.07749480343372084,-0.14090447335387588,-0.20822226745439842,-0.067135046571611,-0.46708189450814647,0.0
C360804,40.32909,-114.55226,-0.7909488456174681,0.43007971608088297,-0.02406799460205076,-0.6387103489388025,-0.46770993862806903,-0.20815025183682032,-0.14654278456953648,-0.6802902657179898,-0.13244707536149453,-0.18072043055968945,0.05737144331475449,-0.2341154855491265,-0.3302055620096135,-0.05227914402051938,-0.04872791935195721,-0.09699599345662527,-0.1446898573929545,-0.18104708946416415,-0.06660600820371428,-0.40285981804087406,0.0
C360805,40.32909,-114.55226,-0.8626357919644023,-0.4597609558861024,0.6079930480314522,-0.6387103489388025,-0.5703096255903531,-0.22010988788258168,-0.14654278456953648,-0.6802902657179898,-0.1448148406771129,-0.18072043055968945,0.05737144331475449,-0.23428000642543712,-0.33054940770664026,-0.054456763957583275,-0.04872791935195721,-0.10528569792629194,-0.1446898573929545,-0.20496124609557032,-0.06819312330740444,-0.46708189450814647,0.0
C360825,31.42764,-109.90375,-0.6899354212195155,0.6041789779874671,0.3812755001303043,-0.6387103489388025,-0.4574499699318406,-0.19619061579105898,-0.005149137230553268,-0.6802902657179898,-0.14412774260402297,-0.173025125462417,0.05737144331475449,-0.20194532650439043,-0.23903733148365885,-0.05463097355254839,-0.04589388861962846,-0.10433442036419904,-0.13603755101791765,0.9487156435165095,-0.06766408493950772,0.03293284370133154,0.0
C360826,31.44097,-109.91509,-0.2793647285052564,-0.4984496807542321,-0.9316252090790698,-0.5413757070381877,-0.5600496568941248,-0.22010988788258168,-0.06170659616614655,-0.6802902657179898,-0.1452729060591728,-0.18072043055968945,0.05737144331475449,-0.23350802385197963,-0.33165462601851203,-0.05515360233744372,-0.043059857887299706,-0.10528569792629194,-0.1414452425023157,-0.016909014403148993,0.10744761483430826,-0.3432250327498354,0.0
C368458,31.43708,-109.90176,-0.8170168261072625,-0.5564827680564269,0.9995960853152529,-0.6387103489388025,-0.5703096255903531,-0.22010988788258168,-0.14654278456953648,-0.42199299993499423,-0.13908902340136364,-0.18072043055968945,2.041323894818911,-0.23312836029126285,-0.33169146662890775,-0.05423900196387688,-0.046838565530404705,-0.08653194027360338,-0.1414452425023157,-0.19101132139391672,-0.061315624524747016,-0.32946315922113417,0.0
C368459,31.43708,-109.90176,-0.7094864065868611,-0.5564827680564269,0.16142818095343375,-0.6387103489388025,-0.5703096255903531,-0.22010988788258168,-0.13240341983563816,-0.5941911771236579,-0.10244379283656849,-0.1765768047380812,3.3908151559535864,-0.23287525125078498,-0.3316177854081163,-0.054456763957583275,-0.04872791935195721,-0.0991023937726881,-0.13657832016635746,-0.19898270693771877,-0.0650188931000241,-0.3432250327498354,0.0
C368460,31.44097,-109.91509,0.0758115056681901,-0.517794043188297,-0.5379611031779858,-0.6387103489388025,-0.5549196725460106,-0.22010988788258168,-0.005149137230553268,0.3098492531168264,-0.14825033104256244,-0.18072043055968945,-0.06247255630820565,-0.23240699952590094,-0.33177742805316446,-0.05423900196387688,-0.04022582715497096,-0.0989664969781034,-0.13928216590855647,-0.10296374470555761,-0.006824672631384338,-0.26524108275386177,0.0
C368461,31.43234,-109.90705,-0.3510516748521905,-0.4984496807542321,-0.7681137654412722,-0.298039102286651,-0.5497896881978963,-0.22010988788258168,-0.0334278666983499,-0.16369573415199873,-0.08870183137477029,-0.18072043055968945,4.347544035116229,-0.22855974211063745,-0.3294810300051642,-0.05515360233744372,-0.04589388861962846,-0.10528569792629194,-0.13928216590855647,-0.018720692935831305,-0.04438639675205182,-0.18725713275788813,0.0
C368462,31.42764,-109.90375,-0.48139157730116167,-0.5564827680564269,0.7247869363441646,-0.444041065137573,-0.12400098730441701,-0.20815025183682032,-0.16068214930343483,-0.24979482274633058,-0.14825033104256244,-0.18072043055968945,-0.16418794240865506,-0.23078710166684263,-0.33086869299673655,-0.05458742115380711,-0.04589388861962846,-0.1038587815831526,-0.1414452425023157,-0.13231293693501064,-0.058141394317366674,-0.16890796805295316,0.0
C368463,31.43708,-109.90176,-0.5726295090154415,-0.5564827680564269,-0.25696874835504807,-0.6387103489388025,-0.5600496568941248,-0.22010988788258168,-0.14654278456953648,-0.5080920885293261,-0.14825033104256244,-0.18072043055968945,-0.042330895694255265,-0.23358395656412298,-0.33175286764623396,-0.05406479236891178,-0.04494921170885221,-0.0982870130051799,-0.07709371383797917,-0.18032241805109125,-0.05919947105316012,-0.35698690627853663,0.0
C368465,38.98351,-119.19408,1.020775798423231,-0.4597609558861024,-0.8594878074741591,-0.3467064232369583,-0.12400098730441701,-0.22010988788258168,-0.06170659616614655,0.22375016452249455,-0.14825033104256244,-0.18072043055968945,0.21447527713361206,-0.23382441015257696,-0.31124492785928026,-0.054151897166394326,-0.04872791935195721,-0.10175238126708976,-0.1446898573929545,0.9016120016667701,-0.04491543511994854,-0.2468919180489268,1.0
C368466,46.0171,-112.53779,-0.8528602992807295,-0.5564827680564269,0.31944344161180954,-0.6387103489388025,-0.5703096255903531,-0.20217043381393962,-0.18896087877123147,-0.6802902657179898,-0.06350823536147363,-0.15053115671654366,3.3203193438047602,-0.23269807492245048,-0.09130648379680081,-0.05515360233744372,-0.04872791935195721,-0.10447031715878376,-0.1446898573929545,-0.19535934987235423,-0.0692512000431979,-0.37992336215970535,0.0
C368468,38.98351,-119.19408,0.7275110179130457,-0.4597609558861024,-0.8093351377869354,0.1399667862661153,-0.34459031427332804,-0.22010988788258168,0.023129592237243403,0.13765107592816264,-0.14825033104256244,-0.1765768047380812,0.9133909004376901,-0.2341407964531743,-0.33158094479772054,-0.05450031635632455,-0.04872791935195721,-0.09427805756493127,-0.13765985846323706,0.35267340626403737,-0.04068312817677474,-0.16432067687671942,1.0
C368469,55.6,-132.9,-0.8756697822092995,-0.5564827680564269,1.7003594151915278,-0.6387103489388025,-0.5703096255903531,-0.22010988788258168,-0.18896087877123147,-0.6802902657179898,-0.11847608120866636,-0.18072043055968945,1.4370740764004,-0.23428000642543712,-0.25082632681029093,-0.006157153753506024,-0.04872791935195721,0.298667523976728,-0.14198601165075547,-0.21347613519917708,-0.0692512000431979,-0.3111139945161992,0.0
C368470,55.6339,-132.5602,1.4313464911374902,1.4940196499544525,-0.3105565324044103,-0.6387103489388025,-0.021401300342132796,-0.14237225358513286,0.05140832170504003,0.22375016452249455,-0.12076640811896606,-0.18072043055968945,0.6414784821493601,-0.23345740204388407,-0.33113885747297184,-0.05436965916010072,-0.04872791935195721,-0.09509343833243947,-0.1446898573929545,-0.1978956998181094,-0.06025754778895357,1.1568191818785987,1.0
C368504,41.1181,-74.58599,-0.895220767576645,-0.5564827680564269,-0.9336862776963529,-0.6387103489388025,-0.5549196725460106,2.9073349380840128,-0.18896087877123147,-0.6802902657179898,-0.14825033104256244,-0.1765768047380812,-0.44597984522812784,-0.23406486374103092,3.69590826488375,-0.05515360233744372,-0.04872791935195721,-0.1007331553077045,-0.14090447335387588,-0.21347613519917708,-0.0692512000431979,-0.46708189450814647,0.0
C368505,44.35607,-103.76501,0.026934042249825804,-0.4984496807542321,0.46371824482163077,-0.15203713943572886,0.6249767275202575,-0.08257407335632608,-0.11826405510173986,-0.12064618985483284,-0.13908902340136364,4.751970136791957,-0.4443584415487048,-0.23398893102888757,-0.25291396139938205,-0.05436965916010072,-0.04589388861962846,-0.048005199008841,-0.1414452425023157,-0.20659175677498437,-0.0650188931000241,0.1338532495784739,0.0
C368507,44.35607,-103.76501,-0.2565552455766864,-0.47910531832016734,0.6079930480314522,-0.6387103489388025,0.1376282144494077,-0.1304126175393715,-0.18896087877123147,-0.2928443670434965,-0.14825033104256244,0.3330891713197332,-0.44238455880853766,-0.23398893102888757,-0.3290266624769503,-0.05328084919156877,-0.04494921170885221,-0.08530886912234108,-0.14198601165075547,-0.201519056883474,-0.04174120491256819,-0.21936817099152434,0.0
C368513,47.67766,-116.77546,-0.869152787086851,-0.4984496807542321,1.3705884364262222,-0.6387103489388025,-0.07783112817138914,1.0595711690138834,-0.18896087877123147,-0.6802902657179898,-0.13679869649106394,0.17799917628239595,-0.06347963933890316,-0.2332042930034062,-0.3243479049566932,-0.04957889529856015,-0.04872791935195721,0.035707226455334036,-0.1446898573929545,-0.20949044242727605,-0.067135046571611,-0.3202885768686667,0.0
C368514,41.08333,-74.59959,-0.7029694114644126,-0.07287370720480442,0.27822206926614623,-0.6387103489388025,0.3325676196777476,2.662162399145905,-0.18896087877123147,-0.20674527844916463,-0.14366967722196303,-0.1759848581921372,-0.44597984522812784,-0.23092631163910546,2.432324449124236,-0.05349861118527516,-0.046838565530404705,-0.09563702551077827,-0.14198601165075547,-0.19735219625830472,-0.0692512000431979,-0.02211465041347338,0.0
C368515,39.3113,-119.6477,-0.7290373919542069,-0.517794043188297,-0.8333809383219057,-0.6387103489388025,-0.25738058035538647,-0.17227134369953626,-0.18896087877123147,-0.6802902657179898,5.030178813145053,-0.18072043055968945,-0.402866620683967,0.01383013050298572,-0.08639440241070413,-0.05463097355254839,-0.046838565530404705,-0.10460621395336844,-0.13928216590855647,-0.21347613519917708,-0.0692512000431979,-0.41203440039334155,0.0
C368516,44.35607,-103.76501,1.2749386081987248,-0.4210722310179726,-0.2095641701575354,0.8699766005207257,0.7224464301344273,-0.04071534719616134,-0.13240341983563816,0.525096974602656,-0.14825033104256244,-0.18072043055968945,-0.4451338954823419,-0.23345740204388407,-0.32895298125615885,-0.05332440159031005,-0.04022582715497096,-0.09672419986745587,-0.1446898573929545,-0.1446323509572502,0.03285320496087005,0.06963117311120148,1.0
C368517,46.0071,-112.51649,-0.6508334504848242,-0.47910531832016734,-0.7378847590544525,-0.444041065137573,-0.37024023601389905,3.6428525548983366,-0.08998532563394321,-0.5080920885293261,-0.07266954300267242,-0.12211772251122996,-0.30719373276770273,-0.1872650021566745,2.3912962893468634,-0.05515360233744372,-0.04872791935195721,-0.10379083318586026,-0.14198601165075547,-0.17869190737167714,-0.058141394317366674,-0.3432250327498354,0.0
C368518,41.1181,-74.58599,-0.8724112846480752,2.4418934092236326,-0.32429698985296473,-0.6387103489388025,3.68757738334444,0.24631591790211124,-0.18896087877123147,-0.6802902657179898,-0.13450836958076423,-0.1765768047380812,0.25173734926942026,-0.13006235900867802,-0.31235014617115203,-0.05371637317898155,-0.04872791935195721,-0.10324724600752144,-0.13441524357259824,-0.2091281067207396,-0.067135046571611,-0.3845106533359391,0.0
C368589,39.04741,-119.2407,1.8940531448313378,-0.2469729691113885,-0.5956710244619143,-0.5413757070381877,1.1379751623316785,-0.19021079776817829,0.05140832170504003,1.945731936409131,-0.10931477356746758,-0.18072043055968945,-0.37225129655076244,-0.2348495017665123,-0.3315563843907901,-0.05136454364695254,-0.02227696585022222,-0.08469733354670994,-0.1446898573929545,-0.1502485544085653,-0.05179293390260596,0.3081703142753561,1.0
C368599,39.04741,-119.2407,1.4834824521170786,-0.2082842442432587,-0.8484954415153155,0.8699766005207257,-0.21634070557047275,-0.22010988788258168,-0.04756723143224824,0.9125428732771491,-0.14825033104256244,-0.18072043055968945,-0.4336833614233111,-0.2348495017665123,-0.3317651478496992,-0.05428255436261816,-0.04589388861962846,-0.10256776203459796,-0.14090447335387588,-0.15767643639256265,-0.016347363253525385,-0.10468589158568076,1.0
C368600,39.04741,-119.2407,1.509550432606873,-0.3243504188476481,-0.7413198734165912,-0.2493717813363436,-0.04705122208270386,-0.17227134369953626,-0.005149137230553268,0.998641961871481,-0.14825033104256244,-0.18072043055968945,-0.2810095739695672,-0.2348495017665123,-0.3312370991006938,-0.05389058277394666,-0.04589388861962846,-0.037609094223111476,-0.13117062868195942,0.07367491223096533,0.0016399412549632706,-0.058812979823343325,1.0
C368602,45.8988,-112.01417,0.6362730861987661,-0.517794043188297,-0.5255946914742868,1.9406576614274877,-0.5036198290648685,-0.22010988788258168,-0.06170659616614655,0.22375016452249455,-0.14825033104256244,-0.1759848581921372,-0.44571800364014647,-0.2348495017665123,-0.330181001602683,-0.05328084919156877,-0.04494921170885221,-0.09400626397576187,-0.12468139890068179,-0.1073117731839951,-0.002592365688210534,0.3907415554475635,1.0
C368603,39.04741,-119.2407,1.6398903350558436,-0.11156243207293416,-0.8649839904535809,0.3346360700673447,-0.12400098730441701,-0.20217043381393962,-0.019288501964451584,1.0847410504658128,-0.14825033104256244,-0.18072043055968945,-0.4363521314546595,-0.22434547658668108,-0.32884245942497164,-0.054151897166394326,-0.04589388861962846,-0.10100494889687389,-0.1414452425023157,-0.13883497965266686,0.03020801312138642,-0.20101900628658936,1.0
C377086,38.73333,-105.15,1.463931466749733,-0.4984496807542321,-0.9178847516305154,3.1573406851851717,-0.5703096255903531,-0.22010988788258168,-0.13240341983563816,0.39594834171115817,-0.14825033104256244,-0.18072043055968945,-0.44609062436150454,-0.2333814693317407,-0.3315932250011858,-0.05423900196387688,-0.046838565530404705,-0.104130575172322,-0.1414452425023157,-0.05912112421464627,0.18257106307564325,-0.32946315922113417,1.0
C377087,38.72723,-105.14446,2.1482159546068313,-0.4210722310179726,-0.8059000234247969,3.984685141340397,-0.49335986036864005,-0.22010988788258168,0.093826415906735,1.6443851263289697,-0.14825033104256244,-0.1546747825381519,-0.4457985702826023,-0.2335713011120991,-0.33089325340366704,-0.054108344767653055,-0.04872791935195721,-0.0962485610864094,-0.1414452425023157,0.1407070179402099,0.09633780910847707,0.14302783193094137,1.0
C377088,38.73333,-105.15,1.242353632586482,-0.4984496807542321,-0.8512435330050264,2.81666943853302,-0.5600496568941248,-0.22010988788258168,-0.11826405510173986,0.3098492531168264,-0.14825033104256244,-0.18072043055968945,-0.44591942024628595,-0.2335459902080513,-0.33133534072841575,-0.05436965916010072,-0.04872791935195721,-0.10426647196690669,-0.1414452425023157,-0.08539046293853944,0.1608804899918775,-0.3523996151023029,1.0
C377089,38.7308,-105.14057,2.060236520453776,-0.4597609558861024,-0.7193351414989041,3.449344610887016,-0.43693003253938373,-0.22010988788258168,0.008990227503345067,1.558286037734638,-0.14825033104256244,-0.16532982036514454,-0.44582878277352317,-0.23387503196067252,-0.33050028689277927,-0.054108344767653055,-0.04872791935195721,-0.0999177745401963,-0.14036370420543606,-0.04372185668684684,0.19368086880147448,0.6017569495543157,1.0
C377090,38.7336,-105.15777,1.9689985887394958,-0.3050060564135832,-0.7433809420338743,1.551319093825029,-0.1804308151336733,-0.1304126175393715,-0.019288501964451584,1.041691506168647,-0.14825033104256244,-0.18072043055968945,-0.4460100577190487,-0.2339003428647203,-0.3302669630269397,-0.05432610676135944,-0.046838565530404705,-0.09781137422413345,-0.13603755101791765,0.08816834049242363,0.367734491839497,-0.10468589158568076,1.0
C377091,38.73333,-105.15,1.102238237453838,-0.11156243207293416,-0.2507855425031986,1.1133132052722625,-0.47283992297618327,-0.08855389137920676,-0.005149137230553268,1.6443851263289697,-0.14825033104256244,-0.18072043055968945,-0.44595970356751385,-0.23406486374103092,-0.3296529528536776,-0.05463097355254839,-0.04872791935195721,-0.1034510911993985,-0.1414452425023157,-0.19952621049752345,-0.050734857166812516,-0.40285981804087406,1.0
C377092,38.71611,-105.14387,1.0338097886681281,-0.014840619902609667,-0.7729229255482662,3.449344610887016,-0.539529719501668,-0.20217043381393962,-0.07584596090004486,0.4820474303054901,-0.14825033104256244,-0.18072043055968945,-0.44605034104027663,-0.23382441015257696,-0.33151954378039433,-0.05463097355254839,-0.04872791935195721,-0.10161648447250504,0.03430473074062019,0.5827565799146878,0.6401892513063104,-0.25147920922516054,1.0
C377093,38.73333,-105.15,2.262263369249681,-0.517794043188297,-0.8505565101325988,5.347370127949002,-0.5241397664573253,-0.22010988788258168,-0.16068214930343483,0.008502443036664904,-0.14825033104256244,-0.18072043055968945,-0.44609062436150454,-0.23367254472829024,-0.33093009401406276,-0.05463097355254839,-0.04872791935195721,-0.10528569792629194,-0.14198601165075547,0.17512891006117332,0.47618735725832567,-0.34781232392606914,1.0
C377094,38.72723,-105.14446,0.6851505496171302,0.8556556896303108,-0.5317778973261363,2.2813289080796393,1.5073340353959013,-0.04071534719616134,0.4331711695202948,3.1511191767297766,-0.14825033104256244,-0.13040497415444646,-0.4453755954097093,-0.2339636201248398,-0.33008275997496106,-0.046617332184153246,-0.009051489099354723,-0.07396148677451866,-0.13549678186947786,-0.011473978805102154,0.05084050946935871,2.129324911240152,1.0
C377095,38.73333,-105.15,0.5222256715559163,0.9136887769325055,-0.441777901038105,0.6266399957691889,-0.48309989167241163,-0.04669516521904199,-0.07584596090004486,0.4820474303054901,-0.14825033104256244,-0.18072043055968945,-0.44604027020996967,-0.23409017464507872,-0.3302424026200092,-0.054718078350030945,-0.04872791935195721,-0.10379083318586026,-0.1446898573929545,-0.20441774253576564,-0.0565542792136765,-0.40285981804087406,1.0
C377096,38.71611,-105.14387,1.9527061009333748,-0.4597609558861024,-0.7000985010709279,5.006698881296852,-0.46770993862806903,-0.20217043381393962,-0.08998532563394321,1.041691506168647,-0.14825033104256244,-0.18072043055968945,-0.4462215451554952,-0.23405220828900702,-0.33175286764623396,-0.054456763957583275,-0.046838565530404705,-0.10100494889687389,-0.13982293505699628,-0.08466579152546652,0.005872248198137066,-0.045051106294642096,1.0
C377097,38.73333,-105.15,3.5395944132495982,0.7589338774599863,-0.8787244479021353,0.1886341072164227,-0.47283992297618327,-0.20815025183682032,-0.13240341983563816,-0.03454710126050093,-0.14825033104256244,-0.18072043055968945,-0.44605034104027663,-0.23428000642543712,-0.33170374683237297,-0.05467452595128967,-0.04872791935195721,-0.10331519440481379,-0.1446898573929545,-0.21347613519917708,-0.06766408493950772,-0.3936852356884066,1.0
C377098,38.73333,-105.15,2.17754243265785,-0.3050060564135832,-0.7475030792684406,1.2106478471728774,-0.19582076817801594,-0.18423097974529762,0.05140832170504003,1.3430383162488087,-0.14825033104256244,-0.18072043055968945,-0.44605034104027663,-0.23379909924852918,-0.32816704823438336,-0.05328084919156877,-0.04117050406574721,-0.09482164474327007,-0.13820062761167687,-0.08720214147122171,0.11062184504168862,-0.1092731827619145,1.0
C377099,38.71611,-105.14387,0.8839189008518112,-0.2469729691113885,-0.8464343728980324,3.2546753270857867,-0.5549196725460106,-0.19619061579105898,-0.0334278666983499,0.05155198733383086,-0.14825033104256244,-0.18072043055968945,-0.4462215451554952,-0.23362192292019468,-0.3315318239838596,-0.05454386875506583,-0.046838565530404705,-0.10168443286979739,0.16895624870213105,1.046546284281353,0.30636604116347693,-0.30652670333996546,1.0
C377100,38.71611,-105.14387,1.421570998453817,-0.13090679450699907,-0.7619305595894227,3.206008006135479,-0.05731119077893229,-0.14237225358513286,-0.06170659616614655,0.8264437846828174,-0.003959735693681493,-0.17480096510024912,-0.4459496327372069,-0.23331819207162124,-0.33134762093188097,-0.04648667498792941,-0.04589388861962846,-0.10012161973207336,-0.11494755422876535,0.3726018701235425,0.129138187918074,0.042107426053799024,1.0
C377101,38.7297,-105.15947,1.405278510647696,-0.5564827680564269,-0.8340679611943335,4.276689067042241,-0.5497896881978963,-0.22010988788258168,-0.06170659616614655,1.2138896833573107,-0.14137935031166335,-0.17539291164619314,-0.44605034104027663,-0.23076179076279485,-0.3319002300878168,-0.05458742115380711,-0.046838565530404705,-0.10080110370499686,-0.08358294361925679,-0.020532371468513586,0.15347395284132337,-0.1413842209955507,1.0
C377105,38.73333,-105.15,-0.2793647285052564,-0.517794043188297,-0.8148313207663573,-0.2007044603860362,-0.5446597038497821,-0.17227134369953626,-0.14654278456953648,0.008502443036664904,-0.13679869649106394,-0.18072043055968945,-0.4334819448171716,0.0492653961698862,0.2378029690716776,-0.054195449565135605,-0.04589388861962846,-0.10080110370499686,-0.14198601165075547,-0.18811263574162507,-0.04544447348784526,-0.24230462687269305,0.0
C377106,38.72723,-105.14446,2.0472025302088785,-0.47910531832016734,-0.7014725468157834,5.201368165098081,-0.4882298760205258,-0.22010988788258168,0.008990227503345067,1.2569392276544766,-0.14825033104256244,-0.17065733927864085,-0.44599998688874176,-0.23347005749590796,-0.3307090503516884,-0.054413211558841997,-0.046838565530404705,-0.09801521941601052,-0.13495601272103805,0.006642806521720708,0.18045490960405636,0.05128200840626651,1.0
C377107,38.72723,-105.14446,2.1058554863109156,-0.47910531832016734,-0.7282664388404644,3.7900158575391676,-0.48309989167241163,-0.22010988788258168,0.0372689569711417,1.6874346706261358,-0.14825033104256244,-0.18072043055968945,-0.4460805535311976,-0.23397627557686368,-0.3315318239838596,-0.054456763957583275,-0.046838565530404705,-0.09679214826474822,-0.13982293505699628,0.084544983427059,0.20584875126309915,-0.03587652394217461,1.0
C377108,38.7342,-105.12477,0.10187948615798421,-0.4984496807542321,-0.8251366638527731,1.4053171309741066,-0.5549196725460106,-0.20217043381393962,-0.08998532563394321,0.09460153163099681,-0.14825033104256244,-0.18072043055968945,-0.44563743699769065,-0.22259902420738384,-0.3282775700655705,-0.05463097355254839,-0.04872791935195721,-0.10236391684272089,-0.012742185173642645,0.16607051739776188,0.09157646379740655,-0.1734952592291869,1.0
C377746,44.35607,-103.76501,-0.08059637727057528,-0.03418498233667458,0.869061739553986,-0.5413757070381877,0.6814065553495139,-0.0048364390588772725,-0.14654278456953648,0.7403446960884855,-0.14344064453093305,5.740527445044622,-0.4459697743978208,-0.23548227436770694,-0.33016872139921777,-0.05375992557772283,-0.04400453479807596,-0.07137944767740935,-0.17064677651806504,-0.20459891038903388,-0.06396081636423065,-0.11844776511438199,0.0
C377748,37.9142,-107.70344,1.7637132423823665,-0.150251156941064,-0.6904801808569399,2.135326945228717,-0.4574499699318406,-0.028755711150399973,-0.16068214930343483,0.4820474303054901,-0.13542450034488412,-0.17420901855430507,-0.42099411523652236,0.39855727817660813,0.28201306599995485,-0.05393413517268794,-0.04494921170885221,-0.04318086280108416,-0.17064677651806504,-0.1288707477229143,0.0593051233557063,-0.260653791577628,1.0
C377750,46.0166,-112.52309,-0.895220767576645,-0.5564827680564269,0.12020680860777055,-0.6387103489388025,-0.5703096255903531,-0.22010988788258168,-0.18896087877123147,-0.6802902657179898,-0.10587928320201803,-0.14638753089493542,0.05737144331475449,-0.23168563876053905,0.09658062922139769,-0.05463097355254839,-0.04872791935195721,-0.10426647196690669,-0.17064677651806504,-0.15514008644680746,-0.0650188931000241,-0.46708189450814647,0.0
C377755,61.515,-142.8367,-0.895220767576645,-0.5564827680564269,0.8140999097597683,-0.6387103489388025,-0.5549196725460106,-0.08257407335632608,-0.18896087877123147,-0.6802902657179898,-0.1370277291820939,-0.05226803008983379,0.05737144331475449,-0.04438494880692221,0.28201306599995485,-0.05315019199534494,-0.04872791935195721,-0.08388195277920174,-0.17064677651806504,-0.20822226745439842,-0.0692512000431979,-0.3845106533359391,0.0
C377756,39.24777,-106.27394,-0.8561187968419538,0.8750000520643756,-0.8684191048157195,-0.6387103489388025,1.2816147240788764,-0.1543318896308942,2.8934206332186028,-0.5941911771236579,0.05329843706381094,-0.13158886724633453,-0.44542594956124415,0.39855727817660813,-0.31124492785928026,-0.054413211558841997,-0.04872791935195721,-0.10528569792629194,-0.17064677651806504,0.41245879784255285,-0.06396081636423065,0.25771011133678495,0.0
C377757,46.0166,-112.52309,-0.895220767576645,-0.5564827680564269,-0.09964051056910013,-0.6387103489388025,-0.5703096255903531,-0.22010988788258168,-0.18896087877123147,-0.6802902657179898,0.049404881316301455,-0.1665137134570326,0.05737144331475449,-0.23168563876053905,-0.3299722381437739,-0.05515360233744372,-0.04872791935195721,-0.10392672998044494,-0.17064677651806504,0.23310262310700652,-0.0692512000431979,-0.46708189450814647,0.0
C377765,40.6127,-117.04094,0.5482936520457105,2.2291054224489186,0.5599014469615118,-0.6387103489388025,-0.4984898447167543,-0.11845298149361014,-0.10412469036784153,-0.16369573415199873,-0.14573097144123276,-0.18072043055968945,-0.44090414675341233,-0.23548227436770694,-0.3315318239838596,-0.05188717243184788,-0.04589388861962846,-0.09658830307287115,-0.17064677651806504,-0.1382914760928622,-0.0523219722705027,-0.2468919180489268,0.0
C377766,34.18534,-112.35602,-0.7876903480562439,-0.13090679450699907,-0.9268160489720757,-0.6387103489388025,-0.4061501264506985,0.5572664550919065,-0.08998532563394321,-0.6802902657179898,-0.1461890368232927,0.4425992823193797,-0.3840341680099234,0.39855727817660813,0.28201306599995485,-0.05463097355254839,-0.03928115024419471,-0.054732090340783635,5.264143250162035,0.028382948913908163,-0.06819312330740444,-0.017527359237239637,0.0
C377767,34.584346,-113.21008,-0.7909488456174681,-0.5564827680564269,0.6011228193071748,-0.4927083860878804,-0.5549196725460106,-0.22010988788258168,-0.18896087877123147,-0.6802902657179898,-0.14206644838475324,-0.17539291164619314,0.05737144331475449,-0.23548227436770694,-0.33131078032148525,-0.05397768757142922,-0.04872791935195721,1.362739425574927,-0.08953140425209462,-0.20514241394883856,-0.06607696983581755,-0.3523996151023029,0.0
C377768,33.089,-109.35375,-0.8170168261072625,-0.5564827680564269,0.6629548778256699,-0.6387103489388025,-0.5703096255903531,-0.22010988788258168,-0.16068214930343483,-0.5511416328264921,-0.13061481383325477,-0.18072043055968945,0.05737144331475449,-0.23548227436770694,-0.3283389710828967,-0.05406479236891178,-0.04872791935195721,-0.09821906460788755,-0.17064677651806504,-0.19753336411157296,-0.06766408493950772,-0.3936852356884066,0.0
C377769,40.6127,-117.04094,-0.6312824651174784,-0.5564827680564269,0.800359452311214,-0.444041065137573,-0.5446597038497821,-0.22010988788258168,-0.18896087877123147,-0.5511416328264921,-0.14023418685651348,-0.14993921017059963,0.0412569958536388,-0.23168563876053905,-0.33015644119575255,-0.052104934425554264,-0.043059857887299706,0.1614117614461813,-0.17064677651806504,-0.11836301223335703,-0.058670432685263396,-0.31570128569243294,0.0
C377770,32.1104,-110.07483,-0.6312824651174784,-0.11156243207293416,0.49119915971873973,-0.444041065137573,-0.052181206430818076,0.019082833032645463,-0.18896087877123147,-0.5511416328264921,-0.1409212849296034,-0.18072043055968945,-0.20145001454446326,-0.23548227436770694,0.28201306599995485,-0.05371637317898155,-0.046838565530404705,-0.1007331553077045,-0.17064677651806504,-0.16582898978963295,-0.062373701260540475,-0.3661614886310041,0.0
C377771,34.75194,-112.12384,-0.882186777331748,-0.5564827680564269,1.240054090664955,-0.6387103489388025,-0.5703096255903531,-0.22010988788258168,-0.14654278456953648,-0.6802902657179898,-0.14412774260402297,-0.1765768047380812,0.05737144331475449,-0.23548227436770694,-0.327540757857656,-0.05467452595128967,-0.04872791935195721,-0.017292523432698863,-0.17064677651806504,-0.21021511384034894,-0.0692512000431979,-0.35698690627853663,0.0
C377772,64.84878,13.83662,-0.8170168261072625,-0.4984496807542321,2.4766952610348527,-0.4927083860878804,-0.25225059600727223,-0.20217043381393962,-0.18896087877123147,-0.6802902657179898,-0.1416083830026933,-0.17716875128402526,-0.20648542969795083,-0.23548227436770694,-0.3145605827948955,-0.05450031635632455,-0.04872791935195721,0.12879653074585337,-0.17064677651806504,-0.20985277813381248,-0.0692512000431979,-0.2698283739300955,0.0
C377774,55.72227,-97.85987,-0.7681393626888983,-0.5564827680564269,1.7621914737100226,-0.5413757070381877,-0.5087498134129826,-0.22010988788258168,-0.18896087877123147,-0.5511416328264921,-0.1461890368232927,-0.16769760654892069,-0.4302592791189395,-0.23548227436770694,-0.3294319091913033,0.38059298617606635,0.026846233510142762,0.39583373210478834,-0.17064677651806504,-0.20749759604132553,-0.06607696983581755,-0.16890796805295316,0.0
C377775,54.75781,-101.88396,0.39188576910694506,-0.5564827680564269,-0.01719776587777358,-0.6387103489388025,1.7330533467129268,-0.19021079776817829,-0.13240341983563816,-0.3358939113406624,-0.14137935031166335,-0.17420901855430507,-0.20346418060585827,-0.2152335511294781,-0.17603988770696877,-0.05227914402051938,-0.04872791935195721,-0.026805299053627843,-0.17064677651806504,-0.19517818201908596,-0.0650188931000241,-0.3661614886310041,0.0
C377776,54.4,40.7,-0.660608943168497,-0.5564827680564269,-0.5901748414824927,-0.444041065137573,-0.5446597038497821,-0.22010988788258168,-0.14654278456953648,-0.5080920885293261,-0.0841211775541709,-0.1712492858245849,0.05737144331475449,-0.22662345795098182,-0.33010732038189156,-0.054108344767653055,-0.04872791935195721,-0.1007331553077045,-0.10034678722089067,-0.18883730715469796,-0.0629027396284372,-0.2468919180489268,0.0
C377777,-29.59659,17.8849,-0.4683575870562645,-0.4404165934520375,0.12020680860777055,-0.6387103489388025,5.796000950419381,-0.034735529173280655,-0.14654278456953648,0.1807006202253286,-0.14504387336814284,-0.18072043055968945,0.029171999485268572,-0.23548227436770694,-0.32654606137697145,-0.03246280259323791,0.20727952346840642,-0.02408736316193385,-0.17064677651806504,-0.21148328881322656,-0.06819312330740444,0.702677355431458,1.0
C377778,54.85564,-99.94055,-0.823533821229711,-0.40172786858390763,1.3774586651504994,-0.6387103489388025,-0.41128011079881266,-0.20217043381393962,-0.18896087877123147,-0.6802902657179898,-0.13931805609239362,-0.18072043055968945,0.05737144331475449,-0.23548227436770694,-0.26101889568644154,-0.05432610676135944,-0.04872791935195721,-0.03495910672870983,-0.17064677651806504,-0.2080410996011302,-0.0692512000431979,-0.32487586804490043,0.0
C377779,36.29306,136.59167,-0.6508334504848242,-0.5564827680564269,0.2988327554389779,-0.3953737441872657,-0.5343997351535537,-0.22010988788258168,-0.18896087877123147,-0.5941911771236579,-0.13977612147445354,-0.18072043055968945,0.05737144331475449,-0.23168563876053905,-0.15884760285563035,-0.05393413517268794,-0.04872791935195721,-0.1007331553077045,-0.17064677651806504,-0.21148328881322656,-0.067135046571611,-0.3523996151023029,0.0
C377780,40.17847,140.31861,-0.8430848065970566,-0.5564827680564269,0.8896724257268177,-0.6387103489388025,-0.5703096255903531,-0.22010988788258168,-0.16068214930343483,-0.6802902657179898,-0.14229548107578321,-0.1511231032624877,0.002987840687133083,-0.23042009355814974,-0.32545312326856496,-0.053847030375205385,-0.04589388861962846,-0.09278319282449957,-0.1057544787052887,-0.03774331752899529,-0.067135046571611,-0.32487586804490043,0.0
C377781,46.52499,-81.00808,-0.8333093139133837,-0.5564827680564269,1.3568479789776675,-0.6387103489388025,-0.5446597038497821,-0.20217043381393962,-0.18896087877123147,-0.5941911771236579,-0.1264922253947153,-0.18072043055968945,0.05737144331475449,-0.23042009355814974,-0.31787623773051077,0.38059298617606635,-0.04872791935195721,0.825947086965363,-0.17064677651806504,-0.21075861740015364,-0.06766408493950772,-0.34781232392606914,0.0
C377783,-29.59659,17.8849,-0.8365678114746081,-0.4984496807542321,1.8446342184013493,-0.6387103489388025,-0.37024023601389905,-0.20217043381393962,-0.0334278666983499,-0.5080920885293261,-0.14573097144123276,-0.18072043055968945,-0.2850379060923573,-0.23548227436770694,-0.33128621991455476,0.12232242253326393,-0.04589388861962846,0.7104348115683683,-0.17064677651806504,-0.19862037123118234,-0.04174120491256819,-0.26524108275386177,0.0
C377784,39.7985,140.99862,-0.048011401658332606,-0.5564827680564269,0.06524497881355285,-0.6387103489388025,1.343174536256247,-0.028755711150399973,-0.18896087877123147,-0.6802902657179898,-0.136340631109004,-0.18072043055968945,0.05737144331475449,-0.23548227436770694,0.28201306599995485,-0.05436965916010072,-0.04872791935195721,-0.1007331553077045,-0.17064677651806504,-0.21347613519917708,-0.0692512000431979,-0.02211465041347338,0.0
C377785,14.1996,122.74,-0.8756697822092995,-0.5564827680564269,0.058374750089275666,-0.6387103489388025,-0.5703096255903531,0.24631591790211124,-0.18896087877123147,-0.6802902657179898,-0.12672125808574528,-0.16355398072731245,-0.049380476909137896,-0.22662345795098182,0.28201306599995485,-0.05423900196387688,-0.04872791935195721,-0.10270365882918264,-0.17064677651806504,-0.1105727945428232,-0.067135046571611,-0.3936852356884066,0.0
C377786,48.69,-81.36978,-0.8496018017195052,-0.5564827680564269,0.9308937980724808,-0.6387103489388025,-0.5549196725460106,-0.22010988788258168,-0.18896087877123147,-0.6802902657179898,0.12200824437280186,-0.025630435522352203,0.05737144331475449,-0.23548227436770694,-0.2838600741317912,-0.05389058277394666,-0.04872791935195721,1.4442775023257468,-0.06790063831450252,-0.21347613519917708,-0.06819312330740444,-0.3845106533359391,0.0
C377787,36.34862,137.29875,-0.7127449041480853,2.3064828721851782,0.15455795222915658,-0.6387103489388025,1.3123946301675615,0.5991251812520713,-0.18896087877123147,-0.5080920885293261,-0.1303857811422248,-0.1765768047380812,-0.1833225199919079,-0.20764027991514228,-0.2301955849886848,-0.05332440159031005,-0.04400453479807596,-0.08612424988984928,-0.17064677651806504,-0.20985277813381248,-0.06766408493950772,-0.2881775386350305,0.0
C377788,34.26667,132.00833,-0.8756697822092995,-0.5564827680564269,2.504939458343228,-0.6387103489388025,-0.539529719501668,-0.22010988788258168,-0.18896087877123147,-0.6802902657179898,-0.12397286579338564,-0.17361707200836105,-0.25381833214073424,-0.2114369155223102,-0.22687993005306956,-0.05515360233744372,-0.04872791935195721,0.11180943142276589,-0.17064677651806504,-0.20387423897596094,-0.0692512000431979,-0.27441566510632925,0.0
C377789,-11.5942,-76.1248,-0.8887037724541966,-0.5564827680564269,1.4461609523932715,-0.6387103489388025,-0.5292697508054395,-0.22010988788258168,-0.18896087877123147,-0.5511416328264921,-0.1333632061256144,2.1414858691787613,0.05737144331475449,-0.22662345795098182,-0.25598401226569245,-0.038908557606947045,-0.03928115024419471,-0.08367810758732469,-0.17064677651806504,-0.1895619785677709,-0.0629027396284372,-0.29735212098749797,0.0
C377790,22.58828,-83.93491,-0.3673441626583119,-0.4210722310179726,0.05150452136499849,-0.6387103489388025,-0.13939094034875965,-0.1603117076537749,-0.18896087877123147,-0.42199299993499423,-0.13840192532827372,-0.16769760654892069,0.05737144331475449,-0.23548227436770694,-0.3251461181819339,-0.05332440159031005,-0.04589388861962846,0.056771229615962496,-0.17064677651806504,-0.2067729246282526,-0.06078658615685029,-0.33863774157360166,0.0
C377791,22.58828,-83.93491,-0.05778689434200538,-0.2469729691113885,0.869061739553986,-0.5413757070381877,0.41977735359568913,-0.1603117076537749,-0.18896087877123147,-0.5080920885293261,-0.12534706193956546,-0.18072043055968945,0.05737144331475449,-0.23548227436770694,-0.3184902479037729,-0.05053704807086826,-0.04872791935195721,0.17432195693172778,-0.17064677651806504,-0.20641058892171615,-0.062373701260540475,-0.24230462687269305,0.0
C377798,14.63,121.15,-0.8496018017195052,-0.2663173315454534,2.428603659964912,-0.6387103489388025,-0.5241397664573253,-0.19021079776817829,-0.18896087877123147,-0.6802902657179898,-0.14504387336814284,-0.17539291164619314,-0.3152503970132829,-0.23548227436770694,-0.3303897650615921,-0.04679154177911835,-0.04872791935195721,0.24159087025115414,-0.17064677651806504,-0.21347613519917708,-0.0692512000431979,-0.008352776884772152,0.0
C377799,55.72227,-97.85987,-0.4683575870562645,-0.5564827680564269,2.0507410801296655,-0.298039102286651,-0.3394603299252138,-0.20217043381393962,-0.18896087877123147,-0.37894345563782833,-0.1461890368232927,-0.17480096510024912,-0.43126636214963704,-0.23548227436770694,-0.329824875702191,0.38059298617606635,0.02968026424247151,0.859921285611538,-0.17064677651806504,-0.19535934987235423,-0.058141394317366674,-0.06340027099957707,0.0
C377800,-31.52961,145.84865,-0.7062279090256369,-0.5564827680564269,0.7728785374141051,-0.6387103489388025,-0.49335986036864005,-0.20815025183682032,-0.14654278456953648,-0.5941911771236579,-0.13748579456415386,-0.1765768047380812,0.05737144331475449,-0.23548227436770694,-0.31235014617115203,-0.052714668007932154,-0.04872791935195721,0.0010535438362356026,-0.17064677651806504,-0.20622942106844794,-0.0650188931000241,-0.31570128569243294,0.0
C377801,23.11602,97.29988,-0.8789282797705237,0.5848346155534021,0.12020680860777055,-0.6387103489388025,0.3274376353296334,-0.0048364390588772725,-0.18896087877123147,-0.6802902657179898,-0.12992771576016485,-0.03865325953312098,0.05737144331475449,0.003705768883871297,-0.2775971703645179,-0.012864223159662829,-0.04872791935195721,0.294590620139187,-0.17064677651806504,-0.2091281067207396,-0.0692512000431979,-0.3982725268646403,0.0
C377802,-20.72694,139.47694,-0.7127449041480853,1.1651654885753493,0.0446342926407213,-0.444041065137573,1.8972128458525812,-0.11247316347072946,-0.18896087877123147,-0.5511416328264921,-0.1326761080525245,-0.1765768047380812,0.05737144331475449,-0.23548227436770694,-0.3078064708890126,-0.05436965916010072,-0.04872791935195721,-0.08123196528480009,-0.17064677651806504,-0.19101132139391672,-0.06660600820371428,-0.3661614886310041,0.0
C377803,33.85278,133.31389,0.18985892031103976,-0.5564827680564269,1.1438708885250743,-0.6387103489388025,0.2812677761966055,-0.19021079776817829,-0.16068214930343483,0.6111960631969877,-0.14115031762063338,-0.1759848581921372,0.05737144331475449,-0.23548227436770694,-0.301175161017782,-0.0530195347991211,-0.043059857887299706,0.5813328567129035,-0.17064677651806504,-0.14119016174515386,-0.0692512000431979,0.23477365545561624,0.0
C377805,-20.72361,139.47833,-0.7062279090256369,-0.07287370720480442,0.1408174947806021,-0.5413757070381877,0.41977735359568913,-0.18423097974529762,-0.14654278456953648,-0.5511416328264921,-0.14458580798608292,-0.16355398072731245,0.05737144331475449,-0.23168563876053905,-0.3305985285205012,-0.052104934425554264,-0.046838565530404705,0.06016864948057999,-0.17064677651806504,-0.1908301535406485,-0.06343177799633393,-0.3661614886310041,0.0
C377806,-29.59659,17.8849,0.6199805983926445,-0.1695955193751289,0.2850922979904235,-0.3953737441872657,-0.4779699073242974,-0.19021079776817829,-0.019288501964451584,2.634524645163786,-0.13885999071033367,-0.18072043055968945,0.05737144331475449,-0.23548227436770694,-0.32763899948537795,-0.031940173808342576,0.013620756759275267,-0.07063201530719351,-0.17064677651806504,-0.18159059302396882,-0.030631399186736963,2.918338993552356,1.0
C377807,46.42916,-81.35118,-0.6508334504848242,-0.3243504188476481,1.8515044471256266,-0.6387103489388025,0.18379807358243552,-0.18423097974529762,-0.18896087877123147,-0.2928443670434965,-0.14366967722196303,-0.18072043055968945,0.05737144331475449,-0.23548227436770694,-0.3231076044067038,0.38059298617606635,-0.01283019674245972,0.6288967348175484,-0.17064677651806504,-0.21057744954688543,-0.06607696983581755,-0.003765485708538409,0.0
C377808,50.75001,-94.41696,-0.08059637727057528,0.623523340421532,0.9721151704181441,-0.5413757070381877,2.399951311967774,-0.17825116172241692,0.6028435463270747,2.160979657894961,-0.1461890368232927,-0.18072043055968945,-0.4245189058439637,-0.23548227436770694,-0.32530576082698204,0.38059298617606635,-0.04211518097652346,0.846331606153068,-0.17064677651806504,-0.20930927457400783,-0.058141394317366674,3.8082734817417023,1.0
C377809,-20.72361,139.47833,-0.8724112846480752,0.10122555470177966,0.9102831118996492,-0.6387103489388025,0.3376976040258618,-0.18423097974529762,-0.18896087877123147,-0.6802902657179898,-0.1356535330359141,-0.17420901855430507,0.05737144331475449,-0.23548227436770694,-0.33084413258980605,-0.05423900196387688,-0.04872791935195721,-0.05296543201118255,-0.17064677651806504,-0.21148328881322656,-0.06819312330740444,-0.37074877980723786,0.0
C377810,31.40181,-109.86121,-0.7876903480562439,0.043192467399584995,1.7690617024343,-0.6387103489388025,-0.26251056470350065,-0.11247316347072946,-0.13240341983563816,-0.6802902657179898,-0.13679869649106394,-0.17420901855430507,-0.429252196088242,-0.219030186736646,-0.32077436574830787,-0.05423900196387688,-0.04589388861962846,-0.10236391684272089,-0.17064677651806504,-0.011473978805102154,-0.06448985473212737,-0.05422568864710958,0.0
C377811,31.40181,-109.86121,-0.5661125138929929,-0.517794043188297,1.5973059843273698,-0.3467064232369583,-0.3907601734063558,-0.20217043381393962,-0.13240341983563816,-0.3358939113406624,-0.11389542738806696,-0.1759848581921372,0.05737144331475449,-0.2114369155223102,-0.3284126523036882,-0.05432610676135944,-0.04589388861962846,-0.0999177745401963,-0.17064677651806504,3.755005690641371,-0.05390908737419287,0.6705663171978218,0.0
C377812,31.42454,-109.89065,-0.869152787086851,-0.4597609558861024,0.35379458523319557,-0.6387103489388025,-0.5703096255903531,-0.17825116172241692,-0.18896087877123147,-0.5941911771236579,-0.026633972105648496,-0.1712492858245849,0.05737144331475449,-0.2240923675462032,-0.19077613186525885,-0.05454386875506583,-0.04872791935195721,-0.10528569792629194,-0.17064677651806504,1.1371302109154673,-0.067135046571611,-0.27441566510632925,0.0
C377813,33.30306,-111.09944,-0.859377294403178,-0.5564827680564269,-0.25353363399290946,-0.6387103489388025,-0.5703096255903531,-0.22010988788258168,-0.18896087877123147,-0.6802902657179898,-0.08984699482992015,4.580305638468187,0.05737144331475449,-0.22535791274859251,-0.1613036435486787,-0.054413211558841997,-0.04872791935195721,-0.07382558997993395,-0.17064677651806504,-0.21057744954688543,-0.0692512000431979,-0.38909794451217283,0.0
C377814,32.7507,-110.47708,-0.6280239675562542,-0.2856616939795183,-0.14773211163904051,-0.3953737441872657,-0.42154007949504113,0.270235189993634,-0.019288501964451584,-0.24979482274633058,-0.11412446007909693,1.5140225304780837,0.05737144331475449,-0.22662345795098182,-0.30964850140879885,-0.05397768757142922,-0.046838565530404705,-0.04583085029548581,-0.06790063831450252,3.356436413451268,-0.03856697470518784,-0.24230462687269305,0.0
C377815,31.42454,-109.89065,-0.8202753236684867,1.726151999163231,1.0614281438337478,-0.6387103489388025,-0.2676405490516149,0.15063882953602037,-0.18896087877123147,-0.6802902657179898,-0.13313417343458442,-0.17243317891647297,0.05737144331475449,-0.23042009355814974,-0.30289438950291586,-0.05515360233744372,-0.04872791935195721,-0.1031792976102291,-0.17064677651806504,-0.18467044652952874,-0.0692512000431979,-0.1734952592291869,0.0
C377816,31.42454,-109.89065,-0.7160034017093098,-0.150251156941064,-0.18895348398470374,-0.444041065137573,-0.5549196725460106,-0.16629152567665556,-0.18896087877123147,-0.5941911771236579,0.38081518523666763,-0.14993921017059963,0.05737144331475449,-0.22915454835576043,-0.2890177595871927,-0.05450031635632455,-0.04494921170885221,-0.10528569792629194,-0.17064677651806504,0.044688055708048714,-0.06396081636423065,0.23936094663184998,0.0
C377817,33.30306,-111.09944,-0.6052144846276843,-0.5564827680564269,-0.6362053739351499,-0.6387103489388025,-0.5497896881978963,-0.17227134369953626,-0.0334278666983499,-0.6802902657179898,-0.1386309580193037,-0.1665137134570326,-0.4075999109282454,-0.16840837864107389,0.28201306599995485,-0.054195449565135605,-0.046838565530404705,-0.09346267679742307,-0.17064677651806504,-0.12705906919023202,-0.06607696983581755,-0.2698283739300955,0.0
C377818,31.43094,-109.89375,-0.8887037724541966,0.6041789779874671,0.9377640267967581,-0.6387103489388025,-0.539529719501668,0.025062651055526144,-0.18896087877123147,-0.6802902657179898,-0.0057919972219212515,-0.06884253337626678,0.05737144331475449,-0.19371928268885996,-0.3203445586270244,-0.05436965916010072,-0.04872791935195721,-0.10528569792629194,-0.17064677651806504,-0.03774331752899529,-0.06766408493950772,-0.279002956282563,0.0
C377819,31.43094,-109.89375,-0.7290373919542069,0.043192467399584995,0.8896724257268177,-0.6387103489388025,-0.12400098730441701,0.06692137721569086,-0.13240341983563816,-0.5080920885293261,-0.1370277291820939,-0.16769760654892069,-0.3503975947846263,-0.08614794048576921,0.28201306599995485,-0.054195449565135605,-0.04494921170885221,-0.10358698799398319,-0.17064677651806504,-0.18376460726318758,-0.06448985473212737,-0.1734952592291869,0.0
C377820,31.40181,-109.86121,-0.1522833236175095,-0.5564827680564269,-0.7880374287416761,-0.05470249753511411,-0.5241397664573253,0.013103015009764778,-0.18896087877123147,-0.37894345563782833,-0.13679869649106394,-0.17539291164619314,-0.4435527751241468,0.39855727817660813,0.28201306599995485,-0.05375992557772283,-0.04494921170885221,-0.10202417485625914,-0.17064677651806504,3.374553198778091,-0.057612355949469944,0.12926595840224014,0.0
C377821,31.40181,-109.86121,-0.5498200260868715,0.8363113271962458,-0.12712142546620886,-0.6387103489388025,0.537766993602316,-0.07061443731056473,0.23522006324571823,-0.24979482274633058,-0.14412774260402297,-0.17716875128402526,-0.36510100703281007,-0.23548227436770694,-0.33099149503138897,-0.054413211558841997,-0.046838565530404705,-0.1024998136373056,-0.17064677651806504,0.6479770070912501,-0.054967164109986325,-0.2927648298112642,0.0
C377823,31.43094,-109.89375,-0.8854452748929722,0.7976226023281161,1.0682983725580248,-0.6387103489388025,-0.4984898447167543,0.14465901151313967,-0.18896087877123147,-0.6802902657179898,-0.12969868306913487,-0.18072043055968945,0.05737144331475449,-0.20764027991514228,-0.28435128227040085,-0.05454386875506583,-0.04872791935195721,-0.104130575172322,-0.17064677651806504,-0.13539279044057054,-0.06766408493950772,-0.32946315922113417,0.0
C377824,31.44097,-109.91509,-0.8561187968419538,-0.4984496807542321,1.72097010136436,-0.6387103489388025,-0.519009782109211,-0.22010988788258168,-0.08998532563394321,-0.4650425442321601,-0.14206644838475324,-0.1765768047380812,0.05737144331475449,-0.23548227436770694,-0.3295424310224904,-0.05450031635632455,-0.046838565530404705,-0.10080110370499686,-0.17064677651806504,-0.11908768364642995,-0.06607696983581755,-0.2377173356964593,0.0
C377825,31.43094,-109.89375,-0.8528602992807295,-0.343694781281713,1.1782220321464603,-0.6387103489388025,-0.5600496568941248,0.031042469078406795,-0.14654278456953648,-0.6802902657179898,-0.12351480041132569,-0.04457272499256133,-0.3374062236886283,-0.2240923675462032,0.28201306599995485,-0.05515360233744372,-0.04589388861962846,-0.10528569792629194,-0.17064677651806504,0.6425419714932032,0.006401286566033789,-0.017527359237239637,0.0
C377826,32.58927,-112.05461,-0.8789282797705237,2.5966483086961514,-0.926129026099648,-0.6387103489388025,-0.44206001688749796,-0.22010988788258168,-0.18896087877123147,-0.6802902657179898,2.144392353989735,-0.17420901855430507,-0.041323812663557745,0.39855727817660813,-0.2285991585382034,-0.05515360233744372,-0.04872791935195721,-0.10351903959669086,-0.17064677651806504,-0.21003394598708072,-0.06819312330740444,-0.46708189450814647,0.0
C377827,31.40181,-109.86121,-0.8137583285460382,0.06253682983364992,0.33318389906036394,-0.5413757070381877,-0.5497896881978963,-0.10051352742496811,-0.14654278456953648,-0.5941911771236579,-0.0364823778199372,-0.13869222579766297,0.05737144331475449,-0.18739155667691343,-0.28275485581991944,-0.05515360233744372,-0.04872791935195721,-0.10447031715878376,-0.17064677651806504,-0.14517585451705486,-0.04385735838415509,-0.3111139945161992,0.0
C377828,31.40181,-109.86121,-0.6964524163419641,-0.4597609558861024,1.89272581947129,-0.5413757070381877,-0.15991087774121646,-0.028755711150399973,-0.16068214930343483,-0.07759664555766689,-0.12443093117544557,-0.17480096510024912,0.05737144331475449,-0.20510918951036367,-0.25733483464686907,-0.05306308719786238,-0.028889704225655965,-0.08415374636837114,-0.17064677651806504,-0.12271104071179453,-0.06607696983581755,0.6751536083740556,0.0
C377829,31.42454,-109.89065,1.4574144716272845,3.1382904568499685,-0.9034572713095332,-0.6387103489388025,-0.4779699073242974,3.062810206678911,-0.11826405510173986,-0.6802902657179898,-0.11755995044454648,-0.1759848581921372,0.05737144331475449,-0.22662345795098182,0.04500377466738242,-0.054195449565135605,-0.04872791935195721,-0.10358698799398319,-0.17064677651806504,-0.14390767954417727,-0.061844662892643745,-0.37992336215970535,0.0
C377830,33.30306,-111.09944,-0.859377294403178,-0.5564827680564269,-0.47406797604220785,-0.6387103489388025,-0.5703096255903531,-0.22010988788258168,-0.18896087877123147,-0.6802902657179898,-0.1251180292485355,1.7093648906396153,0.05737144331475449,-0.23548227436770694,-0.3311142970660414,-0.05436965916010072,-0.04872791935195721,-0.10358698799398319,-0.17064677651806504,-0.21130212095995832,-0.0692512000431979,-0.38909794451217283,0.0
C377831,31.40181,-109.86121,-0.7290373919542069,-0.5564827680564269,-0.6863580436223735,-0.5413757070381877,-0.5549196725460106,-0.17825116172241692,-0.18896087877123147,-0.6802902657179898,-0.12236963695617585,-0.15053115671654366,-0.3815164604331796,-0.08867903089054781,0.19605027728985575,-0.0540212399701705,-0.04872791935195721,-0.08462938514941758,-0.17064677651806504,-0.17543088601284904,-0.06819312330740444,-0.40285981804087406,0.0
C377832,47.47237,-115.77932,-0.8007243383011411,-0.4404165934520375,-0.01719776587777358,-0.5413757070381877,-0.3497202986214422,0.5632462731147871,-0.16068214930343483,-0.5941911771236579,0.027646775668454332,-0.1759848581921372,-0.4400984803288543,0.39855727817660813,0.28201306599995485,-0.054195449565135605,-0.04872791935195721,-0.08626014668443398,-0.17064677651806504,-0.20930927457400783,-0.06448985473212737,-0.3936852356884066,0.0
C377833,48.69,-81.36978,-0.895220767576645,-0.5564827680564269,0.09959612243493889,-0.6387103489388025,-0.5703096255903531,-0.20815025183682032,-0.18896087877123147,-0.6802902657179898,0.06200167932294979,-0.173025125462417,-0.4445296456639234,0.39855727817660813,0.28201306599995485,-0.054413211558841997,-0.04872791935195721,-0.09122037968677553,-0.17064677651806504,-0.21347613519917708,-0.0692512000431979,-0.3936852356884066,0.0
C377834,48.69,-81.36978,-0.8854452748929722,-0.5564827680564269,1.1163899736279654,-0.6387103489388025,-0.22147068991858695,-0.13639243556225217,-0.14654278456953648,-0.6802902657179898,-0.09557281210566938,-0.15053115671654366,-0.4445900706457652,-0.10260002811683014,0.28201306599995485,-0.05436965916010072,-0.04872791935195721,-0.08211529444960064,-0.17064677651806504,-0.21347613519917708,-0.0692512000431979,-0.3523996151023029,0.0
C377835,49.63,-125.66,0.13120596420900282,-0.47910531832016734,0.21639001074765146,0.23730142816673,-0.4164100951469269,-0.22010988788258168,-0.14654278456953648,0.008502443036664904,-0.12465996386647554,-0.18072043055968945,-0.19037210120679054,-0.008949683140021732,0.28201306599995485,-0.052975982400379824,-0.04589388861962846,-0.0958408707026553,-0.11656986167408476,-0.18811263574162507,-0.06448985473212737,-0.11386047393814824,0.0
C377837,-27.5094,-70.287,-0.26958923582158356,2.964191194943385,0.36066481395747263,-0.6387103489388025,0.22996793271546345,0.2821948260393953,-0.04756723143224824,-0.12064618985483284,-0.13908902340136364,-0.16414592727325647,-0.15311002907098234,-0.23548227436770694,-0.3272091923640945,-0.05393413517268794,-0.04494921170885221,0.11928375512492438,-0.17064677651806504,-0.21148328881322656,-0.0692512000431979,-0.045051106294642096,0.0
C377838,-27.5094,-70.287,-0.8202753236684867,-0.5564827680564269,0.27822206926614623,-0.5413757070381877,-0.5600496568941248,-0.22010988788258168,-0.18896087877123147,-0.5941911771236579,-0.14321161183990308,-0.17539291164619314,-0.30316540064491265,-0.23548227436770694,0.28201306599995485,-0.054195449565135605,-0.04872791935195721,-0.07002047973156236,-0.17064677651806504,-0.13503045473403408,-0.06607696983581755,-0.37992336215970535,0.0
C377839,48.69,-81.36978,-0.8430848065970566,-0.5564827680564269,1.2744052342863414,-0.6387103489388025,-0.5600496568941248,0.0011433789640034114,-0.18896087877123147,-0.6802902657179898,-0.09351151788639966,-0.12566940178689417,0.05737144331475449,-0.2152335511294781,-0.2449318291469749,-0.05458742115380711,-0.043059857887299706,0.08055316866828495,-0.17064677651806504,-0.21075861740015364,-0.06660600820371428,-0.3202885768686667,0.0
C377840,40.14927,-7.74815,-0.8496018017195052,-0.5564827680564269,1.033947228936639,-0.6387103489388025,-0.5600496568941248,-0.02277589312751929,-0.18896087877123147,-0.6802902657179898,-0.09305345250433972,5.740527445044622,0.05737144331475449,-0.23548227436770694,-0.25721203261221665,-0.05515360233744372,-0.04400453479807596,-0.10331519440481379,-0.17064677651806504,-0.20749759604132553,-0.0692512000431979,-0.32946315922113417,0.0
C377841,37.63949,-91.12258,-0.8398263090358323,0.4687684409490128,-0.5963580473343422,-0.4927083860878804,0.9584257101476812,-0.18423097974529762,-0.18896087877123147,-0.6802902657179898,-0.13244707536149453,-0.17006539273269683,0.05032074312991647,0.39855727817660813,-0.31898145604238254,-0.003979533816442127,-0.04872791935195721,0.3740902449712364,-0.17064677651806504,-0.20405540682922918,-0.06607696983581755,-0.42120898274580904,0.0
C377842,48.69,-81.36978,-0.17835130410730374,-0.5564827680564269,-0.14773211163904051,-0.5413757070381877,1.0610253971099652,-0.19021079776817829,-0.16068214930343483,-0.5941911771236579,0.5113638191237504,0.46627714415714117,0.05737144331475449,-0.23297649486697614,-0.30842048106227465,-0.04143459673394117,-0.04872791935195721,1.926711123101431,-0.1446898573929545,-0.20459891038903388,-0.06025754778895357,-0.19643171511035562,0.0
C377843,48.69,-81.36978,-0.8854452748929722,-0.5564827680564269,0.8828021970025405,-0.6387103489388025,-0.5343997351535537,-0.16629152567665556,-0.14654278456953648,-0.6802902657179898,-0.13679869649106394,-0.16769760654892069,0.05737144331475449,-0.2319134368969691,0.28201306599995485,-0.05667793629338845,-0.04872791935195721,0.026873934807328553,-0.1446898573929545,-0.21347613519917708,-0.0692512000431979,-0.2147808798152906,0.0
C377850,67.832,20.28693,2.366535291208858,-0.09221806963886933,-0.9268160489720757,0.3833033910176521,-0.5446597038497821,-0.22010988788258168,1.3663692419575841,-0.6802902657179898,-0.1461890368232927,-0.18072043055968945,-0.44548637454308604,-0.23406486374103092,-0.3314090219492072,-0.05667793629338845,-0.046838565530404705,-0.10419852356961436,-0.14036370420543606,-0.17524971815958082,-0.042799281648361644,-0.46708189450814647,1.0
C377851,-28.0295,117.83261,-0.6149899773113571,-0.5564827680564269,-0.8484954415153155,-0.6387103489388025,-0.4779699073242974,-0.22010988788258168,-0.14654278456953648,-0.5511416328264921,-0.14550193875020279,-0.15349088944626382,-0.4428276753420446,-0.2335459902080513,-0.3313844615422767,-0.05667793629338845,-0.04494921170885221,-0.10297545241835204,-0.14036370420543606,-0.207859931747862,-0.067135046571611,-0.40285981804087406,0.0
C377852,24.1,101.68333,1.812590705800731,-0.4210722310179726,-0.12712142546620886,-0.6387103489388025,-0.4984898447167543,-0.20815025183682032,0.12210514537453164,2.59147510086662,-0.1461890368232927,-0.18072043055968945,-0.44583885360383013,-0.23428000642543712,-0.3318511092739559,-0.033159640973098356,-0.027000350404103465,-0.1005972585131198,-0.14090447335387588,-0.08847031644409932,-0.05549620247788305,1.2164539671696373,1.0
C377853,67.866,20.2417,-0.8658942895256265,-0.4210722310179726,-0.4328466036965446,-0.6387103489388025,-0.4266700638431553,-0.19021079776817829,-0.14654278456953648,0.6972951517913196,-0.1461890368232927,-0.18072043055968945,-0.444700849779142,-0.2341407964531743,-0.3319002300878168,-0.05667793629338845,-0.04589388861962846,-0.09264729602991487,-0.14036370420543606,-0.1971710284050365,0.03338224332876678,0.6384552789641856,0.0
C377854,67.866,20.2417,0.13120596420900282,-0.47910531832016734,0.401886186303136,0.3833033910176521,-0.4984898447167543,-0.22010988788258168,0.008990227503345067,1.386087860545974,-0.1461890368232927,-0.18072043055968945,-0.44604027020996967,-0.23428000642543712,-0.33205987273286497,-0.05667793629338845,-0.04589388861962846,-0.0989664969781034,-0.14198601165075547,-0.16619132549616938,-0.061315624524747016,0.3173448966278236,1.0
C377855,67.866,20.2417,-0.8756697822092995,2.6353370335642814,1.7003594151915278,-0.6387103489388025,-0.5036198290648685,-0.13639243556225217,4.632562495488097,1.5152364934374718,-0.1461890368232927,-0.18072043055968945,-0.44605034104027663,-0.23428000642543712,-0.3318265488670254,-0.04970955249478398,-0.046838565530404705,-0.06043975571334103,-0.1414452425023157,-0.18974314642103912,-0.01740543998931884,2.9412754494335247,0.0
C377856,67.866,20.2417,-0.32498369436239627,-0.4597609558861024,-0.7653656739515614,0.23730142816673,0.4095173848994607,-0.20217043381393962,0.093826415906735,0.39594834171115817,-0.1461890368232927,-0.18072043055968945,-0.43549611087856666,-0.23428000642543712,-0.3318265488670254,-0.053193744394086216,-0.04589388861962846,-0.0766114742689203,-0.1414452425023157,-0.15695176497948973,-0.06448985473212737,-0.15973338570048567,1.0
C377857,67.832,20.28693,-0.882186777331748,2.1904166975807886,2.0850922237510514,-0.6387103489388025,-0.41128011079881266,-0.19619061579105898,10.076217918038951,-0.6802902657179898,-0.1461890368232927,-0.18072043055968945,-0.44588920775536506,-0.23428000642543712,-0.3318388290704906,-0.046660884582894524,-0.04872791935195721,-0.06091539449438748,-0.14036370420543606,-0.18919964286123445,0.049782432733565245,4.326637384656115,0.0
C377859,29.91686,-115.25078,-0.34779317729096626,-0.150251156941064,1.404939580047608,-0.6387103489388025,-0.3035504394884143,-0.17227134369953626,0.20694133377792162,0.2667997088196604,-0.14344064453093305,-0.18072043055968945,0.05737144331475449,-0.23397627557686368,-0.33088097320020177,-0.05667793629338845,-0.04872791935195721,-0.09522933512702415,0.029978577553101765,-0.18829380359489328,-0.06607696983581755,0.5650586201444457,0.0
C377860,29.92323,-115.21782,-0.8658942895256265,-0.150251156941064,2.504939458343228,-0.6387103489388025,-0.5241397664573253,-0.20815025183682032,0.23522006324571823,-0.3358939113406624,-0.1452729060591728,-0.17480096510024912,-0.4425456920934493,-0.2341281410011504,-0.3319125102912821,-0.03185306901086002,-0.04872791935195721,0.5881276964421385,-0.09115371169741403,-0.20749759604132553,-0.06607696983581755,2.312816558289502,0.0
C377861,-21.67999,140.48216,-0.8854452748929722,-0.5564827680564269,1.0820388300065793,-0.6387103489388025,-0.5549196725460106,-0.22010988788258168,-0.14654278456953648,-0.6802902657179898,-0.1461890368232927,-0.18072043055968945,0.05737144331475449,-0.23428000642543712,-0.33205987273286497,-0.05667793629338845,-0.04872791935195721,-0.09957803255373456,-0.14090447335387588,-0.1959028534321589,-0.0692512000431979,-0.12303505629061573,0.0
C377862,-21.67999,140.48216,-0.2076777821583222,-0.5564827680564269,1.6179166705002017,-0.444041065137573,0.22996793271546345,-0.20815025183682032,-0.11826405510173986,-0.12064618985483284,-0.1461890368232927,-0.18072043055968945,-0.29712290246072753,-0.23428000642543712,-0.33205987273286497,-0.053193744394086216,-0.04494921170885221,-0.06974868614239296,-0.14252678079919529,-0.1591257792187085,-0.04438639675205182,0.1338532495784739,0.0
C377863,-27.51293,117.99932,-0.7453298797603282,-0.5564827680564269,1.2057029470435692,-0.4927083860878804,-0.5549196725460106,-0.22010988788258168,-0.0334278666983499,-0.5511416328264921,-0.1461890368232927,-0.18072043055968945,-0.4457784286219883,-0.2341407964531743,-0.3314213021526724,-0.05667793629338845,-0.04589388861962846,-0.10392672998044494,-0.14036370420543606,-0.21057744954688543,-0.06766408493950772,-0.11844776511438199,0.0
C377864,-27.51293,117.99932,-0.461840591933816,-0.5564827680564269,1.8240235322285179,-0.6387103489388025,-0.5549196725460106,-0.12443279951649083,-0.06170659616614655,-0.4650425442321601,-0.1461890368232927,-0.18072043055968945,-0.44580864111290924,-0.2341407964531743,-0.330586248317036,-0.052322696419260656,-0.04400453479807596,-0.04494752113068526,-0.1446898573929545,-0.20731642818805732,-0.06343177799633393,0.6338679877879518,0.0
C377865,-28.0295,117.83261,-0.7257788943929825,-0.07287370720480442,0.0034129202950579675,-0.6387103489388025,-0.03166126903836122,-0.17227134369953626,-0.10412469036784153,-0.6802902657179898,-0.1452729060591728,-0.18072043055968945,-0.44578849945229526,-0.23397627557686368,-0.3314458625596029,-0.05667793629338845,-0.046838565530404705,-0.09434600596222362,-0.13711908931479727,-0.20967161028054426,-0.0692512000431979,-0.16432067687671942,0.0
C377866,-28.0295,117.83261,-0.8333093139133837,-0.47910531832016734,0.037764063916444,-0.6387103489388025,-0.5138797977610968,-0.19619061579105898,-0.08998532563394321,-0.6802902657179898,-0.14573097144123276,-0.1765768047380812,-0.4444490790214676,-0.2339129983167442,-0.3307950117759451,-0.05667793629338845,-0.046838565530404705,-0.10052931011582746,-0.13874139676011668,-0.21347613519917708,-0.0692512000431979,-0.17808255040542065,0.0
C377868,-19.48009,133.9323,-0.8365678114746081,1.7454963615972963,1.1232602023522427,-0.6387103489388025,3.241268745058504,0.025062651055526144,-0.13240341983563816,-0.5941911771236579,-0.14573097144123276,-0.18072043055968945,-0.4445900706457652,-0.23183750418482577,-0.3312370991006938,-0.05667793629338845,-0.04872791935195721,-0.09441395435951597,-0.11927370741628378,-0.14046549033208092,-0.0650188931000241,-0.12303505629061573,0.0
C377869,-19.48009,133.9323,0.023675544688601596,-0.5564827680564269,2.2499777131337044,-0.6387103489388025,3.1797089328811334,-0.14835207160801356,-0.10412469036784153,-0.5080920885293261,-0.1461890368232927,-0.18072043055968945,-0.43978628458933805,-0.23367254472829024,-0.3291371843081375,-0.05667793629338845,-0.04589388861962846,-0.06478845314005142,-0.04140295004095219,0.01751287771781442,-0.023224862036182816,0.07880575546366897,0.0
C377871,-30.44623,136.88217,-0.7388128846378796,-0.47910531832016734,1.6866189577429738,-0.6387103489388025,-0.5549196725460106,-0.22010988788258168,0.22108069851181997,-0.5080920885293261,-0.12259866964720582,-0.16059424799759225,0.05737144331475449,-0.23295118396292833,-0.3318142686635602,-0.05667793629338845,-0.04872791935195721,0.13830930636678235,-0.11711063082252456,2.6317650003783535,0.04925339436566853,0.03293284370133154,0.0
C377873,-30.44623,136.88217,-0.2435212553317893,-0.5564827680564269,1.9820387928868934,-0.10336981848542151,-0.519009782109211,-0.20815025183682032,-0.0334278666983499,0.39594834171115817,-0.1461890368232927,-0.16532982036514454,-0.44436851237901176,-0.2310402107073205,-0.3296775132606081,-0.05667793629338845,0.0410163871717865,-0.09244345083803782,-0.02626141388463771,0.5193478312708077,0.026504744546109345,0.31275760545158987,0.0
C377874,-30.44623,136.88217,-0.6377994602399271,-0.5564827680564269,2.504939458343228,-0.4927083860878804,-0.5292697508054395,-0.22010988788258168,0.023129592237243403,-0.6802902657179898,-0.13450836958076423,-0.1759848581921372,0.05737144331475449,-0.23272338582649826,-0.3314827031699986,-0.05667793629338845,-0.04872791935195721,-0.09570497390807062,-0.12089601486160317,17.90622798690769,0.048195317629875084,0.17055157898834383,2.0
C377875,-30.44623,136.88217,-0.8202753236684867,-0.5564827680564269,2.504939458343228,-0.6387103489388025,-0.5549196725460106,-0.22010988788258168,-0.08998532563394321,-0.5511416328264921,-0.14412774260402297,-0.18072043055968945,0.048306577068521435,-0.23298915031900003,-0.3313599011353462,-0.05667793629338845,-0.04872791935195721,-0.08578450790338753,-0.11332524678344594,6.762392054893966,0.198442214112545,0.5925823672018482,2.0
C377876,-12.6938,-76.5891,2.3046238375455967,0.10122555470177966,-0.26177790846204213,-0.2007044603860362,0.8712159762297395,-0.10649334544784879,-0.10412469036784153,2.0748805693006287,-0.14206644838475324,-0.18072043055968945,-0.09570629632122377,-0.2341281410011504,-0.329873996516052,-0.05667793629338845,-0.04589388861962846,-0.08761911463028098,-0.13820062761167687,-0.17162636109421625,-0.057612355949469944,0.5742332024969132,1.0
C377877,38.124223,-91.050317,-0.5335275382807501,-0.4597609558861024,2.504939458343228,0.04263214436550059,0.1376282144494077,-0.19021079776817829,0.15038387484232832,-0.3358939113406624,-0.1461890368232927,-0.18072043055968945,-0.4458690660947511,-0.23428000642543712,-0.3315932250011858,-0.05667793629338845,-0.04872791935195721,-0.06682690505882193,-0.1446898573929545,-0.15604592571314857,0.009575516773414148,2.000880758305607,0.0
C377879,38.126129,-91.04763,1.9885495741068415,-0.4404165934520375,-0.3929992770957368,5.006698881296852,-0.48309989167241163,-0.22010988788258168,0.15038387484232832,-0.5080920885293261,-0.1461890368232927,-0.17716875128402526,-0.4352946942724271,-0.23428000642543712,-0.3318388290704906,-0.05667793629338845,-0.04494921170885221,-0.07002047973156236,-0.13982293505699628,-0.1756120538661173,-0.06078658615685029,-0.18725713275788813,1.0
C377880,-27.50027,-70.16623,-0.6149899773113571,1.0104105891028299,1.6797487290186965,-0.6387103489388025,-0.22147068991858695,-0.06463461928768405,-0.08998532563394321,-0.2928443670434965,-0.1452729060591728,-0.17539291164619314,-0.22864125637329627,-0.23428000642543712,-0.33172830723930347,-0.05667793629338845,-0.046838565530404705,0.13015549869170034,-0.1414452425023157,-0.180141250197823,-0.062373701260540475,0.1338532495784739,0.0
C377881,37.61896,-90.63341,0.9914493203722126,-0.517794043188297,-0.24391531377892145,2.2813289080796393,-0.4984898447167543,-0.19619061579105898,-0.10412469036784153,-0.37894345563782833,-0.1461890368232927,-0.18072043055968945,-0.44604027020996967,-0.23428000642543712,-0.3318265488670254,-0.05667793629338845,-0.04589388861962846,-0.09257934763262253,-0.05329987130662785,-0.013285657337784435,-0.04174120491256819,-0.012940068061005896,1.0
C377882,67.83201,20.00364,0.2354778861681797,1.3199203880478683,-0.2672740914414639,0.04263214436550059,1.0661553814580798,-0.05865480126480336,-0.04756723143224824,1.1708401390601448,-0.14550193875020279,-0.18072043055968945,-0.39027808280024806,-0.23406486374103092,-0.3295301508190252,-0.05188717243184788,-0.043059857887299706,-0.07178713806116346,-0.1446898573929545,-0.20441774253576564,-0.06660600820371428,0.5925823672018482,1.0
C377883,67.83201,20.00364,-0.742071382199104,0.48811280338307766,0.5118098458915714,-0.6387103489388025,1.399604364085503,-0.13639243556225217,0.8856308410050411,-0.5511416328264921,-0.13794385994621378,-0.14875531707871156,0.05737144331475449,-0.23365988927626635,-0.2753867337407744,-0.04404774065841784,-0.04589388861962846,0.22664222284683716,-0.13495601272103805,1.2874995291280973,-0.050205818798915794,1.239390423050806,0.0
C377884,29.72383,-115.18943,2.144957457045607,0.0045037425314551635,0.07211520753783003,-0.444041065137573,0.2094479953230066,-0.19619061579105898,-0.04756723143224824,1.859632847814799,-0.1461890368232927,-0.18072043055968945,-0.43743978112781284,-0.23428000642543712,-0.33175286764623396,-0.05667793629338845,-0.04400453479807596,-0.08109606849021539,-0.14090447335387588,-0.20767876389459378,-0.06819312330740444,1.2439777142270396,1.0
C377885,19.5002,-14.58185,-0.882186777331748,-0.3630391437157779,2.043870851405388,-0.6387103489388025,2.1024122197771495,0.30013428010803733,-0.13240341983563816,-0.6802902657179898,-0.143898709912993,-0.18072043055968945,-0.08764963207564362,-0.23406486374103092,-0.3311265772695066,-0.051451648444435095,-0.04872791935195721,-0.06539998871568257,-0.14090447335387588,-0.20441774253576564,-0.06819312330740444,0.16137699663587635,0.0
C377886,60.46135,-100.34271,1.0468437789130252,0.3333579039105585,-0.23017485633036694,-0.6387103489388025,0.9481657414514528,-0.19021079776817829,-0.08998532563394321,0.22375016452249455,-0.1461890368232927,-0.18072043055968945,-0.4459899160584348,-0.23428000642543712,-0.3318388290704906,-0.053193744394086216,-0.043059857887299706,-0.0504513413113656,-0.1446898573929545,-0.16945234685499752,-0.024811977139872984,0.019170970172630305,1.0
C377887,24.1,101.68333,0.7307695154742703,0.816966964762181,0.16142818095343375,-0.2493717813363436,0.16327813618997866,0.509427910908861,0.0372689569711417,2.548425556569454,-0.1461890368232927,-0.18072043055968945,-0.3263283103509556,-0.23428000642543712,-0.33170374683237297,-0.051451648444435095,-0.043059857887299706,-0.03903601056625082,-0.11548832337720516,-0.1631114719906095,-0.049147742063122335,0.4641382142673034,1.0
C377888,67.832,20.28693,0.5222256715559163,0.7009007901577916,-0.5929229329722036,-0.444041065137573,3.20022887027359,-0.11845298149361014,-0.08998532563394321,-0.5511416328264921,-0.1461890368232927,-0.18072043055968945,-0.44609062436150454,-0.23387503196067252,-0.33154410418732483,-0.051451648444435095,-0.046838565530404705,-0.07790249381747495,-0.14036370420543606,-0.11510199087452892,0.8570949821439677,-0.19184442393412188,1.0
C377889,67.87296,20.23349,0.7275110179130457,-0.517794043188297,-0.30025118931799455,1.551319093825029,-0.5446597038497821,-0.22010988788258168,-0.13240341983563816,0.39594834171115817,-0.1461890368232927,-0.18072043055968945,-0.4459496327372069,-0.23428000642543712,-0.33205987273286497,-0.05667793629338845,-0.04400453479807596,-0.10372288478856789,-0.14090447335387588,-0.19572168557889066,-0.067135046571611,0.00999638782016282,1.0
C377890,67.832,20.28693,1.548652403341564,0.21729172930616908,-0.6252130079763063,-0.2493717813363436,-0.15478089339310222,-0.1543318896308942,-0.16068214930343483,2.2470787464892927,-0.1461890368232927,-0.18072043055968945,-0.44556694118554185,-0.23428000642543712,-0.3318633894774211,-0.05667793629338845,-0.046838565530404705,-0.09862675499164165,-0.14198601165075547,-0.15713293283275795,-0.050734857166812516,-0.017527359237239637,1.0
C377891,67.89465,20.25166,-0.4553235968113674,0.43007971608088297,2.339290686549308,-0.15203713943572886,0.09145835531637979,-0.1603117076537749,1.4794841598287705,1.041691506168647,-0.1461890368232927,-0.18072043055968945,-0.44578849945229526,-0.23415345190519818,-0.33205987273286497,-0.041870120721353946,-0.043059857887299706,-0.0488205797763492,-0.1446898573929545,-0.05024389940450306,-0.04332832001625837,3.4642266435241713,1.0
C377892,67.87296,20.23349,0.2126684032396098,-0.2663173315454534,0.9789853991424212,0.4806380329182669,-0.42154007949504113,-0.22010988788258168,0.7725159231338545,0.5681465188998219,-0.1461890368232927,-0.18072043055968945,-0.4440764583001095,-0.2341407964531743,-0.3318019884600949,-0.05275822040667343,-0.04494921170885221,-0.09658830307287115,-0.14036370420543606,-0.10151440187941178,0.019098207395555202,2.0513409612441786,1.0
C377893,67.832,20.28693,-0.6475749529235999,-0.1695955193751289,1.0408174576609162,-0.2007044603860362,0.8404360701410544,-0.18423097974529762,0.0372689569711417,0.8264437846828174,-0.1461890368232927,-0.18072043055968945,-0.41877853256898784,-0.23428000642543712,-0.33172830723930347,-0.05275822040667343,-0.04872791935195721,-0.04365650158213061,-0.1414452425023157,-0.16655366120270587,-0.03274755265832387,2.1247376200639185,0.0
C377894,67.89465,20.25166,1.1706666862395478,-0.4210722310179726,-0.34765576751550725,0.6753073167194963,-0.37024023601389905,-0.19021079776817829,0.008990227503345067,0.9555924175743151,-0.1461890368232927,-0.18072043055968945,-0.4460704827008906,-0.23428000642543712,-0.33205987273286497,-0.05667793629338845,-0.04589388861962846,-0.09298703801637662,-0.14252678079919529,-0.14100899389188562,-0.019521593460905734,0.2760592760417199,1.0
C377895,37.61896,-90.63341,-0.2728477333828078,-0.5564827680564269,1.9957792503354481,-0.2493717813363436,-0.5600496568941248,-0.22010988788258168,-0.08998532563394321,0.2667997088196604,-0.1461890368232927,-0.17716875128402526,-0.4455467995249279,-0.23428000642543712,-0.33205987273286497,-0.05667793629338845,-0.046838565530404705,-0.10433442036419904,-0.13495601272103805,-0.1478933723160783,-0.050734857166812516,0.019170970172630305,0.0
C377902,67.882,20.25364,-0.882186777331748,1.3586091129159983,2.071351766302497,-0.6387103489388025,-0.43693003253938373,-0.17825116172241692,5.523342473723692,-0.6802902657179898,-0.1461890368232927,-0.18072043055968945,-0.44609062436150454,-0.2341154855491265,-0.33093009401406276,-0.04796745654513286,-0.04872791935195721,-0.042637275622745364,-0.1446898573929545,-0.18684446076874747,0.1735774108213989,4.037638040553389,0.0
C377903,67.882,20.25364,-0.6899354212195155,-0.4597609558861024,2.380512058894971,-0.3953737441872657,0.004248621398438274,-0.18423097974529762,-0.14654278456953648,0.4389978860083241,-0.1461890368232927,-0.18072043055968945,-0.4462215451554952,-0.23428000642543712,-0.3314581427630682,-0.04970955249478398,-0.04872791935195721,-0.05350901918952134,-0.1446898573929545,-0.1839457751164558,0.13654472506862814,4.78536650227949,0.0
C377904,67.83201,20.00364,2.4642902180455866,-0.40172786858390763,-0.9178847516305154,1.16198052622257,-0.5292697508054395,-0.22010988788258168,-0.04756723143224824,1.2569392276544766,-0.1461890368232927,-0.18072043055968945,-0.4456072245067697,-0.2341407964531743,-0.3318633894774211,-0.05667793629338845,-0.04211518097652346,-0.09686009666204055,-0.14252678079919529,-0.1555024221533439,-0.03221851429042714,-0.08633672688074578,1.0
C377905,67.87296,20.23349,-0.7942073431786925,-0.4597609558861024,2.4835654897591293,-0.4927083860878804,-0.5292697508054395,-0.22010988788258168,0.1645232395762266,0.6111960631969877,-0.1461890368232927,-0.18072043055968945,-0.44484184140343963,-0.2341281410011504,-0.33205987273286497,-0.053193744394086216,-0.046838565530404705,-0.09699599345662527,-0.1414452425023157,-0.11800067652682059,-0.04808966532732889,3.6890039111596247,0.0
C377906,-25.64249,31.37399,-0.008909430923641224,0.816966964762181,-0.5249076686018591,0.09129946531580789,1.2970046771232187,-0.14237225358513286,-0.10412469036784153,0.1807006202253286,-0.13794385994621378,-0.1665137134570326,-0.4441570249425653,-0.23428000642543712,-0.3313230605249505,-0.04883850451995842,-0.006217458367025974,-0.0775627518310132,-0.1446898573929545,-0.21347613519917708,-0.0692512000431979,0.07421846428743523,1.0
C377907,29.716,-115.18385,1.2814556033211733,-0.3050060564135832,-0.4005565286924417,-0.6387103489388025,0.11710827705695086,-0.19021079776817829,-0.07584596090004486,1.2999887719516425,-0.1461890368232927,-0.18072043055968945,-0.4459496327372069,-0.23428000642543712,-0.3317897082566297,-0.05667793629338845,-0.043059857887299706,-0.062002568851065074,-0.1446898573929545,-0.18122825731743236,-0.06607696983581755,0.3265194789802911,1.0
C377910,38.126129,-91.04763,0.6362730861987661,-0.5564827680564269,-0.14773211163904051,2.2326615871293316,-0.519009782109211,-0.22010988788258168,-0.07584596090004486,0.1807006202253286,-0.1461890368232927,-0.18072043055968945,-0.4460301993796627,-0.23428000642543712,-0.3319247904947473,-0.05667793629338845,-0.046838565530404705,-0.09631650948370177,-0.1446898573929545,-0.15677059712622152,-0.0565542792136765,0.22559907310314875,1.0
C377911,38.124223,-91.050317,-0.859377294403178,-0.40172786858390763,2.1263135960967148,-0.6387103489388025,0.3582175414183187,-0.18423097974529762,0.3341956163830065,-0.12064618985483284,-0.1461890368232927,-0.18072043055968945,-0.44182059231134707,-0.23428000642543712,-0.3318511092739559,-0.05667793629338845,-0.04872791935195721,-0.04053087530668252,-0.1446898573929545,-0.16347380769714595,-0.001005250584520355,1.4962787289198956,0.0
C377912,37.61896,-90.63341,-0.36408566509708756,-0.5564827680564269,1.5286036970845978,-0.2493717813363436,-0.5497896881978963,-0.22010988788258168,-0.11826405510173986,0.05155198733383086,-0.1461890368232927,-0.1759848581921372,-0.4462215451554952,-0.2341154855491265,-0.33205987273286497,-0.05667793629338845,-0.04872791935195721,-0.10433442036419904,-0.124140629752242,0.02113623478317901,-0.046502550223638715,-0.03587652394217461,0.0
C377914,38.124223,-91.050317,-0.39341214314810613,-0.3243504188476481,2.1537945109938237,0.3346360700673447,1.0302454910212802,-0.19021079776817829,0.5745648168592781,-0.24979482274633058,-0.1461890368232927,-0.18072043055968945,-0.44527488710663954,-0.23428000642543712,-0.33163006561158154,-0.05667793629338845,-0.04872791935195721,-0.07396148677451866,-0.13765985846323706,-0.1516978972347111,0.09104742542950982,1.6935322494979466,0.0
C377915,37.61896,-90.63341,-0.31194970411749917,-0.5564827680564269,1.9957792503354481,-0.298039102286651,-0.5549196725460106,-0.22010988788258168,-0.08998532563394321,-0.16369573415199873,-0.1461890368232927,-0.17420901855430507,-0.4456475078279976,-0.23410283009710262,-0.33205987273286497,-0.05667793629338845,-0.046838565530404705,-0.10447031715878376,-0.10737678615060811,0.084544983427059,-0.058141394317366674,0.03293284370133154,0.0
C377916,38.123548,-91.050803,-0.05452839678078117,-0.2663173315454534,0.7591380799655507,0.4319707119679595,-0.3497202986214422,-0.22010988788258168,0.093826415906735,0.1807006202253286,-0.1461890368232927,-0.18072043055968945,-0.4460704827008906,-0.23428000642543712,-0.3319125102912821,-0.05667793629338845,-0.04589388861962846,-0.10066520691041214,-0.14090447335387588,-0.14517585451705486,-0.021108708564595912,0.07880575546366897,0.0
C377917,67.83201,20.00364,-0.8463433041582809,2.693370120866476,1.095779287455134,-0.6387103489388025,0.04015851183523766,0.25229573592499194,0.1928019690440233,-0.5941911771236579,-0.14321161183990308,-0.18072043055968945,0.05737144331475449,-0.23400158648091146,-0.23314283382034284,-0.04753193255772008,-0.04872791935195721,0.02415599891563456,-0.13657832016635746,0.16607051739776188,-0.06078658615685029,0.5696459113206794,0.0
C377918,67.87296,20.23349,-0.742071382199104,1.9389399859379453,1.8515044471256266,-0.4927083860878804,-0.4061501264506985,-0.19021079776817829,8.888511280391493,-0.16369573415199873,-0.1461890368232927,-0.18072043055968945,-0.445909349415979,-0.23428000642543712,-0.33205987273286497,-0.04883850451995842,-0.04872791935195721,-0.06050770411063337,-0.1446898573929545,-0.17470621459977614,0.20373259779151226,3.046783146486901,0.0
C377919,67.882,20.25364,-0.8789282797705237,2.1323836102785942,2.181275425890932,-0.6387103489388025,-0.4574499699318406,-0.17227134369953626,9.298552857674544,-0.5941911771236579,-0.1461890368232927,-0.18072043055968945,-0.4460301993796627,-0.2341407964531743,-0.33158094479772054,-0.04796745654513286,-0.04872791935195721,-0.050859031695119704,-0.14090447335387588,-0.1915548249537214,0.043433972318804547,5.060603972853515,0.0
C377920,67.882,20.25364,0.5287426666783649,-0.22762860667732357,1.0476876863851934,-0.6387103489388025,0.7378363831787701,-0.17825116172241692,-0.11826405510173986,-0.37894345563782833,-0.1461890368232927,-0.18072043055968945,-0.44604027020996967,-0.2341281410011504,-0.33171602703583825,-0.05188717243184788,-0.04494921170885221,-0.07532045472036565,-0.1446898573929545,-0.1545965828870028,0.25610739621328804,2.55594299062989,0.0
C377921,67.83201,20.00364,-0.8724112846480752,0.6041789779874671,1.9889090216111707,-0.6387103489388025,-0.48309989167241163,-0.05865480126480336,-0.06170659616614655,-0.6802902657179898,-0.1400051541654835,-0.17420901855430507,0.05737144331475449,-0.22080195001999103,-0.2758779418793841,-0.05188717243184788,-0.04872791935195721,-0.049771857338442096,-0.1414452425023157,-0.03176477837114375,-0.06607696983581755,0.20266261722198003,0.0
C377922,42.33441,-104.70337,0.75357899840284,-0.2469729691113885,-0.5888007957376372,2.1839942661790244,-0.4471900012356122,-0.20815025183682032,-0.13240341983563816,0.6542456074941536,-0.1461890368232927,-0.18072043055968945,-0.4460100577190487,-0.23409017464507872,-0.3294810300051642,-0.05101612445702232,-0.04117050406574721,-0.09971392934831927,-0.1414452425023157,-0.18231526443704174,-0.0015342889524170874,-0.260653791577628,1.0
C377923,48.69,-81.36978,-0.4911670699848345,-0.517794043188297,0.7866189948626596,-0.5413757070381877,-0.3292003612289854,-0.22010988788258168,-0.11826405510173986,-0.20674527844916463,-0.11687285237145657,-0.16059424799759225,-0.4277415715421957,-0.1776468586185158,0.28201306599995485,-0.05667793629338845,-0.04494921170885221,-0.06621536948319078,-0.14198601165075547,-0.20641058892171615,-0.0629027396284372,-0.10468589158568076,0.0
C377924,38.75,-105.14587,1.3433670569844347,0.17860300443803934,-0.776358039910405,3.108673364234864,-0.49335986036864005,-0.20217043381393962,-0.019288501964451584,0.6111960631969877,-0.14550193875020279,-0.18072043055968945,-0.44533531208848137,-0.22781307044122776,-0.3259320512037094,-0.05667793629338845,-0.04589388861962846,-0.0982870130051799,-0.053840640455067645,0.20955080218213679,0.1116799217774821,-0.20101900628658936,1.0
C377925,44.35607,-103.76501,0.20615140811716123,-0.40172786858390763,0.3263136703360866,-0.6387103489388025,0.830176101444826,-0.11247316347072946,-0.005149137230553268,0.05155198733383086,-0.14550193875020279,4.337607554631132,-0.44503318717927215,-0.2341281410011504,-0.33013188078882205,-0.05667793629338845,-0.04211518097652346,-0.035638590701633326,-0.13982293505699628,-0.18992431427430734,-0.03380562939411732,0.060456590758734,0.0
C380033,36.082,-83.56489,-0.5042010602297317,1.91959562350388,-0.9103275000338104,-0.0060351765848068095,3.1643189798367906,-0.20815025183682032,-0.18896087877123147,-0.37894345563782833,-0.14825033104256244,-0.18072043055968945,-0.445899278585672,-0.2348495017665123,0.28201306599995485,-0.05428255436261816,-0.04589388861962846,-0.1029075040210597,-0.14901601058047292,-0.19064898568738026,-0.05972850942105685,-0.38909794451217283,0.0
C380034,36.082,-83.56489,-0.8300508163521595,0.7976226023281161,-0.9165107058856599,-0.4927083860878804,1.5842838006176148,-0.19619061579105898,-0.18896087877123147,-0.5941911771236579,-0.14825033104256244,-0.18072043055968945,-0.4457784286219883,-0.23269807492245048,0.28201306599995485,-0.05454386875506583,-0.04872791935195721,-0.10379083318586026,-0.14901601058047292,-0.205504749655375,-0.06607696983581755,-0.42120898274580904,0.0
C380035,39.2907,-119.661,-0.380378152903209,-0.5564827680564269,-0.8828465851367016,0.09129946531580789,-0.37024023601389905,-0.19619061579105898,-0.11826405510173986,-0.3358939113406624,1.3496234682934398,-0.1759848581921372,-0.3905802077094573,-0.15879023510291518,0.015531286350802257,-0.05371637317898155,-0.04400453479807596,-0.10392672998044494,-0.12197755315848278,-0.20641058892171615,-0.06554793146792082,-0.37074877980723786,0.0
C380036,39.2916,-119.6591,-0.6638674407297214,-0.5564827680564269,-0.9103275000338104,-0.298039102286651,-0.5497896881978963,-0.22010988788258168,-0.14654278456953648,-0.5511416328264921,1.9290761765992632,-0.18072043055968945,-0.4358989440908456,-0.03426058718780779,0.28201306599995485,-0.05436965916010072,-0.046838565530404705,-0.104130575172322,-0.1273852446428808,-0.20858460316093488,-0.06660600820371428,-0.46708189450814647,0.0
C380037,39.31129,-119.64767,-0.8300508163521595,0.8363113271962458,-0.9295641404617867,-0.5413757070381877,-0.5549196725460106,-0.19619061579105898,-0.18896087877123147,-0.6802902657179898,-0.14825033104256244,-0.18072043055968945,-0.4458690660947511,-0.2348495017665123,-0.33151954378039433,-0.054413211558841997,-0.046838565530404705,-0.10460621395336844,-0.12197755315848278,-0.21093978525342189,-0.06819312330740444,-0.46708189450814647,0.0
C380038,39.2921,-119.6582,-0.6345409626787027,-0.5564827680564269,-0.8869687223712679,-0.3953737441872657,-0.539529719501668,-0.22010988788258168,-0.14654278456953648,-0.5080920885293261,2.144392353989735,-0.18072043055968945,-0.4227061563887081,-0.21814430509497348,0.28201306599995485,-0.05423900196387688,-0.04589388861962846,-0.10392672998044494,-0.14901601058047292,-0.20858460316093488,-0.067135046571611,-0.40285981804087406,0.0
C380039,39.2888,-119.6566,0.14749845201512415,-0.5564827680564269,-0.8265107095976284,0.04263214436550059,-0.25225059600727223,-0.19619061579105898,-0.13240341983563816,0.05155198733383086,2.144392353989735,-0.18072043055968945,-0.4367146813457106,-0.20485608046988582,0.28201306599995485,-0.05428255436261816,-0.04589388861962846,-0.10195622645896679,-0.14901601058047292,-0.1933665034864037,-0.05179293390260596,-0.2377173356964593,0.0
C380040,39.31129,-119.64767,-0.7257788943929825,-0.4404165934520375,-0.9275030718445034,-0.4927083860878804,-0.539529719501668,-0.22010988788258168,-0.18896087877123147,-0.6802902657179898,-0.09786313901596909,-0.18072043055968945,-0.4461208368524255,-0.2348495017665123,-0.3315072635769291,-0.05397768757142922,-0.04589388861962846,-0.10528569792629194,-0.11656986167408476,-0.21057744954688543,-0.06766408493950772,-0.46708189450814647,0.0
C380041,39.3113,-119.6477,-0.8854452748929722,2.3451715970533082,-0.3373504244290914,-0.6387103489388025,1.4868140980034446,0.05496174116992953,-0.18896087877123147,-0.6802902657179898,-0.14825033104256244,-0.18072043055968945,-0.4462215451554952,-0.2348495017665123,-0.3313599011353462,-0.05515360233744372,-0.04872791935195721,-0.10460621395336844,-0.14901601058047292,-0.21130212095995832,-0.0692512000431979,-0.30652670333996546,0.0
C380042,39.3113,-119.6477,1.4411219838211629,0.02384810496552008,-0.7681137654412722,0.6266399957691889,-0.01627131599401858,-0.16629152567665556,-0.07584596090004486,0.6111960631969877,-0.14825033104256244,-0.18072043055968945,-0.4449123372155884,-0.2348495017665123,-0.33120025849029805,-0.05423900196387688,-0.04589388861962846,-0.09849085819705695,-0.14901601058047292,-0.19101132139391672,-0.05390908737419287,-0.045051106294642096,1.0
C380044,33.089,-109.35375,-0.8789282797705237,-0.5564827680564269,1.4942525534632116,-0.6387103489388025,-0.5703096255903531,-0.22010988788258168,-0.18896087877123147,-0.6802902657179898,-0.14550193875020279,-0.18072043055968945,-0.27798832487747466,-0.23548227436770694,-0.33139674174574196,-0.05332440159031005,-0.04494921170885221,0.062207101399350484,-0.10034678722089067,-0.20840343530766667,-0.05972850942105685,-0.3340504503973679,0.0
C380045,32.94593,-109.65288,-0.4162216260766761,1.6487745494269719,-0.2734572972933134,-0.6387103489388025,0.2145779796711208,2.6023642189170983,-0.18896087877123147,-0.4650425442321601,-0.14366967722196303,-0.18072043055968945,-0.4446102123063792,-0.22535791274859251,0.28201306599995485,-0.05450031635632455,-0.04494921170885221,-0.03427962275578633,-0.11656986167408476,-0.17108285753441158,-0.06025754778895357,-0.279002956282563,0.0
C380046,35.37722,-114.1533,-0.7127449041480853,-0.5564827680564269,-0.40536568879943574,-0.4927083860878804,-0.5343997351535537,-0.17825116172241692,0.093826415906735,-0.6802902657179898,1.1114294696222713,0.059017920547644855,0.05737144331475449,-0.20485608046988582,0.1383333210032196,-0.05450031635632455,-0.04589388861962846,-0.10392672998044494,-0.14901601058047292,-0.20568591750864323,-0.0692512000431979,-0.3340504503973679,0.0
C380047,32.354,-112.86854,1.0761702569640437,-0.343694781281713,-0.7529992622478624,0.7239746376698037,-0.12913097165253123,-0.20217043381393962,-0.04756723143224824,0.4389978860083241,-0.14825033104256244,-0.18072043055968945,-0.3001441515528201,-0.2348495017665123,-0.3310528960487152,-0.053585715982757715,-0.04400453479807596,-0.09998572293748864,-0.14901601058047292,-0.18829380359489328,-0.026928130611459888,-0.13220963864308322,1.0
C380048,31.985055,-111.071281,-0.7844318504950196,0.7202451525918565,0.8896724257268177,-0.6387103489388025,0.20431801097489238,0.138679193490259,0.1928019690440233,-0.5941911771236579,-0.13908902340136364,-0.1759848581921372,0.05737144331475449,-0.2348495017665123,-0.0016609985005361682,-0.05153875324191765,-0.043059857887299706,0.03842516234702803,-0.12197755315848278,-0.0006039076090084437,-0.067135046571611,-0.03587652394217461,0.0
C380049,33.40786,-110.95542,1.255387622831379,-0.5564827680564269,-0.7990297947005197,2.08665962427841,-0.3035504394884143,-0.22010988788258168,-0.07584596090004486,1.041691506168647,-0.14366967722196303,-0.18072043055968945,-0.39843545534889796,-0.2348495017665123,-0.33164234581504676,-0.054195449565135605,-0.04589388861962846,-0.09672419986745587,-0.12197755315848278,0.13708366087484533,0.12543491934279694,-0.1092731827619145,1.0
C380050,33.405295,-110.884481,1.5616863935864616,-0.517794043188297,-0.7584954452272842,1.3566498100237994,-0.42154007949504113,-0.22010988788258168,-0.11826405510173986,0.6542456074941536,-0.14825033104256244,-0.18072043055968945,-0.3945078315291776,-0.2348495017665123,-0.33169146662890775,-0.054151897166394326,-0.04589388861962846,-0.0991023937726881,-0.1273852446428808,-0.04879455657835726,0.08258281154316222,-0.2468919180489268,1.0
C380052,34.06036,-112.16043,-0.8789282797705237,-0.517794043188297,-0.17521302653614937,-0.6387103489388025,-0.5703096255903531,-0.07061443731056473,-0.18896087877123147,-0.6802902657179898,-0.10702444665716787,-0.17243317891647297,-0.4088084105650824,-0.1994142360996118,0.28201306599995485,-0.05450031635632455,-0.04589388861962846,-0.1004613617185351,-0.14901601058047292,-0.21347613519917708,-0.0692512000431979,-0.32946315922113417,0.0
C380053,31.97322,-111.09379,-0.5856634992603386,-0.40172786858390763,2.504939458343228,-0.6387103489388025,0.1324982301012935,-0.10649334544784879,-0.16068214930343483,-0.4650425442321601,-0.14366967722196303,-0.18072043055968945,-0.3931986235892708,-0.23333084752364514,-0.33008275997496106,-0.05458742115380711,-0.046838565530404705,-0.10052931011582746,-0.13820062761167687,-0.17108285753441158,-0.06554793146792082,0.2852338583941874,0.0
C380054,31.97322,-111.09379,-0.4911670699848345,1.377953475350063,-0.40399164305458035,-0.6387103489388025,-0.43693003253938373,0.42571045858853157,-0.13240341983563816,-0.37894345563782833,-0.14137935031166335,-0.18072043055968945,-0.4456877911492255,0.39855727817660813,0.19236621625028322,-0.05423900196387688,-0.04400453479807596,-0.09971392934831927,-0.14901601058047292,-0.16836533973538814,-0.0629027396284372,-0.24230462687269305,0.0
C380055,32.10292,-110.06876,0.8415584325558957,-0.4210722310179726,-0.7688007883136999,0.5293053538685741,-0.2112107212223586,0.06692137721569086,0.5462860873914813,0.13765107592816264,-0.14825033104256244,-0.173025125462417,0.05737144331475449,-0.2348495017665123,-0.31235014617115203,-0.05371637317898155,-0.04589388861962846,-0.06370127878337382,-0.07330832979890055,0.08635666195974132,-0.028515245715150066,-0.19643171511035562,1.0
C380056,31.869453,-111.133187,1.5291014179742182,-0.4984496807542321,-0.8800984936469908,0.9673112424213405,-0.4779699073242974,-0.17227134369953626,-0.08998532563394321,0.2667997088196604,-0.14825033104256244,-0.18072043055968945,-0.4267344885114982,-0.2348495017665123,-0.3299476777368434,-0.05406479236891178,-0.04589388861962846,-0.10270365882918264,-0.13279293612727883,-0.14970505084876057,-0.002592365688210534,-0.2560665004013943,1.0
C380057,31.98982,-111.07149,-0.8072413334235895,1.1264767637072193,-0.44521301540024355,-0.6387103489388025,0.1427581987975218,-0.028755711150399973,0.023129592237243403,-0.6802902657179898,-0.13679869649106394,-0.18072043055968945,-0.20145001454446326,-0.2348495017665123,0.28201306599995485,-0.054413211558841997,-0.04589388861962846,0.2524626138179301,-0.14901601058047292,-0.17923541093148188,-0.067135046571611,-0.30652670333996546,0.0
C380058,37.98994,-117.24091,2.043944032647654,-0.2469729691113885,-0.6980374324536447,1.2593151681231844,0.0196385744427808,-0.1603117076537749,-0.04756723143224824,0.7403446960884855,-0.14825033104256244,-0.18072043055968945,-0.44574821613106735,-0.228142112193849,-0.33042660567198784,-0.054108344767653055,-0.04589388861962846,-0.09590881909994765,-0.14901601058047292,-0.17162636109421625,-0.03539274449780749,-0.02211465041347338,1.0
C380059,33.05899,-110.74239,1.920121125321132,-0.09221806963886933,-0.7571213994824288,0.1886341072164227,0.1376282144494077,-0.19619061579105898,-0.08998532563394321,0.8264437846828174,-0.14825033104256244,-0.18072043055968945,-0.4448921955549745,-0.2348495017665123,-0.33131078032148525,-0.05389058277394666,-0.04494921170885221,-0.09672419986745587,-0.14901601058047292,-0.1971710284050365,-0.050205818798915794,-0.06340027099957707,1.0
C380060,33.089,-109.35375,1.4671899643109572,-0.5564827680564269,-0.8354420069391889,0.9186439214710331,-0.42154007949504113,-0.22010988788258168,-0.06170659616614655,3.409416442512772,-0.14825033104256244,-0.18072043055968945,-0.3896738329818295,-0.2348495017665123,-0.3314090219492072,-0.05432610676135944,-0.04589388861962846,-0.10283955562376736,5.264143250162035,-0.12560972636408618,-0.007353710999281062,-0.34781232392606914,1.0
C380061,31.97322,-111.09379,-0.7616223675664496,3.3317340811906173,0.12707703733204773,-0.6387103489388025,-0.32407037688087115,0.6589233614808779,0.0372689569711417,-0.5511416328264921,-0.14137935031166335,-0.1665137134570326,0.05737144331475449,-0.2319387478010169,-0.24959830646376677,-0.054413211558841997,-0.04872791935195721,-0.09040499891926732,-0.14901601058047292,-0.07017236326400822,-0.06819312330740444,-0.14597151217178445,0.0
C380063,33.089,-109.35375,-0.1522833236175095,-0.4984496807542321,0.9995960853152529,0.04263214436550059,-0.24712061165915802,-0.19021079776817829,1.7057139955711438,3.581614619701436,-0.14825033104256244,-0.18072043055968945,-0.025210484172397445,-0.2348495017665123,-0.3247899922814419,-0.05450031635632455,-0.04589388861962846,-0.06098334289167983,-0.11656986167408476,-0.14734986875627362,-0.061315624524747016,0.7668994318987304,1.0
C380064,34.75194,-112.12384,0.10513798371920857,-0.5564827680564269,1.3293670640805588,-0.2007044603860362,-0.4523199855837264,-0.20815025183682032,0.1645232395762266,-0.24979482274633058,-0.13908902340136364,-0.1712492858245849,0.05737144331475449,-0.23269807492245048,-0.3184902479037729,-0.05467452595128967,-0.04589388861962846,-0.03856037178520437,-0.14901601058047292,-0.1870256286220157,-0.058670432685263396,-0.08174943570451204,0.0
C380066,33.411425,-110.964953,1.1315647155048565,-0.517794043188297,-0.8464343728980324,1.8433230195268728,-0.4266700638431553,-0.22010988788258168,-0.07584596090004486,0.09460153163099681,-0.14825033104256244,-0.18072043055968945,-0.35573513484732316,-0.23358395656412298,-0.33127393971108954,-0.05371637317898155,-0.046838565530404705,-0.10100494889687389,-0.14901601058047292,-0.13140709766866948,0.05665993151622267,-0.22854275334399182,0.0
C380067,34.30065,-112.63355,-0.6443164553623756,-0.5564827680564269,-0.9323122319514975,-0.4927083860878804,-0.5446597038497821,-0.22010988788258168,0.8573521115372443,-0.5511416328264921,-0.13679869649106394,-0.18072043055968945,0.05737144331475449,-0.23042009355814974,-0.3306108087239665,-0.054456763957583275,-0.046838565530404705,-0.10426647196690669,-0.14901601058047292,0.003019449456356148,-0.05390908737419287,-0.2881775386350305,0.0
C380068,31.97322,-111.09379,-0.8626357919644023,-0.3050060564135832,-0.7083427755400605,-0.6387103489388025,-0.5343997351535537,-0.07061443731056473,0.008990227503345067,-0.6802902657179898,-0.017701697155479677,-0.18072043055968945,-0.0816071338914585,0.39855727817660813,0.28201306599995485,-0.05515360233744372,-0.04872791935195721,-0.07233072523950226,-0.13279293612727883,-0.2067729246282526,-0.0692512000431979,-0.40285981804087406,0.0
C380069,33.133949,-109.365751,-0.5530785236480957,-0.517794043188297,0.2919625267147006,-0.298039102286651,-0.5292697508054395,-0.17825116172241692,-0.18896087877123147,-0.5080920885293261,-0.14825033104256244,-0.17420901855430507,-0.44453971649423035,-0.2302935390379108,-0.3229356815581904,-0.05432610676135944,-0.04589388861962846,-0.09577292230536297,-0.13279293612727883,-0.15079205796836997,-0.001005250584520355,-0.2056062974628231,0.0
C380070,32.10292,-110.06876,-0.882186777331748,-0.5564827680564269,-0.8210145266182068,-0.6387103489388025,-0.5703096255903531,-0.20815025183682032,-0.14654278456953648,-0.6802902657179898,-0.14825033104256244,-0.18072043055968945,-0.40175882935019974,-0.23358395656412298,-0.330181001602683,-0.05393413517268794,-0.04494921170885221,-0.102771607226475,-0.12197755315848278,-0.15133556152817468,-0.0692512000431979,-0.41203440039334155,0.0
C380071,34.50175,-112.25764,-0.3412761821685177,-0.5564827680564269,0.06524497881355285,-0.2007044603860362,-0.5138797977610968,-0.22010988788258168,-0.18896087877123147,-0.4650425442321601,-0.14825033104256244,-0.18072043055968945,-0.44597984522812784,-0.2348495017665123,-0.33205987273286497,-0.05406479236891178,-0.04589388861962846,-0.10351903959669086,-0.1057544787052887,-0.19517818201908596,-0.06607696983581755,-0.2468919180489268,0.0
C380072,37.98994,-117.24091,-0.6443164553623756,3.8927205917784993,-0.9336862776963529,-0.15203713943572886,-0.5549196725460106,-0.16629152567665556,-0.18896087877123147,-0.6802902657179898,0.9442356051703933,-0.17006539273269683,-0.44604027020996967,-0.2348495017665123,-0.3303774848581269,-0.05515360233744372,-0.04872791935195721,-0.10528569792629194,-0.14901601058047292,-0.21347613519917708,-0.0692512000431979,-0.46708189450814647,0.0
C380073,34.2456,-113.95828,-0.8267923187909352,-0.4984496807542321,1.3843288938747762,-0.6387103489388025,-0.5549196725460106,-0.20815025183682032,0.15038387484232832,0.5681465188998219,-0.14825033104256244,-0.16532982036514454,-0.4253245722685217,-0.23307773848316726,-0.33175286764623396,-0.05463097355254839,-0.043059857887299706,-0.10107289729416626,-0.14901601058047292,-0.17887307522494542,-0.030631399186736963,0.2760592760417199,1.0
C380074,32.10292,-110.06876,0.6558240715661117,0.4494240785149478,-0.3600221792192062,1.89199034047718,0.9943356005844806,-0.06463461928768405,0.6028435463270747,0.3098492531168264,-0.13679869649106394,-0.18072043055968945,0.05737144331475449,-0.2348495017665123,-0.24259859048857896,-0.053803477976464106,-0.04589388861962846,-0.09169601846782197,-0.14901601058047292,-0.16854650758865639,-0.036450821233600945,-0.24230462687269305,1.0
C380075,40.61212,-117.0365,0.9718983350048667,-0.5564827680564269,0.4087564150274133,0.6266399957691889,-0.46770993862806903,-0.22010988788258168,-0.11826405510173986,0.525096974602656,-0.14366967722196303,-0.173025125462417,-0.3263283103509556,-0.23358395656412298,-0.33163006561158154,-0.052061382026812986,-0.04211518097652346,-0.07994094573624544,-0.14901601058047292,-0.16456081481675533,-0.05549620247788305,-0.08174943570451204,0.0
C380076,33.42538,-110.81629,-0.869152787086851,-0.4984496807542321,1.7828021598828545,-0.6387103489388025,-0.5549196725460106,-0.18423097974529762,1.4229267008931772,-0.6802902657179898,-0.14825033104256244,-0.18072043055968945,-0.4462215451554952,-0.2348495017665123,-0.3318388290704906,-0.05515360233744372,-0.04872791935195721,-0.1022280200481362,-0.14901601058047292,-0.20079438547040107,-0.0692512000431979,-0.03587652394217461,1.0
C380077,31.99229,-111.064199,0.5711031349742806,0.6428677028555968,-0.8155183436387851,1.551319093825029,1.22518489624962,0.007123196986884095,-0.04756723143224824,0.22375016452249455,-0.14825033104256244,-0.18072043055968945,-0.3668130481849958,-0.2348495017665123,-0.3306108087239665,-0.05432610676135944,-0.043059857887299706,-0.10338314280210614,-0.13279293612727883,-0.1545965828870028,-0.04174120491256819,-0.2881775386350305,1.0
C380078,31.869453,-111.133187,1.7669717399435907,0.1592586420039744,-0.4733809531697801,0.3346360700673447,0.8455660544891686,-0.1603117076537749,0.008990227503345067,1.902682392111965,-0.14825033104256244,-0.18072043055968945,-0.40165812104713,-0.2348495017665123,-0.33019328180614826,-0.05197427722933043,-0.03928115024419471,-0.09271524442720722,-0.0841237127676966,-0.17597438957265374,-0.04438639675205182,0.45955092309106965,0.0
C380079,33.05899,-110.74239,-0.8072413334235895,4.0861642161191485,-0.05841913822343679,-0.6387103489388025,-0.48309989167241163,-0.08855389137920676,-0.04756723143224824,-0.5941911771236579,-0.14366967722196303,-0.17539291164619314,-0.21857042606632107,-0.2348495017665123,-0.2620013119636609,-0.05423900196387688,-0.04589388861962846,-0.0772909582418438,-0.13279293612727883,-0.05694710997542754,-0.067135046571611,-0.08633672688074578,0.0
C380080,31.97322,-111.09379,-0.8854452748929722,0.31401354147649363,-0.8230755952354899,-0.6387103489388025,-0.5087498134129826,0.16259846558178173,-0.10412469036784153,-0.6802902657179898,-0.07954052373357151,-0.18072043055968945,-0.31222914792119033,0.39855727817660813,0.28201306599995485,-0.05515360233744372,-0.04872791935195721,-0.06621536948319078,-0.1273852446428808,-0.20985277813381248,-0.0692512000431979,-0.46708189450814647,0.0
C380099,32.7076,-110.68758,-0.37060266021953614,-0.4597609558861024,-0.2507855425031986,-0.6387103489388025,0.2094479953230066,-0.0765942553334454,-0.16068214930343483,-0.6802902657179898,-0.14366967722196303,-0.18072043055968945,-0.41666365820452306,0.020157856514932234,0.28201306599995485,-0.054456763957583275,-0.046838565530404705,-0.0999177745401963,-0.14901601058047292,-0.20405540682922918,-0.06554793146792082,-0.003765485708538409,1.0
C380100,40.25741,-116.74343,1.3205575740558648,-0.4210722310179726,-0.6884191122396567,0.7239746376698037,-0.31894039253275697,-0.22010988788258168,0.06554768643893837,0.7833942403856515,-0.14825033104256244,-0.16473787381920052,-0.4456676494886116,-0.2348495017665123,-0.3319125102912821,-0.05240980121674321,-0.04022582715497096,-0.10025751652665806,-0.14901601058047292,-0.11763834082028413,-0.009469864470867964,0.36321780839016105,0.0
C380101,40.91184,-116.32399,-0.7583638700052253,4.318296565327928,-0.8945259739679728,-0.6387103489388025,2.528200920670629,-0.19619061579105898,-0.18896087877123147,-0.5080920885293261,-0.14825033104256244,-0.18072043055968945,-0.4462215451554952,-0.2348495017665123,-0.3278232025373566,-0.05515360233744372,-0.046838565530404705,-0.10419852356961436,-0.14901601058047292,-0.20405540682922918,-0.06448985473212737,-0.41203440039334155,0.0
C380102,40.783747,-116.214894,-0.882186777331748,5.827156835184989,-0.9329992548239252,-0.6387103489388025,-0.3035504394884143,-0.19619061579105898,-0.18896087877123147,-0.6802902657179898,-0.14366967722196303,-0.18072043055968945,-0.4462215451554952,-0.2348495017665123,-0.3318879498843516,-0.05201782962807171,-0.04117050406574721,-0.10447031715878376,-0.14901601058047292,-0.18793146788835685,-0.0692512000431979,-0.3845106533359391,1.0
C380103,38.75,-105.14587,1.2260611447803604,-0.1695955193751289,-0.12712142546620886,3.449344610887016,-0.5087498134129826,3.415619470028871,-0.08998532563394321,0.8264437846828174,-0.14573097144123276,-0.1765768047380812,-0.44580864111290924,-0.23168563876053905,-0.2912281962109362,-0.05375992557772283,-0.04872791935195721,-0.05534362591641479,-0.1057544787052887,0.1407070179402099,0.12860914955017727,-0.17808255040542065,1.0
C380104,38.7342,-105.12477,1.2325781399028088,-0.1695955193751289,-0.15460234036331771,3.108673364234864,-0.5087498134129826,3.188386385159405,-0.06170659616614655,0.7833942403856515,-0.14366967722196303,-0.17716875128402526,-0.44544609122185813,-0.23206530232125583,-0.29466665318120394,-0.05371637317898155,-0.046838565530404705,-0.06003206532958694,-0.1057544787052887,0.13164862527679846,0.14077703201180197,-0.11844776511438199,1.0
C380105,46.7633,-89.46259,0.5678446374130564,-0.2082842442432587,-0.6052893446759025,-0.2493717813363436,0.2556178544560345,-0.1304126175393715,0.093826415906735,6.508983631908718,-0.14366967722196303,-0.18072043055968945,-0.19137918423748806,-0.2348495017665123,-0.330586248317036,-0.05249690601422577,-0.03266841186876096,-0.09285114122179192,-0.14901601058047292,-0.1770613966922631,-0.042799281648361644,0.6705663171978218,0.0
C380106,61.515,-142.8367,-0.8724112846480752,4.937316163218005,-0.9295641404617867,-0.6387103489388025,-0.519009782109211,-0.20217043381393962,0.4048924400524981,-0.6802902657179898,-0.11389542738806696,-0.15941035490570418,0.05737144331475449,-0.2348495017665123,-0.33163006561158154,-0.05515360233744372,-0.04872791935195721,-0.1044023687614914,-0.14901601058047292,-0.16129979345792722,-0.0692512000431979,-0.42120898274580904,0.0
C380108,46.00601,-112.54172,-0.55633702120932,-0.4984496807542321,-0.6870450664948012,-0.3467064232369583,-0.37024023601389905,3.565114920600888,-0.18896087877123147,-0.6802902657179898,-0.12374383310235566,-0.1546747825381519,-0.41434736723391874,0.39855727817660813,0.28201306599995485,-0.054413211558841997,-0.04872791935195721,-0.1029075040210597,-0.17064677651806504,-0.20532358180210677,-0.06766408493950772,-0.3845106533359391,0.0
C380109,36.77508,-85.33494,-0.869152787086851,1.9002512610698152,-0.9288771175893589,-0.6387103489388025,3.5644577589896995,-0.22010988788258168,-0.18896087877123147,-0.6802902657179898,-0.14825033104256244,-0.18072043055968945,-0.4445497873245373,-0.2348495017665123,0.28201306599995485,-0.05515360233744372,-0.04872791935195721,-0.10528569792629194,-0.14901601058047292,-0.20568591750864323,-0.06819312330740444,-0.46708189450814647,0.0
C380110,36.77508,-85.33494,-0.7713978602501225,2.03566179810827,-0.9240679574823649,-0.3953737441872657,3.836346929439752,-0.22010988788258168,-0.18896087877123147,-0.5941911771236579,-0.14366967722196303,-0.18072043055968945,-0.44544609122185813,-0.2348495017665123,0.28201306599995485,-0.05467452595128967,-0.04872791935195721,-0.10460621395336844,-0.14901601058047292,-0.1895619785677709,-0.06607696983581755,-0.3936852356884066,0.0
C380112,40.55445,-75.40462,-0.8789282797705237,0.12056991713584457,-0.6437626255318547,-0.6387103489388025,0.5069870875136306,-0.22010988788258168,-0.18896087877123147,-0.6802902657179898,-0.14825033104256244,-0.17065733927864085,-0.44604027020996967,-0.23282462944268942,0.28201306599995485,-0.05515360233744372,-0.04872791935195721,-0.10528569792629194,-0.1273852446428808,-0.21130212095995832,-0.0692512000431979,-0.40285981804087406,0.0
C380113,46.37212,-112.09394,1.5714618862701342,-0.4597609558861024,-0.14773211163904051,-0.6387103489388025,0.34282758837397603,-0.19619061579105898,0.3766137105847015,-0.03454710126050093,0.25026655134958486,1.8810293889633856,0.05737144331475449,0.19353754924226674,-0.15516354181605782,-0.05515360233744372,-0.04589388861962846,-0.10311134921293676,-0.14901601058047292,-0.1535095757673934,-0.04015408980887802,-0.031289232765940866,0.0
C380114,38.05755,-90.9093,-0.8430848065970566,-0.40172786858390763,-0.8711671963054303,-0.5413757070381877,-0.3907601734063558,-0.20217043381393962,-0.13240341983563816,-0.5511416328264921,-0.14366967722196303,-0.1759848581921372,-0.43479115275707836,0.39855727817660813,-0.32846177311754915,-0.037427776049743594,-0.03455776569031346,0.1654886652837223,-0.14901601058047292,-0.19952621049752345,-0.06396081636423065,-0.46708189450814647,0.0
C380115,40.31855,-112.21024,-0.5270105431583015,-0.5564827680564269,-0.8986481112025392,-0.4927083860878804,-0.539529719501668,-0.22010988788258168,-0.18896087877123147,0.3528987974139923,-0.14825033104256244,-0.17065733927864085,-0.4459899160584348,-0.23206530232125583,-0.3316791864254425,-0.05288887760289727,-0.03644711951186596,-0.10433442036419904,-0.13279293612727883,-0.1466251973432007,-0.04332832001625837,-0.35698690627853663,1.0
C380116,46.0166,-112.52309,0.49289919350489775,-0.2663173315454534,-0.7626175824618504,0.8699766005207257,-0.44206001688749796,-0.20217043381393962,-0.18896087877123147,0.05155198733383086,-0.14504387336814284,-0.18072043055968945,-0.3985361636519677,-0.23548227436770694,-0.3315318239838596,-0.054413211558841997,-0.046838565530404705,-0.08428964316295583,5.264143250162035,-0.16619132549616938,-0.02587005387566644,-0.02211465041347338,0.0
C380117,46.0171,-112.53779,-0.7388128846378796,-0.5564827680564269,-0.23704508505464425,-0.4927083860878804,-0.5703096255903531,-0.22010988788258168,0.008990227503345067,-0.5511416328264921,-0.13908902340136364,-0.1446116912571033,-0.055422975093323015,-0.23345740204388407,-0.32957927163288614,-0.05432610676135944,-0.046838565530404705,-0.0988306001835187,-0.12197755315848278,-0.17724256454553136,-0.067135046571611,-0.3340504503973679,0.0
C380118,46.02073,-112.50506,-0.6769014309746183,-0.5564827680564269,-0.2741443201657411,-0.4927083860878804,-0.5703096255903531,-0.22010988788258168,-0.18896087877123147,-0.4650425442321601,-0.029153331706978165,-0.16947344618675278,0.05737144331475449,-0.23548227436770694,-0.3307950117759451,-0.05436965916010072,-0.04872791935195721,-0.10351903959669086,-0.17064677651806504,-0.20713526033478905,-0.058141394317366674,-0.4074471092171078,1.0
C380119,29.813,-104.32938,1.1054967350150622,1.339264750481933,-0.5139153026430157,0.04263214436550059,2.0305924389035503,-0.14237225358513286,0.10796578064063334,3.3663668982156065,-0.14137935031166335,-0.18072043055968945,-0.44488212472466754,-0.2348495017665123,-0.32459350902599804,-0.04565917941184513,0.005118664562289021,-0.06771023422362246,-0.14901601058047292,-0.18611978935567453,-0.045973511855742,0.6705663171978218,0.0
C380120,46.018454,-112.511696,-0.8724112846480752,-0.5564827680564269,0.5873823618586205,-0.6387103489388025,-0.5703096255903531,-0.22010988788258168,-0.18896087877123147,-0.6802902657179898,-0.10129862938141863,3.2306675137157863,0.05737144331475449,-0.23168563876053905,-0.32104453022454316,-0.054108344767653055,-0.04589388861962846,-0.10100494889687389,-0.17064677651806504,-0.20079438547040107,-0.06766408493950772,-0.3523996151023029,1.0
C380121,46.0166,-112.52309,1.1348232130660807,-0.4984496807542321,-0.5894878186100648,1.2593151681231844,-0.149650909044988,-0.22010988788258168,-0.08998532563394321,0.3098492531168264,-0.14825033104256244,-0.17420901855430507,-0.4167643665075928,-0.23345740204388407,-0.3313599011353462,-0.05393413517268794,-0.04589388861962846,-0.08945372135717441,0.04566088285785604,-0.15006738655529706,-0.013173133046145036,0.1659642878121101,0.0
C380122,46.00601,-112.54172,-0.6508334504848242,-0.2469729691113885,-0.8340679611943335,-0.444041065137573,-0.12400098730441701,2.518646766596769,-0.14654278456953648,-0.5941911771236579,-0.07266954300267242,-0.17539291164619314,-0.4373189311641291,0.320092069481197,0.28201306599995485,-0.05463097355254839,-0.04872791935195721,-0.10134469088333564,-0.14901601058047292,0.4287639046366934,-0.05549620247788305,-0.3661614886310041,0.0
C380123,46.0166,-112.52309,-0.8398263090358323,-0.5564827680564269,0.47745870227018533,-0.6387103489388025,-0.5703096255903531,-0.22010988788258168,-0.18896087877123147,-0.6802902657179898,-0.11252123124188715,0.9812706391284519,0.05737144331475449,-0.23168563876053905,-0.18095196909306546,-0.054456763957583275,-0.04872791935195721,-0.08795885661674273,-0.17064677651806504,-0.20641058892171615,-0.067135046571611,-0.3845106533359391,0.0
C380124,37.43612,-106.5978,0.08558699835186288,-0.517794043188297,-0.9144496372683768,-0.2493717813363436,-0.5703096255903531,-0.22010988788258168,2.32784604386267,-0.6802902657179898,-0.12534706193956546,-0.038061312987176944,0.05737144331475449,-0.22510480370811467,-0.3314949833734639,-0.05467452595128967,-0.04589388861962846,-0.101412639280628,-0.14901601058047292,-0.19880153908445056,-0.067135046571611,-0.3845106533359391,0.0
C380125,37.43612,-106.5978,-0.8202753236684867,-0.5564827680564269,-0.7708618569309832,-0.6387103489388025,-0.5703096255903531,-0.22010988788258168,-0.14654278456953648,0.6972951517913196,-0.14825033104256244,-0.18072043055968945,-0.4207926986303829,-0.2348495017665123,-0.33175286764623396,-0.05367282078024027,-0.04589388861962846,-0.10005367133478102,-0.14901601058047292,-0.11347148019511487,-0.016876401621422107,-0.3845106533359391,0.0
C380126,35.03372,-84.36325,-0.8854452748929722,-0.517794043188297,2.4492143461377434,-0.6387103489388025,-0.44206001688749796,-0.1543318896308942,-0.08998532563394321,-0.6802902657179898,-0.14825033104256244,-0.18072043055968945,-0.24374750183375904,-0.2348495017665123,-0.32465491004332425,-0.05454386875506583,-0.046838565530404705,-0.0077797478117698805,-0.14901601058047292,-0.2111209531066901,-0.06819312330740444,-0.017527359237239637,1.0
C380127,35.03372,-84.36325,0.8285244423109985,-0.2856616939795183,-0.12712142546620886,-0.6387103489388025,0.48646715012117375,-0.08257407335632608,-0.14654278456953648,0.7403446960884855,-0.14825033104256244,-0.18072043055968945,-0.4145487838400582,-0.2348495017665123,-0.326828506056672,-0.05432610676135944,-0.04400453479807596,-0.0974716322376717,-0.14901601058047292,-0.1718075289474845,-0.03010236081884024,-0.1505588033480182,1.0
C380128,35.03372,-84.36325,1.151115700872202,0.5268015282512075,-0.252159588248054,-0.4927083860878804,3.718357289433125,0.15063882953602037,-0.019288501964451584,0.5681465188998219,-0.14825033104256244,-0.18072043055968945,-0.29309457033793745,-0.22725623055217647,-0.30621004443853117,-0.05463097355254839,-0.043059857887299706,-0.09917034216998045,-0.14901601058047292,-0.14318300813110435,-0.0031214040561072572,-0.05422568864710958,0.0
C380129,35.03372,-84.36325,0.15075694957634853,-0.4597609558861024,0.39501595757885866,-0.4927083860878804,0.5839368527353439,-0.11247316347072946,-0.06170659616614655,0.2667997088196604,-0.14825033104256244,-0.18072043055968945,-0.31726456307467793,-0.2348495017665123,-0.32142521653196565,-0.05393413517268794,-0.04400453479807596,-0.08272683002523179,-0.14901601058047292,-0.18104708946416415,-0.04332832001625837,-0.13679692981931696,1.0
C380130,46.72268,-112.34728,0.43424623740286084,-0.150251156941064,-0.8223885723630622,1.16198052622257,-0.2676405490516149,-0.19619061579105898,-0.11826405510173986,0.05155198733383086,-0.14825033104256244,-0.18072043055968945,-0.41918136578126686,-0.23358395656412298,-0.33118797828683283,-0.05711346028080123,-0.04589388861962846,-0.10216007165084386,1.26779915833181,-0.05948345992118275,-0.029573322450943514,-0.21019358863905685,0.0
C380133,34.584346,-113.21008,-0.6573504456072726,-0.517794043188297,-0.9288771175893589,-0.444041065137573,-0.539529719501668,-0.22010988788258168,-0.005149137230553268,-0.6802902657179898,-0.13908902340136364,-0.17480096510024912,0.05737144331475449,-0.2348495017665123,-0.33205987273286497,-0.05711346028080123,-0.04967259626273345,-0.10358698799398319,-0.07709371383797917,0.5573930804571358,-0.042799281648361644,-0.3523996151023029,0.0
C380134,34.66364,-112.18494,-0.6117314797501329,1.339264750481933,-0.5626939265853838,-0.6387103489388025,0.4454272753362602,-0.09453370940208743,-0.14654278456953648,-0.4650425442321601,-0.04976627389967544,2.520331658582944,0.05737144331475449,-0.23345740204388407,-0.04955379201497893,-0.05711346028080123,-0.04967259626273345,-0.07667942266621265,-0.13603755101791765,-0.20061321761713283,-0.06766408493950772,-0.25147920922516054,0.0
C380135,31.43264,-109.92125,-0.8854452748929722,-0.5564827680564269,-0.938495437803347,-0.6387103489388025,-0.5703096255903531,-0.22010988788258168,-0.13240341983563816,-0.6802902657179898,-0.14825033104256244,-0.18072043055968945,0.05737144331475449,-0.2348495017665123,-0.3318633894774211,-0.05711346028080123,-0.04967259626273345,-0.10528569792629194,-0.1446898573929545,-0.21347613519917708,-0.0692512000431979,-0.46708189450814647,0.0
C380136,32.10012,-110.06506,0.1963759154334883,1.9969730732401398,-0.30093821219042227,-0.15203713943572886,0.5839368527353439,0.16259846558178173,0.22108069851181997,0.09460153163099681,-0.13679869649106394,-0.18072043055968945,0.05737144331475449,-0.2348495017665123,-0.1649877045882512,-0.05711346028080123,-0.04967259626273345,-0.07137944767740935,-0.13441524357259824,-0.10060856261307063,-0.03750889796939439,-0.26524108275386177,0.0
C380137,34.66364,-112.18494,-0.7616223675664496,0.4687684409490128,-0.8642969675811532,-0.6387103489388025,-0.539529719501668,-0.20217043381393962,-0.18896087877123147,-0.5511416328264921,0.007491898857816993,4.384963278306655,0.05737144331475449,-0.2348495017665123,0.0732482426374384,-0.05711346028080123,-0.04967259626273345,-0.023407879189010352,-0.1446898573929545,-0.20695409248152083,-0.06819312330740444,-0.3936852356884066,1.0
C380138,32.10012,-110.06506,0.704701534984476,0.7589338774599863,-0.33048019570481424,0.5779726748188815,0.009378605746552486,-0.0048364390588772725,0.2917775221813116,0.525096974602656,-0.13679869649106394,-0.18072043055968945,0.05737144331475449,-0.2348495017665123,0.28201306599995485,-0.05711346028080123,-0.04494921170885221,-0.07912556496873724,-0.1446898573929545,0.09541505462315274,-0.0052375575276941595,-0.27441566510632925,0.0
C380139,32.10012,-110.06506,-0.6866769236582912,0.7395895150259213,-0.15460234036331771,-0.6387103489388025,0.7993961953561407,0.07888101326145223,0.023129592237243403,-0.42199299993499423,-0.14137935031166335,-0.18072043055968945,0.036221580700151204,-0.2348495017665123,0.28201306599995485,-0.05711346028080123,-0.04967259626273345,-0.07355379639076455,-0.1414452425023157,-0.10513775894477635,-0.046502550223638715,-0.3615741974547704,0.0
C380140,40.529973,-112.136459,-0.7355543870766554,0.5074571658171426,-0.7028465925606387,-0.6387103489388025,-0.3651102516657848,-0.17825116172241692,-0.019288501964451584,-0.5080920885293261,-0.14825033104256244,-0.18072043055968945,-0.3924936654677826,-0.23333084752364514,-0.3256004857101478,-0.05711346028080123,-0.04494921170885221,-0.09842290979976462,-0.1446898573929545,0.01932455625049673,-0.06396081636423065,-0.3661614886310041,1.0
C380141,39.82582,-77.42798,0.8480754276783441,1.0684436764050247,-0.4046786659270081,-0.6387103489388025,-0.4471900012356122,-0.17227134369953626,-0.08998532563394321,3.1511191767297766,-0.14825033104256244,-0.12389356214906207,0.05737144331475449,-0.2348495017665123,-0.33165462601851203,-0.05711346028080123,-0.03928115024419471,-0.10052931011582746,-0.1446898573929545,-0.20930927457400783,-0.06554793146792082,0.45037634073860217,0.0
C380142,38.5018,-120.96772,-0.660608943168497,1.0104105891028299,0.2850922979904235,-0.6387103489388025,-0.07270114382327493,-0.19021079776817829,-0.0334278666983499,-0.5941911771236579,-0.0818308506438712,-0.17361707200836105,0.05737144331475449,-0.22282682234381393,0.021671388083423126,-0.05014507648219676,-0.04967259626273345,-0.09713189025120995,0.23168546992114816,-0.027779085599242737,-0.06819312330740444,-0.008352776884772152,0.0
C380143,32.63622,-108.37312,0.590654120341626,-0.517794043188297,-0.37376263666776055,0.23730142816673,-0.4882298760205258,-0.22010988788258168,-0.07584596090004486,-0.20674527844916463,-0.14137935031166335,-0.18072043055968945,0.05737144331475449,-0.23219185684149476,-0.33134762093188097,-0.05711346028080123,-0.04967259626273345,-0.09706394185391762,-0.13279293612727883,-0.13050125840232835,0.01645301555607158,-0.32946315922113417,0.0
C380145,40.55445,-75.40462,-0.8202753236684867,1.377953475350063,-0.3820069111368933,-0.4927083860878804,2.3435214841385172,-0.22010988788258168,-0.18896087877123147,-0.6802902657179898,-0.14825033104256244,-0.1712492858245849,-0.445083541330807,-0.2348495017665123,0.28201306599995485,-0.05711346028080123,-0.04967259626273345,-0.10426647196690669,-0.11711063082252456,-0.20532358180210677,-0.067135046571611,-0.4074471092171078,0.0
C380146,32.77541,-108.10621,-0.859377294403178,0.8363113271962458,-0.429411489334406,-0.6387103489388025,0.0196385744427808,1.6575529713019512,-0.18896087877123147,-0.6802902657179898,-0.13221804267046455,-0.18072043055968945,-0.4358989440908456,0.39855727817660813,0.28201306599995485,-0.05711346028080123,-0.04967259626273345,-0.08965756654905148,-0.1446898573929545,-0.20369307112269272,-0.0692512000431979,-0.4166216915695753,0.0
C380147,38.24109,-109.26379,-0.6345409626787027,-0.5564827680564269,-0.9316252090790698,-0.4927083860878804,-0.5549196725460106,-0.22010988788258168,-0.18896087877123147,-0.5511416328264921,-0.13908902340136364,-0.18072043055968945,0.05737144331475449,-0.23282462944268942,-0.3275039172472603,-0.05711346028080123,-0.04967259626273345,-0.10270365882918264,-0.12792601379132063,-0.20133788903020577,-0.06396081636423065,-0.46708189450814647,1.0
C380148,41.1592,-106.9961,2.5946301204945574,0.39139099121275317,-0.6568160601079815,-0.0060351765848068095,0.5531569466466587,-0.17825116172241692,-0.08998532563394321,0.05155198733383086,-0.14825033104256244,-0.18072043055968945,-0.42381394772247544,-0.2348495017665123,-0.3314213021526724,-0.042741168696179506,-0.04400453479807596,-0.0755242999122427,-0.1446898573929545,-0.1372044689732528,-0.04015408980887802,0.35404322603769356,0.0
C380149,32.793831,-108.068326,-0.321725196801172,-0.517794043188297,1.3911991225990537,-0.3467064232369583,-0.5549196725460106,-0.22010988788258168,-0.18896087877123147,-0.24979482274633058,-0.14825033104256244,-0.18072043055968945,0.05737144331475449,-0.2348495017665123,-0.33166690622197725,-0.05711346028080123,-0.04967259626273345,0.2898342323287226,-0.08358294361925679,-0.2004320497638646,-0.05549620247788305,-0.2377173356964593,0.0
C380150,45.09127,-116.7004,-0.42273862119912464,-0.4597609558861024,-0.6959763638363616,-0.2493717813363436,-0.5497896881978963,-0.22010988788258168,-0.14654278456953648,-0.16369573415199873,0.15407282111699763,-0.18072043055968945,0.05737144331475449,-0.2348495017665123,-0.33120025849029805,-0.05711346028080123,-0.04967259626273345,-0.104130575172322,-0.1446898573929545,-0.21075861740015364,-0.06819312330740444,-0.19184442393412188,0.0
C380151,38.24109,-109.26379,-0.5302690407195259,-0.5564827680564269,-0.9240679574823649,-0.6387103489388025,-0.5600496568941248,-0.20815025183682032,-0.18896087877123147,-0.4650425442321601,-0.14825033104256244,-0.18072043055968945,0.05737144331475449,-0.2348495017665123,-0.3318388290704906,-0.05711346028080123,-0.04967259626273345,-0.09325883160554603,-0.14036370420543606,-0.1542342471804663,-0.06343177799633393,-0.4166216915695753,0.0
C380153,45.06824,-110.62025,-0.4129631285154518,-0.3823835061498428,0.7110464788956102,-0.444041065137573,-0.09835106556384594,-0.17227134369953626,-0.14654278456953648,-0.42199299993499423,-0.13908902340136364,5.740527445044622,-0.44018911780161707,-0.2348495017665123,-0.3315563843907901,-0.04970955249478398,-0.043059857887299706,-0.05160646406533555,-0.14198601165075547,-0.20405540682922918,-0.06025754778895357,-0.260653791577628,0.0
C380154,43.89197,-113.66932,-0.7160034017093098,1.1651654885753493,0.15455795222915658,-0.6387103489388025,1.4098643327817317,-0.17825116172241692,0.093826415906735,-0.5080920885293261,-0.12763738884986514,-0.17480096510024912,0.05737144331475449,-0.2348495017665123,-0.21079286351360288,-0.045789836608068964,-0.04400453479807596,0.14918104993355832,-0.13820062761167687,-0.020532371468513586,-0.05443812574208959,-0.3111139945161992,0.0
C380155,44.7,-117.6,-0.7746563578113468,0.3333579039105585,0.9789853991424212,-0.6387103489388025,-0.44206001688749796,-0.20217043381393962,-0.18896087877123147,-0.5511416328264921,-0.14366967722196303,-0.1298130276085024,0.05737144331475449,-0.2348495017665123,-0.31112212582462784,-0.04753193255772008,-0.04967259626273345,1.0297922788424125,-0.1414452425023157,-0.21347613519917708,-0.0692512000431979,-0.3019394121637317,0.0
C380156,38.5018,-120.96772,-0.7974658407399167,-0.5564827680564269,-0.8697931505605749,-0.6387103489388025,-0.539529719501668,-0.22010988788258168,-0.13240341983563816,-0.5941911771236579,-0.09557281210566938,-0.0960720744896924,-0.348081303814022,0.39855727817660813,0.28201306599995485,-0.05711346028080123,-0.04967259626273345,-0.1044023687614914,-0.13657832016635746,-0.19825803552464588,-0.06819312330740444,-0.29735212098749797,0.0
C380157,35.01261,-84.37302,-0.8365678114746081,-0.014840619902609667,2.2705883993065363,-0.4927083860878804,-0.04705122208270386,0.0908406493072136,-0.18896087877123147,-0.6802902657179898,-0.14366967722196303,-0.18072043055968945,-0.26993166063189455,-0.20472952594964688,0.09535260887487353,-0.05711346028080123,-0.04967259626273345,-0.06886535697759241,-0.1446898573929545,-0.19535934987235423,-0.06766408493950772,-0.23313004452022557,1.0
C380158,40.529973,-112.136459,1.6985432911578813,-0.4984496807542321,-0.7303275074577477,2.08665962427841,-0.30868042383652855,-0.22010988788258168,0.093826415906735,0.6542456074941536,-0.14825033104256244,-0.18072043055968945,-0.3498940532692775,-0.2348495017665123,-0.3315686645942553,-0.05188717243184788,-0.04022582715497096,-0.07301020921242575,-0.11062140104124693,0.032006305979272724,0.13813184017231833,-0.026701941589707123,1.0
C380159,40.529973,-112.136459,1.3107820813721915,-0.5564827680564269,-0.5448313319022631,0.9673112424213405,-0.42154007949504113,-0.22010988788258168,-0.16068214930343483,0.3528987974139923,-0.14825033104256244,-0.17480096510024912,-0.4001474965010837,-0.2348495017665123,-0.3318511092739559,-0.05275822040667343,-0.04022582715497096,-0.08225119124418534,-0.1414452425023157,-0.14209600101149497,0.08734415685423272,-0.12762234746684947,0.0
C380160,34.75194,-112.12384,-0.823533821229711,-0.5564827680564269,0.0034129202950579675,-0.6387103489388025,-0.5703096255903531,-0.22010988788258168,-0.18896087877123147,-0.6802902657179898,-0.10931477356746758,-0.1682895530948647,0.05737144331475449,-0.20928548867824837,-0.32183046324631864,-0.05711346028080123,-0.04967259626273345,-0.008459231784693379,-0.1446898573929545,-0.2087657710142031,-0.06766408493950772,-0.38909794451217283,0.0
C380162,33.07871,-109.36676,-0.42273862119912464,-0.5564827680564269,-0.2555947026101927,-0.2493717813363436,-0.539529719501668,-0.22010988788258168,-0.14654278456953648,-0.5080920885293261,-0.13908902340136364,-0.18072043055968945,-0.4239146560255452,-0.2348495017665123,-0.3314213021526724,-0.046660884582894524,-0.043059857887299706,-0.10453826555607611,0.009970119060829067,-0.19862037123118234,-0.0650188931000241,-0.35698690627853663,0.0
C380163,45.12627,-116.6404,-0.6019559870664599,0.5074571658171426,-0.40261759730972485,-0.6387103489388025,-0.23173065861481537,-0.04071534719616134,-0.08998532563394321,-0.5080920885293261,-0.10473411974686818,-0.18072043055968945,0.05737144331475449,-0.2348495017665123,-0.33013188078882205,-0.05014507648219676,-0.04967259626273345,-0.0762037838851662,-0.11765139997096437,-0.1359362940003752,-0.0692512000431979,0.28982114957042115,0.0
C380164,40.16323,-113.80664,-0.7355543870766554,-0.517794043188297,-0.9329992548239252,-0.6387103489388025,-0.5497896881978963,-0.22010988788258168,-0.14654278456953648,-0.6802902657179898,-0.14825033104256244,-0.18072043055968945,0.05737144331475449,-0.2348495017665123,-0.2522999512261199,-0.05711346028080123,-0.04967259626273345,-0.09903444537539577,-0.14198601165075547,-0.11945001935296642,-0.0692512000431979,-0.40285981804087406,0.0
C380166,38.24109,-109.26379,-0.6834184260970669,-0.5564827680564269,-0.9350603234412084,-0.6387103489388025,-0.5703096255903531,-0.22010988788258168,-0.16068214930343483,-0.5941911771236579,-0.14825033104256244,-0.18072043055968945,0.05737144331475449,-0.2348495017665123,-0.3318511092739559,-0.05711346028080123,-0.04967259626273345,-0.102771607226475,-0.1446898573929545,-0.17724256454553136,-0.0650188931000241,-0.46708189450814647,1.0
C380167,34.44725,-112.35904,0.4244707447191879,1.7068076367291662,-0.7426939191614466,-0.05470249753511411,0.08119838662015136,-0.14237225358513286,-0.16068214930343483,0.2667997088196604,-0.008540389514280888,-0.18072043055968945,0.05737144331475449,-0.2348495017665123,-0.3311020168625761,-0.05711346028080123,-0.04967259626273345,-0.09658830307287115,-0.1446898573929545,-0.21021511384034894,-0.06766408493950772,0.17055157898834383,0.0
C380168,44.7,-117.6,0.7144770276681486,-0.343694781281713,-0.030938223326328063,-0.444041065137573,0.07093841792392294,-0.1304126175393715,-0.14654278456953648,0.09460153163099681,-0.13221804267046455,-0.1765768047380812,0.05737144331475449,-0.22333304042476965,-0.3278477629442871,-0.05711346028080123,-0.04967259626273345,-0.06451665955088202,-0.13657832016635746,-0.20622942106844794,-0.06554793146792082,0.28982114957042115,0.0
C380170,45.12627,-116.6404,-0.8789282797705237,-0.4984496807542321,0.8209701384840457,-0.6387103489388025,-0.5292697508054395,-0.18423097974529762,-0.16068214930343483,-0.6802902657179898,-0.10931477356746758,-0.14342779816521523,0.05737144331475449,-0.2115634700425491,-0.3240531800735274,-0.05711346028080123,-0.04967259626273345,-0.09563702551077827,-0.14036370420543606,0.3544850847967197,-0.0692512000431979,-0.3111139945161992,1.0
C380171,58.2692,-134.3777,0.4309877398416363,0.9717218642347001,0.07211520753783003,-0.4927083860878804,1.2867447084269905,-0.14237225358513286,-0.11826405510173986,0.8694933289799832,-0.14825033104256244,-0.18072043055968945,-0.44400596248796065,-0.2348495017665123,-0.33083185238634083,-0.05014507648219676,-0.031723734957984716,0.03774567837410453,-0.14252678079919529,-0.20333073541615626,-0.061844662892643745,0.5788204936731469,1.0
C380172,61.2225,-143.4059,0.8448169301171199,1.145821126141284,-0.3428466074085132,-0.6387103489388025,0.15814815184186445,-0.17227134369953626,-0.14654278456953648,2.634524645163786,-0.13679869649106394,-0.18072043055968945,0.05737144331475449,-0.2348495017665123,-0.33139674174574196,-0.052322696419260656,-0.03833647333341846,-0.08503707553317169,-0.1446898573929545,-0.20496124609557032,-0.05919947105316012,0.9091054583619764,0.0
C380173,61.5229,-142.8511,-0.8854452748929722,-0.5564827680564269,-0.9192587973753709,-0.6387103489388025,-0.5703096255903531,-0.22010988788258168,-0.18896087877123147,-0.6802902657179898,-0.0841211775541709,-0.18072043055968945,0.05737144331475449,-0.2348495017665123,-0.33205987273286497,-0.05711346028080123,-0.04967259626273345,-0.10528569792629194,-0.1446898573929545,-0.21003394598708072,-0.06819312330740444,-0.46708189450814647,0.0
C380174,55.37449,-132.96391,0.6167221008314203,-0.517794043188297,0.5942525905828978,-0.4927083860878804,1.922862767593152,-0.02277589312751929,-0.18896087877123147,-0.42199299993499423,-0.12992771576016485,-0.18072043055968945,0.05737144331475449,-0.2302935390379108,-0.28484249040901055,-0.05711346028080123,-0.04967259626273345,-0.1005972585131198,-0.1446898573929545,-0.12488505495101328,-0.06396081636423065,-0.279002956282563,0.0
C380176,40.2032,-120.77465,-0.5270105431583015,-0.5564827680564269,-0.8361290298116165,-0.444041065137573,-0.539529719501668,-0.22010988788258168,-0.14654278456953648,-0.37894345563782833,-0.017701697155479677,-0.18072043055968945,0.05737144331475449,-0.1889102109197806,-0.33164234581504676,-0.05711346028080123,-0.04967259626273345,-0.10528569792629194,-0.13711908931479727,-0.167459500469047,-0.048618703695225626,-0.40285981804087406,0.0
C380180,40.83155,-122.28299,-0.6540919480460484,1.7454963615972963,0.16142818095343375,-0.4927083860878804,1.1123252405911075,-0.04669516521904199,-0.14654278456953648,-0.5941911771236579,-0.13908902340136364,-0.173025125462417,0.05737144331475449,-0.20245154458534614,-0.15761958250910618,-0.05711346028080123,-0.04967259626273345,-0.10447031715878376,-0.13008909038507982,-0.18448927867626047,-0.067135046571611,-0.3753360709834716,1.0
C380183,37.93601,-120.5499,1.3433670569844347,-0.47910531832016734,0.8965426544510948,-0.6387103489388025,1.8920828615044671,-0.09453370940208743,-0.08998532563394321,0.1807006202253286,-0.14825033104256244,-0.18072043055968945,-0.016146736896119777,-0.2348495017665123,-0.32648466035964524,-0.05711346028080123,-0.04967259626273345,0.2877957804099521,-0.06627833086918311,-0.20133788903020577,-0.061844662892643745,0.8173596348373016,0.0
C380184,37.96101,-120.74991,-0.8170168261072625,-0.5564827680564269,1.2263136332164006,-0.6387103489388025,-0.5549196725460106,-0.22010988788258168,-0.18896087877123147,-0.6802902657179898,-0.10244379283656849,-0.18072043055968945,0.05737144331475449,-0.23282462944268942,-0.09130648379680081,-0.05711346028080123,-0.04967259626273345,-0.10243186524001326,-0.008416031986124223,-0.2111209531066901,-0.0692512000431979,-0.2468919180489268,0.0
C380186,39.03069,-121.28914,-0.7290373919542069,-0.5564827680564269,1.8858555907470127,-0.4927083860878804,-0.5549196725460106,-0.22010988788258168,-0.18896087877123147,-0.5080920885293261,-0.14137935031166335,-0.17065733927864085,-0.22763417334259875,-0.23143252972006118,-0.26347493637948993,-0.05711346028080123,-0.04967259626273345,-0.0978793226214258,-0.13441524357259824,-0.21021511384034894,-0.06819312330740444,-0.2056062974628231,1.0
C380187,37.93601,-120.5499,1.3726935350354532,-0.4597609558861024,0.8828021970025405,-0.6387103489388025,2.5076809832781723,-0.10051352742496811,-0.08998532563394321,0.6972951517913196,-0.14825033104256244,-0.18072043055968945,-0.3523110525429516,-0.2348495017665123,-0.33015644119575255,-0.05188717243184788,-0.03266841186876096,0.027553418780252054,-0.14090447335387588,-0.20333073541615626,-0.06660600820371428,0.3081703142753561,0.0
C380188,41.86263,-123.37284,0.13120596420900282,-0.47910531832016734,1.0751686012823023,-0.6387103489388025,0.19918802662677818,-0.18423097974529762,-0.16068214930343483,0.7833942403856515,-0.14825033104256244,-0.16355398072731245,-0.18030127089981535,-0.2348495017665123,-0.3275653182645865,-0.05275822040667343,-0.043059857887299706,0.14646311404186432,-0.1414452425023157,-0.15985045063178138,-0.06819312330740444,0.2622974025130187,0.0
C380189,38.23321,-120.86492,-0.4422896065664704,-0.4984496807542321,1.5766952981545383,-0.5413757070381877,0.12223826140506507,-0.20815025183682032,-0.14654278456953648,-0.4650425442321601,-0.13679869649106394,-0.14520363780304735,0.05737144331475449,-0.2323184113617337,-0.2697378401467632,-0.05711346028080123,-0.04967259626273345,-0.08761911463028098,-0.0641152542754239,-0.0638314883996202,-0.06766408493950772,-0.031289232765940866,1.0
C380191,37.93601,-120.5499,2.161249944851728,-0.4597609558861024,0.4087564150274133,-0.6387103489388025,3.266918666799075,-0.11247316347072946,-0.14654278456953648,1.0847410504658128,-0.14825033104256244,-0.18072043055968945,-0.43728871867320823,-0.2348495017665123,-0.32545312326856496,-0.04535431262065618,-0.01377487365323597,-0.07572814510411975,-0.14090447335387588,-0.20695409248152083,-0.06766408493950772,0.6155188230830169,1.0
C380192,61.6652,-144.1248,1.5649448911476858,2.0743505229763994,-0.14086188291476334,-0.6387103489388025,0.31204768228529073,-0.17825116172241692,-0.16068214930343483,0.525096974602656,-0.14825033104256244,-0.18072043055968945,-0.11987628905796421,-0.2348495017665123,-0.3291740249185332,-0.051451648444435095,-0.03361308877953721,-0.09101653449489847,-0.1446898573929545,-0.21075861740015364,-0.06766408493950772,0.21183719957444752,0.0
C380194,35.87435,-121.3877,-0.8528602992807295,-0.5564827680564269,1.7553212449857458,-0.6387103489388025,-0.5292697508054395,-0.22010988788258168,-0.18896087877123147,-0.6802902657179898,-0.14137935031166335,-0.17539291164619314,-0.0926850472291312,-0.23333084752364514,-0.33040204526505734,-0.05711346028080123,-0.04967259626273345,0.11452736731445988,-0.11602909252564496,-0.2042365746824974,-0.0692512000431979,-0.2377173356964593,0.0
C380197,61.6652,-144.1248,0.03996803249472293,-0.4210722310179726,-0.12025119674193167,-0.3467064232369583,-0.41128011079881266,-0.20815025183682032,-0.14654278456953648,0.7833942403856515,-0.09328248519536969,-0.17539291164619314,0.05737144331475449,-0.2348495017665123,-0.3300336391611001,-0.05711346028080123,-0.043059857887299706,-0.09101653449489847,-0.1414452425023157,-0.2111209531066901,-0.06766408493950772,0.17972616134081132,0.0
C380198,61.515,-142.8367,-0.8854452748929722,-0.4984496807542321,-0.926129026099648,-0.6387103489388025,-0.5703096255903531,-0.22010988788258168,-0.18896087877123147,-0.6802902657179898,-0.13221804267046455,-0.18072043055968945,0.05737144331475449,-0.23358395656412298,-0.3181218417998156,-0.05711346028080123,-0.04967259626273345,-0.10528569792629194,-0.124140629752242,-0.2017002247367422,-0.0692512000431979,-0.41203440039334155,0.0
C380210,44.35607,-103.76501,-0.23374576264811645,-0.22762860667732357,0.5873823618586205,-0.4927083860878804,1.1123252405911075,0.19249755569618515,-0.16068214930343483,-0.12064618985483284,-0.14825033104256244,-0.18072043055968945,-0.4451943204641837,-0.22991387547719402,-0.3305616879101055,-0.05711346028080123,-0.04494921170885221,-0.09536523192160887,-0.1446898573929545,-0.20206256044327867,-0.050734857166812516,-0.1092731827619145,0.0
C380213,47.49395,-115.81485,-0.8170168261072625,-0.5564827680564269,-0.6533809457458428,-0.6387103489388025,-0.5036198290648685,0.031042469078406795,-0.18896087877123147,-0.5941911771236579,-0.13908902340136364,-0.18072043055968945,-0.44120627166262155,-0.12715160504318263,0.28201306599995485,-0.05711346028080123,-0.04967259626273345,-0.07328200280159516,-0.1446898573929545,-0.20314956756288804,-0.062373701260540475,-0.46708189450814647,0.0
C380214,37.17,-94.31,-0.8202753236684867,0.12056991713584457,-0.7358236904371694,-0.5413757070381877,0.46081722838060285,-0.20815025183682032,-0.18896087877123147,-0.6802902657179898,-0.14825033104256244,-0.16059424799759225,-0.44262625873590505,-0.23345740204388407,0.28201306599995485,-0.05711346028080123,-0.04967259626273345,-0.10148058767792036,-0.13982293505699628,-0.19825803552464588,-0.067135046571611,-0.4166216915695753,0.0
C380215,36.07649,-83.61299,-0.823533821229711,3.157634819284034,-0.906205362799244,-0.444041065137573,4.8213039242776805,-0.19021079776817829,-0.18896087877123147,-0.6802902657179898,-0.14825033104256244,-0.18072043055968945,-0.4460100577190487,-0.2311794206795833,0.28201306599995485,-0.05711346028080123,-0.04967259626273345,-0.1038587815831526,-0.1446898573929545,-0.20894693886747137,-0.06607696983581755,-0.46708189450814647,0.0
C381064,61.6,-143.6,-0.5628540163317687,-0.517794043188297,-0.751625216503007,-0.3953737441872657,-0.5446597038497821,-0.22010988788258168,-0.16068214930343483,-0.12064618985483284,-0.0772501968232718,-0.18072043055968945,0.05737144331475449,-0.2348495017665123,-0.3314827031699986,-0.05463097355254839,-0.046838565530404705,-0.1044023687614914,-0.1446898573929545,-0.21075861740015364,-0.067135046571611,-0.19184442393412188,0.0
C381066,36.082,-83.56489,-0.7192618992705341,3.0996017319818394,-0.9048313170543887,-0.2493717813363436,5.231702672126818,-0.19619061579105898,-0.14654278456953648,-0.5511416328264921,-0.14825033104256244,-0.18072043055968945,-0.4462215451554952,-0.2348495017665123,0.0020230625390363515,-0.05515360233744372,-0.04872791935195721,-0.10358698799398319,-0.1446898573929545,-0.18919964286123445,-0.06448985473212737,-0.41203440039334155,1.0
C381068,33.05899,-110.74239,0.7405450081579429,-0.3243504188476481,-0.876663379284852,0.6266399957691889,-0.2112107212223586,-0.20815025183682032,-0.11826405510173986,0.05155198733383086,-0.14825033104256244,-0.18072043055968945,-0.4454058079006302,-0.2348495017665123,-0.3317897082566297,-0.054108344767653055,-0.04589388861962846,-0.10168443286979739,-0.1273852446428808,-0.18448927867626047,-0.05390908737419287,-0.2881775386350305,0.0
C381069,31.98982,-111.07149,-0.7974658407399167,1.2231985758775439,-0.36551836219862793,-0.6387103489388025,3.641407524211412,-0.028755711150399973,-0.08998532563394321,-0.5511416328264921,-0.14229548107578321,-0.18072043055968945,-0.045352144786347824,-0.23548227436770694,-0.31664821738398663,-0.053847030375205385,-0.04589388861962846,-0.06832176979925361,-0.03004679792371633,-0.1933665034864037,-0.0650188931000241,-0.31570128569243294,0.0
C381070,31.99229,-111.064199,-0.8496018017195052,-0.3243504188476481,0.27135184054186917,-0.6387103489388025,-0.4779699073242974,-0.19021079776817829,-0.16068214930343483,-0.5941911771236579,-0.11847608120866636,-0.18072043055968945,0.05737144331475449,-0.2348495017665123,-0.28987737382975964,-0.05345505878653388,-0.04589388861962846,-0.08857039219237388,-0.13982293505699628,-0.19952621049752345,-0.06554793146792082,-0.2468919180489268,1.0
C381071,33.411425,-110.964953,0.6069466081477474,-0.517794043188297,-0.7207091872437595,0.9186439214710331,-0.39589015775447006,-0.22010988788258168,-0.10412469036784153,0.3528987974139923,-0.14825033104256244,-0.18072043055968945,-0.34888697023858,-0.2348495017665123,-0.3314827031699986,-0.05393413517268794,-0.04589388861962846,-0.08626014668443398,4.744944782799741,-0.10223907329248469,0.039730703743527475,-0.2560665004013943,0.0
C381072,33.07871,-109.36676,-0.8496018017195052,3.176979181718099,-0.8567397159844482,-0.6387103489388025,5.539501733013671,0.12073973942161702,-0.14654278456953648,-0.6802902657179898,-0.14825033104256244,-0.18072043055968945,-0.4459496327372069,-0.21801775057473458,-0.31787623773051077,-0.05515360233744372,-0.04872791935195721,-0.1044023687614914,-0.14090447335387588,-0.20459891038903388,-0.06660600820371428,-0.42120898274580904,1.0
C381073,33.08454,-109.35871,0.13446446177022703,-0.47910531832016734,-0.2782664574003075,-0.6387103489388025,4.549414753827628,-0.16629152567665556,-0.06170659616614655,0.6972951517913196,-0.14825033104256244,-0.18072043055968945,0.05737144331475449,-0.2348495017665123,-0.31001690751275607,-0.054413211558841997,-0.04589388861962846,-0.08578450790338753,-0.13441524357259824,0.0012077709236738684,0.0254466678103159,-0.2560665004013943,1.0
C381074,33.40818,-110.88679,1.61382235456605,-0.5564827680564269,-0.8347549840667612,2.3786635499802538,-0.4625799542799548,-0.22010988788258168,-0.10412469036784153,0.1807006202253286,-0.14825033104256244,-0.18072043055968945,-0.4456877911492255,-0.2348495017665123,-0.3318511092739559,-0.054108344767653055,-0.04872791935195721,-0.10528569792629194,-0.1257629371975614,-0.17669906098572666,-0.023224862036182816,-0.3111139945161992,1.0
C381075,40.53241,-117.12899,0.1377229593314514,-0.4984496807542321,-0.48231225051134047,0.5293053538685741,0.004248621398438274,-0.22010988788258168,-0.08998532563394321,0.9555924175743151,-0.13221804267046455,-0.16888149964080876,0.0039949237178306014,-0.2348495017665123,-0.3290757832908113,-0.04801100894387414,-0.04117050406574721,-0.043928295171300015,-0.14036370420543606,-0.15224140079451579,-0.042270243280464914,0.24853552898431747,1.0
C381076,40.53241,-117.12899,1.3629180423517802,-0.4984496807542321,-0.8800984936469908,1.1133132052722625,-0.27790051774784325,-0.22010988788258168,-0.13240341983563816,0.8694933289799832,-0.14825033104256244,-0.17420901855430507,-0.32431414428956057,-0.2348495017665123,-0.3310406158452499,-0.05288887760289727,-0.043059857887299706,-0.07803839061205965,-0.14198601165075547,-0.12361687997813567,0.039201665375630745,-0.24230462687269305,0.0
C381077,32.70621,-110.68457,0.017158549566153033,-0.4404165934520375,-0.4177321005031347,0.7239746376698037,-0.5292697508054395,-0.20217043381393962,-0.18896087877123147,-0.5511416328264921,-0.14366967722196303,-0.18072043055968945,-0.3993418300765257,-0.19359272816862103,0.28201306599995485,-0.054456763957583275,-0.04872791935195721,-0.07987299733895309,-0.1446898573929545,-0.10133323402614355,0.0254466678103159,-0.12762234746684947,0.0
C381078,31.97322,-111.09379,-0.5628540163317687,1.5520527372566473,-0.2164343988818126,-0.6387103489388025,-0.4266700638431553,0.5453068190461451,-0.16068214930343483,-0.6802902657179898,-0.10015346592626878,-0.18072043055968945,-0.3897745412848993,0.39855727817660813,0.28201306599995485,-0.05515360233744372,-0.046838565530404705,-0.06682690505882193,0.03917165307657841,-0.15985045063178138,-0.06766408493950772,-0.279002956282563,0.0
C381080,34.2456,-113.95828,-0.8789282797705237,-0.4984496807542321,2.504939458343228,-0.6387103489388025,-0.5497896881978963,-0.22010988788258168,-0.13240341983563816,-0.6802902657179898,-0.14825033104256244,-0.18072043055968945,-0.44551658703400693,-0.2348495017665123,-0.3318633894774211,-0.05515360233744372,-0.04494921170885221,-0.104130575172322,-0.13603755101791765,-0.15405307932719808,-0.06766408493950772,0.4779000877960046,1.0
C381081,34.584346,-113.21008,1.6170808521272741,-0.3630391437157779,-0.8196404808733513,1.1133132052722625,-0.17017084643744487,-0.22010988788258168,-0.08998532563394321,0.3098492531168264,-0.14825033104256244,-0.18072043055968945,-0.3963205809844332,-0.2348495017665123,-0.3310283356417847,-0.05397768757142922,-0.04589388861962846,-0.09937418736185752,-0.13603755101791765,-0.07452039174244571,0.01010455514131087,-0.16432067687671942,0.0
C381082,32.70621,-110.68457,-0.6410579578011514,-0.517794043188297,-0.38544202549903195,-0.4927083860878804,-0.22147068991858695,-0.14237225358513286,-0.16068214930343483,-0.6802902657179898,-0.14366967722196303,-0.18072043055968945,-0.4282451130575445,0.39855727817660813,0.28201306599995485,-0.05467452595128967,-0.04872791935195721,-0.06648716307236018,-0.1446898573929545,-0.20930927457400783,-0.067135046571611,-0.22854275334399182,1.0
C381083,31.869453,-111.133187,1.7148357789640023,-0.2663173315454534,-0.832693915449478,1.2106478471728774,-0.3343303455770996,-0.20815025183682032,-0.08998532563394321,0.3098492531168264,-0.14825033104256244,-0.18072043055968945,-0.429252196088242,-0.2348495017665123,-0.3314827031699986,-0.054413211558841997,-0.04589388861962846,-0.09937418736185752,0.7973299991891817,-0.11039162668955499,-0.0015342889524170874,-0.28359024745879674,1.0
C381084,34.75194,-112.12384,1.1999931642905663,0.21729172930616908,-0.5338389659434195,-0.3467064232369583,0.9019958823184248,-0.17825116172241692,-0.14654278456953648,0.8264437846828174,-0.14825033104256244,-0.18072043055968945,-0.4462215451554952,-0.2348495017665123,-0.3303283640442659,-0.05450031635632455,-0.04872791935195721,-0.0978793226214258,-0.14198601165075547,-0.2009755533236693,-0.057083317581573215,-0.06340027099957707,1.0
C381085,31.869453,-111.133187,0.6167221008314203,-0.3050060564135832,-0.8890297909885511,1.4053171309741066,-0.3651102516657848,-0.20815025183682032,-0.11826405510173986,0.22375016452249455,-0.14825033104256244,-0.18072043055968945,-0.4321727368772648,-0.2348495017665123,-0.3315563843907901,-0.05393413517268794,-0.04494921170885221,-0.10331519440481379,0.07053626368608697,-0.004227264674373003,-0.027457168979356614,-0.2881775386350305,0.0
C381086,34.75194,-112.12384,-0.8887037724541966,-0.5564827680564269,0.9171533406239265,-0.6387103489388025,-0.5703096255903531,-0.22010988788258168,-0.18896087877123147,-0.6802902657179898,-0.12992771576016485,-0.06943447992221081,0.05737144331475449,-0.20245154458534614,0.28201306599995485,-0.05463097355254839,-0.046838565530404705,-0.019330975351469357,-0.1414452425023157,-0.20641058892171615,-0.06819312330740444,-0.14597151217178445,1.0
C381087,33.089,-109.35375,1.8679851643415435,-0.5564827680564269,-0.8464343728980324,1.307982489073492,-0.34459031427332804,-0.22010988788258168,-0.11826405510173986,0.05155198733383086,-0.14825033104256244,-0.18072043055968945,-0.43297840330182286,-0.2348495017665123,-0.33048800668931405,-0.05436965916010072,-0.046838565530404705,-0.1044023687614914,-0.12954832123664003,-0.19064898568738026,-0.057612355949469944,-0.279002956282563,0.0
C381088,31.45823,-111.23539,-0.8430848065970566,-0.5564827680564269,-0.8656710133260085,-0.6387103489388025,-0.5600496568941248,-0.07061443731056473,-0.14654278456953648,-0.6802902657179898,-0.05205660080997514,-0.1765768047380812,-0.40749920262517564,0.05685866738422202,0.28201306599995485,-0.05458742115380711,-0.046838565530404705,-0.075388403117658,-0.14198601165075547,-0.18938081071450266,-0.0650188931000241,-0.46708189450814647,0.0
C381089,31.45823,-111.23539,-0.8496018017195052,-0.4984496807542321,-0.9117015457786658,-0.6387103489388025,-0.5292697508054395,-0.09453370940208743,-0.16068214930343483,-0.6802902657179898,-0.10244379283656849,-0.18072043055968945,-0.42472032245010316,0.39855727817660813,0.28201306599995485,-0.05515360233744372,-0.04872791935195721,-0.09930623896456515,-0.1446898573929545,-0.2002508819105964,-0.06660600820371428,-0.46708189450814647,1.0
C381090,33.40838,-110.90069,1.4020200130864717,-0.5564827680564269,-0.7406328505441634,1.0159785633716476,-0.3651102516657848,-0.22010988788258168,-0.11826405510173986,0.4389978860083241,-0.14825033104256244,-0.1759848581921372,-0.2759741588160797,-0.2348495017665123,-0.33034064424773113,-0.053542163584016436,-0.043059857887299706,-0.09305498641366897,-0.04140295004095219,-0.17724256454553136,-0.024811977139872984,0.2301863642793825,1.0
C381091,33.405295,-110.884481,2.0341685399639817,-0.5564827680564269,-0.8004038404453752,1.6486537357256432,-0.37024023601389905,-0.22010988788258168,-0.13240341983563816,0.8694933289799832,-0.14825033104256244,-0.18072043055968945,-0.016146736896119777,-0.2348495017665123,-0.3317897082566297,-0.05397768757142922,-0.04211518097652346,-0.09189986365969903,-0.1414452425023157,-0.1641984791102189,0.0016399412549632706,0.055869299582500254,1.0
C381092,40.46712,-117.60429,-0.8104998309848138,-0.47910531832016734,-0.8924649053506897,-0.6387103489388025,-0.5497896881978963,-0.20815025183682032,-0.14654278456953648,3.065020088135445,-0.14825033104256244,-0.17243317891647297,-0.4462215451554952,-0.23333084752364514,-0.33175286764623396,-0.05423900196387688,-0.04400453479807596,-0.10433442036419904,-0.14036370420543606,-0.13358111190788824,-0.02798620734725334,-0.13220963864308322,0.0
C381093,40.46712,-117.60429,-0.8398263090358323,-0.5564827680564269,-0.9350603234412084,-0.6387103489388025,-0.5703096255903531,-0.22010988788258168,-0.14654278456953648,1.945731936409131,-0.14825033104256244,-0.18072043055968945,-0.4462215451554952,-0.2348495017665123,-0.33205987273286497,-0.05423900196387688,-0.04494921170885221,-0.10528569792629194,-0.14036370420543606,-0.16945234685499752,-0.05126389553470925,-0.3936852356884066,1.0
C381095,31.6793,-110.05205,1.444380481382387,1.2038542134434789,-0.7138389585194823,1.0159785633716476,0.1324982301012935,-0.1603117076537749,-0.08998532563394321,1.2999887719516425,-0.14825033104256244,-0.18072043055968945,-0.445899278585672,-0.2348495017665123,-0.33054940770664026,-0.052366248818001934,-0.04117050406574721,-0.0948895931405624,-0.14198601165075547,-0.14952388299549235,-0.009998902838764687,-0.10009860040944701,0.0
C381096,31.6793,-110.05205,-0.7681393626888983,2.82878065790493,-0.6224649164865955,-0.444041065137573,-0.3394603299252138,0.4735490027715769,-0.14654278456953648,-0.6802902657179898,-0.12305673502926576,-0.1759848581921372,-0.3629861326683453,0.39855727817660813,0.28201306599995485,-0.0540212399701705,-0.046838565530404705,-0.0527615868193055,-0.14198601165075547,-0.1857574536491381,-0.06766408493950772,-0.37074877980723786,1.0
C381097,31.6793,-110.05205,2.144957457045607,0.08188119226771483,-0.8292588010873394,4.0820197832410114,0.23509791706357766,-0.10649334544784879,-0.04756723143224824,1.6443851263289697,-0.14825033104256244,-0.18072043055968945,-0.43833608502513366,-0.2348495017665123,-0.33093009401406276,-0.05267111560919088,-0.03455776569031346,-0.09889854858081105,-0.14198601165075547,-0.1288707477229143,0.0021689796228599937,0.1246786672260064,0.0
C381098,31.6793,-110.05205,-0.8267923187909352,2.1904166975807886,-0.9240679574823649,-0.6387103489388025,-0.539529719501668,-0.14835207160801356,-0.14654278456953648,-0.6802902657179898,-0.14825033104256244,-0.18072043055968945,-0.44559715367646274,-0.23004042999743293,-0.3299476777368434,-0.05458742115380711,-0.046838565530404705,-0.10447031715878376,-0.14090447335387588,-0.15206023294124757,-0.06660600820371428,-0.40285981804087406,0.0
C381099,31.6793,-110.05205,-0.8333093139133837,3.6992769674378505,-0.8979610883301115,-0.6387103489388025,-0.3651102516657848,0.025062651055526144,-0.14654278456953648,-0.6802902657179898,-0.12992771576016485,-0.18072043055968945,-0.44226370884485394,0.39855727817660813,0.27341555912087867,-0.05450031635632455,-0.04872791935195721,-0.0749807127339039,-0.1446898573929545,-0.18467044652952874,-0.06766408493950772,-0.41203440039334155,1.0
C381100,31.6793,-110.05205,1.3335915643007616,-0.09221806963886933,-0.7371977361820248,0.8213092795704183,0.9584257101476812,-0.20217043381393962,-0.0334278666983499,1.2999887719516425,-0.14825033104256244,-0.18072043055968945,-0.4462215451554952,-0.2348495017665123,-0.33116341787990233,-0.05284532520415599,-0.03833647333341846,-0.09849085819705695,-0.1446898573929545,-0.14046549033208092,-0.008940826102971231,0.04669471723003277,0.0
C381101,31.6793,-110.05205,-0.8398263090358323,3.81534314204224,-0.9199458202477986,-0.6387103489388025,4.616104550353112,-0.20217043381393962,-0.18896087877123147,-0.37894345563782833,-0.14825033104256244,-0.18072043055968945,-0.4462215451554952,-0.2348495017665123,-0.33137218133881147,-0.05463097355254839,-0.046838565530404705,-0.10365493639127554,-0.14090447335387588,-0.16927117900172928,-0.06660600820371428,-0.3753360709834716,1.0
C381102,33.175366,-110.991336,0.4700897105763277,-0.343694781281713,-0.48643438774590675,0.1886341072164227,0.4915971344692881,-0.16629152567665556,-0.07584596090004486,2.204029202192127,-0.14825033104256244,-0.18072043055968945,-0.41495161705233724,-0.2348495017665123,-0.33013188078882205,-0.05332440159031005,-0.04589388861962846,-0.08755116623298863,5.264143250162035,-0.1826776001435782,-0.0523219722705027,0.7256138113126267,0.0
C381103,33.175366,-110.991336,-0.27610623094403214,-0.4984496807542321,-0.515289348387871,-0.15203713943572886,-0.38563018905824165,-0.20815025183682032,-0.08998532563394321,0.6972951517913196,-0.14825033104256244,-0.18072043055968945,-0.4234111145101964,-0.2348495017665123,-0.33160550520465104,-0.054151897166394326,-0.04589388861962846,-0.09162807007052963,0.08189241580332282,-0.18919964286123445,-0.05338004900629614,-0.13220963864308322,1.0
C381104,33.175366,-110.991336,0.5939126179028502,-0.5564827680564269,-0.16147256908759489,0.3833033910176521,-0.24199062731104382,-0.22010988788258168,-0.10412469036784153,1.1277905947629787,-0.13908902340136364,-0.18072043055968945,-0.1732516896849327,-0.2348495017665123,-0.3314581427630682,-0.053585715982757715,-0.04494921170885221,-0.09237550244074547,-0.13874139676011668,-0.16909001114846106,-0.03803793633729112,0.29899573192288864,1.0
C381105,33.175366,-110.991336,0.8741434081681384,-0.09221806963886933,-0.14086188291476334,0.1399667862661153,0.7019264927419707,-0.12443279951649083,-0.005149137230553268,2.935871455243947,-0.14366967722196303,-0.18072043055968945,0.05737144331475449,-0.2348495017665123,-0.3177534356958584,-0.05367282078024027,-0.046838565530404705,-0.08313452040898589,-0.13008909038507982,-0.15604592571314857,-0.02375390040407954,1.3311362465754808,0.0
C381106,33.410798,-110.964267,-0.8528602992807295,-0.5564827680564269,-0.8127702521490741,-0.6387103489388025,-0.5703096255903531,-0.20217043381393962,-0.18896087877123147,-0.6802902657179898,-0.13221804267046455,-0.18072043055968945,-0.2518041660793392,0.39855727817660813,0.28201306599995485,-0.05515360233744372,-0.04872791935195721,-0.1024998136373056,-0.14252678079919529,-0.20333073541615626,-0.06448985473212737,-0.4166216915695753,1.0
C381108,33.410798,-110.964267,1.1315647155048565,-0.5564827680564269,-0.867045059070864,1.453984451924414,-0.4471900012356122,-0.22010988788258168,-0.13240341983563816,0.3528987974139923,-0.14825033104256244,-0.18072043055968945,-0.42250473978256864,-0.2348495017665123,-0.3314335823561377,-0.05423900196387688,-0.04589388861962846,-0.09998572293748864,1.067714573409083,-0.09571703057482846,0.05771800825201612,-0.1734952592291869,1.0
C381109,33.410798,-110.964267,0.5515521496069347,-0.5564827680564269,-0.7131519356470546,0.4319707119679595,-0.48309989167241163,-0.22010988788258168,-0.14654278456953648,-0.12064618985483284,-0.14825033104256244,-0.18072043055968945,0.027157833423873536,-0.2348495017665123,-0.33034064424773113,-0.054413211558841997,-0.046838565530404705,-0.10107289729416626,-0.07547140639265976,-0.15985045063178138,-0.011586017942454858,-0.29735212098749797,1.0
C381110,34.49172,-112.58408,1.1380817106273051,-0.517794043188297,-0.8704801734330025,3.060006043284557,-0.5036198290648685,-0.22010988788258168,-0.18896087877123147,0.8264437846828174,-0.14825033104256244,-0.18072043055968945,-0.44449943317300245,-0.2348495017665123,-0.33160550520465104,-0.05450031635632455,-0.04117050406574721,-0.10426647196690669,5.264143250162035,-0.16456081481675533,-0.04808966532732889,-0.46708189450814647,0.0
C381111,31.45125,-110.74678,-0.6052144846276843,-0.5564827680564269,-0.47819011327677413,-0.6387103489388025,-0.5497896881978963,-0.22010988788258168,-0.14654278456953648,-0.07759664555766689,-0.14825033104256244,-0.11974993632745382,-0.44595970356751385,-0.2348495017665123,-0.33171602703583825,-0.0540212399701705,-0.04494921170885221,-0.1004613617185351,-0.14198601165075547,-0.2091281067207396,-0.067135046571611,-0.2560665004013943,0.0
C381114,35.361396,-114.146942,-0.8267923187909352,-0.5564827680564269,-0.9213198659926539,-0.6387103489388025,-0.5703096255903531,-0.22010988788258168,0.0372689569711417,-0.6802902657179898,-0.14825033104256244,-0.18072043055968945,-0.44260611707529113,-0.2348495017665123,-0.3315318239838596,-0.054151897166394326,-0.04589388861962846,-0.10528569792629194,-0.13820062761167687,-0.21003394598708072,-0.06766408493950772,-0.46708189450814647,0.0
C381115,35.361396,-114.146942,-0.7583638700052253,-0.4404165934520375,0.010283149019335271,-0.3467064232369583,-0.5087498134129826,5.832129711073205,-0.14654278456953648,-0.6802902657179898,-0.13679869649106394,-0.05937138864116222,-0.44380454588182117,-0.20055322678176218,-0.1981442539444039,-0.04988376208974909,-0.04872791935195721,-0.09842290979976462,-0.031669105369035735,0.01207784211976758,-0.0650188931000241,-0.12762234746684947,1.0
C381116,40.19021,-116.49342,0.2648043642191982,-0.5564827680564269,-0.6286481223384449,1.4053171309741066,-0.49335986036864005,-0.22010988788258168,-0.07584596090004486,0.6542456074941536,-0.14137935031166335,-0.15645062217598402,-0.44582878277352317,-0.2348495017665123,-0.3318879498843516,-0.054456763957583275,-0.04494921170885221,-0.10528569792629194,-0.10413217125996929,-0.060026963480987426,-0.05126389553470925,0.17972616134081132,0.0
C381117,40.19021,-116.49342,-0.6410579578011514,-0.5564827680564269,-0.9323122319514975,-0.444041065137573,-0.5703096255903531,-0.22010988788258168,-0.13240341983563816,-0.6802902657179898,-0.14825033104256244,-0.18072043055968945,-0.44556694118554185,-0.2348495017665123,-0.3318756696808864,-0.05397768757142922,-0.04400453479807596,-0.10528569792629194,-0.1414452425023157,-0.2111209531066901,-0.06819312330740444,-0.40285981804087406,1.0
C381118,34.584346,-113.21008,0.8350414374334469,-0.517794043188297,-0.2652130228241808,0.7239746376698037,-0.38050020471012747,-0.22010988788258168,-0.11826405510173986,0.09460153163099681,-0.14137935031166335,-0.17361707200836105,0.05737144331475449,-0.2348495017665123,-0.3297634746848648,-0.052104934425554264,-0.046838565530404705,-0.026125815080704346,-0.13765985846323706,-0.09535469486829201,-0.024811977139872984,-0.09092401805697953,1.0
C381119,31.90073,-109.81625,0.24199488129062827,-0.4984496807542321,-0.23017485633036694,1.5026517728747213,-0.539529719501668,-0.22010988788258168,-0.13240341983563816,-0.03454710126050093,0.5480090496885456,-0.1292210810625584,-0.4413271216263053,-0.1387946209051642,-0.29908752642869096,-0.054151897166394326,-0.04589388861962846,-0.10433442036419904,-0.14036370420543606,-0.18086592161089593,-0.06025754778895357,-0.18725713275788813,0.0
C381120,34.20088,-112.85047,-0.8267923187909352,-0.5564827680564269,-0.549640492009257,-0.6387103489388025,-0.5549196725460106,0.007123196986884095,-0.18896087877123147,-0.6802902657179898,-0.11847608120866636,-0.15526672908409594,-0.42381394772247544,0.39855727817660813,0.28201306599995485,-0.054195449565135605,-0.046838565530404705,-0.09210370885157607,-0.14036370420543606,0.3128164785450271,-0.06819312330740444,-0.37992336215970535,0.0
C381121,34.50175,-112.25764,-0.8202753236684867,-0.4597609558861024,-0.5365870574331304,-0.6387103489388025,-0.4779699073242974,-0.19619061579105898,-0.18896087877123147,-0.6802902657179898,-0.12305673502926576,-0.12507745524095015,-0.42854723796675376,0.39855727817660813,0.28201306599995485,-0.05406479236891178,-0.04494921170885221,-0.1031792976102291,-0.14090447335387588,-0.19499701416581774,-0.0692512000431979,-0.34781232392606914,0.0
C381122,33.410798,-110.964267,0.04974352517839585,-0.5564827680564269,-0.6836099521326626,0.09129946531580789,-0.5087498134129826,-0.22010988788258168,-0.14654278456953648,-0.24979482274633058,-0.14825033104256244,-0.18072043055968945,-0.06952213752308828,-0.2348495017665123,-0.33007047977149584,-0.05428255436261816,-0.046838565530404705,-0.0989664969781034,-0.053840640455067645,-0.135755126147107,0.02333051433872899,-0.2468919180489268,1.0
C381123,34.584346,-113.21008,1.532359915535443,-0.4984496807542321,-0.8649839904535809,1.7946556985765658,-0.3651102516657848,-0.22010988788258168,-0.11826405510173986,0.008502443036664904,-0.14825033104256244,-0.18072043055968945,-0.3838327514037839,-0.2348495017665123,-0.33151954378039433,-0.0540212399701705,-0.04494921170885221,-0.10012161973207336,0.08027010835800341,-0.12524739065754972,0.059834161723603035,0.06963117311120148,1.0
C381124,31.6793,-110.05205,-0.03497741141343548,2.886813745207125,-0.8986481112025392,0.23730142816673,5.693401263457096,-0.20815025183682032,-0.13240341983563816,0.22375016452249455,-0.14825033104256244,-0.18072043055968945,-0.4462215451554952,-0.2348495017665123,-0.3314090219492072,-0.05436965916010072,-0.04400453479807596,-0.10195622645896679,-0.14198601165075547,-0.18177176087723707,-0.05602524084577977,-0.2468919180489268,1.0
C381125,33.411425,-110.964953,1.2260611447803604,-0.4984496807542321,-0.8258236867252009,1.7946556985765658,-0.2830305020959575,-0.20815025183682032,-0.10412469036784153,0.2667997088196604,-0.14825033104256244,-0.18072043055968945,-0.38987524958796904,-0.2323184113617337,-0.32819160864131386,-0.054108344767653055,-0.04589388861962846,-0.10039341332124276,-0.14090447335387588,-0.13050125840232835,0.061950315195189926,-0.21019358863905685,0.0
C381126,34.50175,-112.25764,-0.8333093139133837,0.5074571658171426,0.2988327554389779,-0.6387103489388025,1.1431051466797926,-0.17825116172241692,-0.18896087877123147,-0.6802902657179898,-0.11618575429836667,-0.03273379407368063,-0.4010538712287115,0.39855727817660813,0.28201306599995485,-0.05515360233744372,-0.04872791935195721,-0.1001895681293657,-0.14036370420543606,-0.13032009054906013,-0.06766408493950772,-0.23313004452022557,1.0
C381127,31.99229,-111.064199,1.757196247259918,-0.2469729691113885,-0.8993351340749669,1.5999864147753362,-0.3651102516657848,-0.20217043381393962,-0.08998532563394321,0.13765107592816264,-0.14825033104256244,-0.18072043055968945,-0.43297840330182286,-0.2348495017665123,-0.330942374217528,-0.05454386875506583,-0.04872791935195721,-0.1038587815831526,0.20951393483511627,-0.1509732258216382,-0.02428293877197626,-0.3523996151023029,0.0
C381128,31.97322,-111.09379,-0.8528602992807295,0.19794736687210415,-0.7880374287416761,-0.6387103489388025,-0.39589015775447006,0.16857828360466243,-0.14654278456953648,-0.6802902657179898,0.04871778324321155,-0.18072043055968945,-0.4050822033515016,0.39855727817660813,0.28201306599995485,-0.05515360233744372,-0.046838565530404705,-0.037337300633942076,-0.14198601165075547,-0.1516978972347111,-0.06819312330740444,-0.3661614886310041,1.0
C381130,31.6793,-110.05205,1.3759520325966774,3.3317340811906173,-0.8471213957704601,0.04263214436550059,0.5839368527353439,0.19847737371906576,0.008990227503345067,1.1708401390601448,-0.14825033104256244,-0.18072043055968945,-0.4461006951918115,-0.22801555767361006,-0.3275284776541908,-0.05310663959660366,-0.03928115024419471,-0.09964598095102689,0.24899008267122186,-0.18322110370338288,-0.019521593460905734,-0.10009860040944701,1.0
C381131,33.08454,-109.35871,2.3339503155966153,-0.4984496807542321,-0.8828465851367016,2.0379923033281027,-0.42154007949504113,-0.22010988788258168,-0.11826405510173986,0.4389978860083241,-0.14825033104256244,-0.18072043055968945,-0.42884936287596304,-0.2348495017665123,-0.3286950969833888,-0.054456763957583275,-0.04589388861962846,-0.10365493639127554,-0.1414452425023157,-0.19807686767137764,-0.058141394317366674,-0.23313004452022557,1.0
C381132,34.2456,-113.95828,1.7604547448211423,-0.47910531832016734,-0.7131519356470546,-0.2007044603860362,-0.49335986036864005,-0.22010988788258168,-0.0334278666983499,1.1277905947629787,-0.14825033104256244,-0.1765768047380812,-0.008090072650539624,-0.2348495017665123,-0.3310897366591109,-0.054456763957583275,-0.04211518097652346,-0.09264729602991487,-0.11819216911940417,1.3617783489680708,-0.021108708564595912,-0.13679692981931696,1.0
C381133,34.75194,-112.12384,1.734386764331348,0.23663609174023398,0.2919625267147006,-0.3953737441872657,3.636277539863298,-0.17825116172241692,-0.18896087877123147,0.22375016452249455,-0.14825033104256244,-0.1765768047380812,-0.4378224726794779,-0.2348495017665123,-0.32213746833294965,-0.05515360233744372,-0.04872791935195721,-0.07586404189870445,-0.14198601165075547,-0.14173366530495854,-0.036450821233600945,-0.19184442393412188,0.0
C381134,40.46712,-117.60429,-0.882186777331748,-0.5564827680564269,-0.9364343691860638,-0.6387103489388025,-0.5703096255903531,-0.22010988788258168,-0.18896087877123147,0.09460153163099681,-0.14825033104256244,-0.18072043055968945,-0.4460805535311976,-0.2348495017665123,-0.3317897082566297,-0.054456763957583275,-0.04589388861962846,-0.10528569792629194,-0.1414452425023157,-0.18974314642103912,-0.06343177799633393,-0.46708189450814647,1.0
C381135,32.354,-112.86854,1.3987615155252475,-0.47910531832016734,-0.8636099447087254,1.0159785633716476,-0.37024023601389905,-0.22010988788258168,-0.08998532563394321,0.09460153163099681,-0.14825033104256244,-0.18072043055968945,-0.21252792788213595,-0.2348495017665123,-0.33095465442099326,-0.05362926838149899,-0.04589388861962846,-0.08490117873858698,-0.09493909573649265,-0.07234637750322696,-0.016347363253525385,-0.19643171511035562,1.0
C381136,35.361396,-114.146942,1.734386764331348,-0.517794043188297,-0.8574267388568759,1.551319093825029,-0.4266700638431553,-0.20815025183682032,-0.13240341983563816,-0.16369573415199873,-0.14825033104256244,-0.18072043055968945,-0.30316540064491265,-0.2348495017665123,-0.33004591936456534,-0.05406479236891178,-0.04589388861962846,-0.10120879408875096,-0.14090447335387588,-0.015097335870466714,0.2587525880527716,-0.3661614886310041,1.0
C381137,33.87925,-114.29999,1.6040468618823769,-0.40172786858390763,-0.35727408772949537,1.2593151681231844,-0.09322108121573172,-0.16629152567665556,-0.07584596090004486,0.6542456074941536,-0.14825033104256244,-0.18072043055968945,-0.4445195748336164,-0.2348495017665123,-0.33010732038189156,-0.05436965916010072,-0.046838565530404705,-0.0997818777456116,-0.14090447335387588,-0.1466251973432007,0.039201665375630745,-0.02211465041347338,0.0
C381138,34.584346,-113.21008,-0.11969834800526666,-0.4210722310179726,-0.6911672037293676,0.8699766005207257,-0.5446597038497821,-0.05865480126480336,0.093826415906735,-0.2928443670434965,-0.12534706193956546,0.5136328678326639,-0.18432960302260543,0.39855727817660813,0.28201306599995485,-0.05432610676135944,-0.043059857887299706,-0.09529728352431652,-0.14252678079919529,-0.13339994405462002,-0.061315624524747016,-0.31570128569243294,0.0
C381139,34.584346,-113.21008,-0.6443164553623756,-0.4984496807542321,1.5423441545331524,-0.3467064232369583,-0.5497896881978963,-0.20217043381393962,0.13624451010842997,-0.4650425442321601,-0.11618575429836667,-0.08304925047892363,-0.22159167515841363,-0.10639666372399806,-0.18217998943958963,-0.05463097355254839,-0.043059857887299706,-0.06798202781279186,-0.10737678615060811,-0.10495659109150811,-0.06448985473212737,0.3586305172139273,0.0
C381140,34.75194,-112.12384,-0.5465615285256472,-0.5564827680564269,1.6453975853973104,-0.6387103489388025,-0.23173065861481537,-0.22010988788258168,-0.14654278456953648,-0.6802902657179898,-0.13450836958076423,-0.1665137134570326,0.05737144331475449,-0.22092850454022997,-0.31394657262163345,-0.05515360233744372,-0.04872791935195721,0.08463007250582594,-0.1446898573929545,-0.20985277813381248,-0.06819312330740444,-0.058812979823343325,1.0
C381141,33.05899,-110.74239,0.3104233300763381,0.9136887769325055,-0.5826175898857877,-0.298039102286651,1.4816841136553305,-0.16629152567665556,0.07968705117283667,0.6542456074941536,-0.14366967722196303,-0.18072043055968945,-0.2719458266932896,-0.2348495017665123,-0.3295301508190252,-0.052627563210449604,-0.03739179642264221,-0.06329358839961972,-0.10088755636933049,-0.006038943207055283,0.051369547837255426,-0.04046381511840835,1.0
C381145,33.07871,-109.36676,2.014617554596636,-0.517794043188297,-0.7351366675647417,1.4053171309741066,-0.3394603299252138,-0.22010988788258168,-0.13240341983563816,0.3098492531168264,-0.14825033104256244,-0.18072043055968945,-0.36036771678853174,-0.2348495017665123,-0.3294933102086295,-0.05406479236891178,-0.04494921170885221,-0.09645240627828647,-0.13603755101791765,-0.1959028534321589,-0.061315624524747016,-0.27441566510632925,0.0
C381146,34.584346,-113.21008,0.401661261790618,-0.47910531832016734,-0.8148313207663573,0.2859687491170374,-0.4984898447167543,-0.22010988788258168,0.3483349811169048,-0.16369573415199873,-0.14825033104256244,-0.1759848581921372,0.05737144331475449,-0.2348495017665123,-0.3307458909620841,-0.05423900196387688,-0.04872791935195721,-0.1015485360752127,-0.09547986488493246,3.1752685601830395,-0.035921782865704216,-0.19643171511035562,1.0
C381147,34.45505,-112.20264,1.0989797398926138,-0.5564827680564269,-0.9178847516305154,2.81666943853302,-0.5292697508054395,-0.22010988788258168,-0.18896087877123147,-0.03454710126050093,-0.14825033104256244,-0.18072043055968945,-0.4339854863325204,-0.2348495017665123,-0.33177742805316446,-0.05436965916010072,-0.04494921170885221,-0.10453826555607611,5.264143250162035,-0.19246066422006256,-0.06078658615685029,-0.46708189450814647,0.0
C381148,33.87925,-114.29999,-0.8007243383011411,-0.4984496807542321,-0.3366634015566637,-0.6387103489388025,-0.539529719501668,-0.22010988788258168,-0.16068214930343483,-0.5511416328264921,-0.14825033104256244,-0.18072043055968945,0.05737144331475449,-0.2348495017665123,-0.33172830723930347,-0.05515360233744372,-0.04872791935195721,-0.10528569792629194,-0.13441524357259824,2.3056628644955417,-0.0650188931000241,-0.21019358863905685,1.0
C381149,31.869453,-111.133187,2.7249700229435287,-0.47910531832016734,-0.9144496372683768,3.9360178203900897,-0.4625799542799548,-0.22010988788258168,-0.11826405510173986,0.2667997088196604,-0.14825033104256244,-0.18072043055968945,-0.4450231163489652,-0.2348495017665123,-0.3318511092739559,-0.05454386875506583,-0.04872791935195721,-0.10460621395336844,0.7865146162203857,-0.17108285753441158,0.03496935843245696,-0.20101900628658936,0.0
C381150,34.584346,-113.21008,-0.40970463095422754,-0.5564827680564269,-0.8924649053506897,-0.298039102286651,-0.539529719501668,-0.22010988788258168,-0.14654278456953648,-0.4650425442321601,-0.14825033104256244,-0.17184123237052892,0.05737144331475449,-0.2348495017665123,-0.33170374683237297,-0.05515360233744372,-0.046838565530404705,-0.10188827806167446,-0.13711908931479727,-0.03810565323553174,-0.05390908737419287,-0.37992336215970535,0.0
C381151,31.985055,-111.071281,-0.859377294403178,0.10122555470177966,0.7316571650684419,-0.6387103489388025,-0.46770993862806903,-0.14237225358513286,-0.10412469036784153,-0.6802902657179898,-0.13221804267046455,-0.1759848581921372,0.05737144331475449,-0.2348495017665123,-0.1527075011230095,-0.05454386875506583,-0.04589388861962846,-0.02952323494532184,5.264143250162035,0.03562966304463728,-0.06766408493950772,-0.27441566510632925,0.0
C381152,31.97322,-111.09379,-0.859377294403178,-0.3630391437157779,-0.46444965582821973,-0.6387103489388025,-0.5292697508054395,-0.06463461928768405,-0.14654278456953648,-0.6802902657179898,-0.11389542738806696,-0.18072043055968945,0.05737144331475449,0.39855727817660813,0.28201306599995485,-0.05423900196387688,-0.046838565530404705,-0.062206414042942124,-0.13874139676011668,-0.20858460316093488,-0.0692512000431979,-0.34781232392606914,1.0
C381153,33.175366,-110.991336,0.6362730861987661,-0.5564827680564269,-0.27551836591059653,0.5293053538685741,-0.4625799542799548,-0.22010988788258168,-0.14654278456953648,0.4389978860083241,-0.14825033104256244,-0.18072043055968945,-0.3699350055801582,-0.2348495017665123,-0.3315072635769291,-0.054195449565135605,-0.04494921170885221,-0.09876265178622635,-0.1414452425023157,-0.16981468256153398,-0.03327659102622059,-0.19643171511035562,0.0
C381154,34.75194,-112.12384,-0.1131813528828181,-0.5564827680564269,0.8553212821054317,-0.3467064232369583,-0.2112107212223586,-0.22010988788258168,-0.18896087877123147,-0.5080920885293261,-0.13221804267046455,-0.17539291164619314,0.05737144331475449,-0.2348495017665123,-0.279684804953609,-0.05515360233744372,-0.04872791935195721,-0.09359857359200778,-0.14198601165075547,-0.19119248924718496,-0.06078658615685029,-0.1505588033480182,1.0
C381155,40.19021,-116.49342,0.45379722277020634,-0.517794043188297,-0.9185717745029431,1.1133132052722625,-0.4882298760205258,-0.20815025183682032,-0.14654278456953648,-0.5511416328264921,-0.14825033104256244,-0.18072043055968945,-0.4458690660947511,-0.2348495017665123,-0.33160550520465104,-0.05432610676135944,-0.046838565530404705,-0.10453826555607611,-0.14252678079919529,-0.18847497144816153,0.0016399412549632706,-0.46708189450814647,1.0
C381156,37.98994,-117.24091,0.2028929105559369,-0.5564827680564269,-0.8526175787498819,0.3833033910176521,-0.5343997351535537,-0.22010988788258168,-0.18896087877123147,0.008502443036664904,-0.14825033104256244,-0.18072043055968945,-0.44374412089997933,-0.2348495017665123,-0.3317897082566297,-0.05375992557772283,-0.04400453479807596,-0.10243186524001326,-0.13657832016635746,-0.19771453196484118,-0.05972850942105685,-0.2468919180489268,1.0
C381157,32.354,-112.86854,0.5808786276579532,-0.2469729691113885,-0.8168923893836404,0.7239746376698037,-0.2830305020959575,-0.20217043381393962,-0.11826405510173986,0.13765107592816264,-0.14137935031166335,-0.18072043055968945,-0.2578466642635243,-0.2348495017665123,-0.3315318239838596,-0.054108344767653055,-0.04589388861962846,-0.10161648447250504,-0.07222679150202094,-0.18938081071450266,-0.04808966532732889,-0.27441566510632925,1.0
C381158,33.175366,-110.991336,0.5385181593620375,-0.5564827680564269,-0.6389534654248608,0.3346360700673447,-0.4574499699318406,-0.22010988788258168,-0.13240341983563816,0.8264437846828174,-0.14825033104256244,-0.18072043055968945,-0.2789954079081722,-0.2348495017665123,-0.3318142686635602,-0.05349861118527516,-0.04494921170885221,-0.09278319282449957,-0.13657832016635746,-0.1237980478314039,-0.020050631828802467,-0.08633672688074578,0.0
C381159,31.97512,-111.09236,-0.7974658407399167,-0.0535293447707395,-0.49261759359775625,-0.5413757070381877,-0.43693003253938373,-0.10051352742496811,-0.18896087877123147,-0.5511416328264921,-0.0772501968232718,-0.18072043055968945,-0.1833225199919079,0.39855727817660813,0.28201306599995485,-0.05454386875506583,-0.04872791935195721,-0.078106339009352,-0.1446898573929545,-0.2060482532151797,-0.06660600820371428,-0.3982725268646403,0.0
C381160,34.50175,-112.25764,-0.8398263090358323,-0.5564827680564269,-0.2803275260175906,-0.6387103489388025,-0.5343997351535537,-0.22010988788258168,-0.18896087877123147,-0.6802902657179898,-0.11847608120866636,-0.09666402103563644,-0.3993418300765257,0.39855727817660813,0.28201306599995485,-0.05428255436261816,-0.04589388861962846,-0.1024998136373056,-0.1446898573929545,-0.201519056883474,-0.0692512000431979,-0.3753360709834716,0.0
C381161,40.46712,-117.60429,-0.8756697822092995,-0.5564827680564269,-0.9357473463136361,-0.6387103489388025,-0.5703096255903531,-0.22010988788258168,-0.18896087877123147,0.6972951517913196,-0.14825033104256244,-0.18072043055968945,-0.44605034104027663,-0.23295118396292833,-0.33057396811357076,-0.05397768757142922,-0.04494921170885221,-0.10528569792629194,-0.14198601165075547,-0.1631114719906095,-0.05549620247788305,-0.46708189450814647,0.0
C381164,34.44034,-113.77438,-0.895220767576645,6.1366666341300276,-0.9364343691860638,-0.6387103489388025,-0.5703096255903531,-0.22010988788258168,-0.18896087877123147,-0.6802902657179898,-0.13679869649106394,-0.18072043055968945,-0.44588920775536506,0.39855727817660813,-0.32503559635074675,-0.05436965916010072,-0.04872791935195721,-0.10433442036419904,-0.1446898573929545,-0.20061321761713283,-0.067135046571611,-0.46708189450814647,1.0
C381165,31.6793,-110.05205,1.8940531448313378,0.06253682983364992,-0.6602511744701202,0.6266399957691889,0.045288496183351866,-0.17825116172241692,0.008990227503345067,1.816583303517633,-0.14825033104256244,-0.18072043055968945,-0.4460704827008906,-0.2348495017665123,-0.3313599011353462,-0.05428255436261816,-0.04589388861962846,-0.09876265178622635,-0.14252678079919529,-0.15677059712622152,0.006401286566033789,0.019170970172630305,1.0
C381166,40.53241,-117.12899,0.1377229593314514,-0.40172786858390763,-0.4603275185936534,0.9186439214710331,-0.1804308151336733,-0.18423097974529762,-0.14654278456953648,0.3528987974139923,-0.14825033104256244,-0.18072043055968945,-0.44316001274217476,-0.2348495017665123,-0.33151954378039433,-0.053847030375205385,-0.04211518097652346,-0.10283955562376736,-0.14090447335387588,-0.17470621459977614,-0.02375390040407954,-0.21936817099152434,0.0
C381167,40.46712,-117.60429,-0.882186777331748,-0.5564827680564269,-0.9357473463136361,-0.6387103489388025,-0.5703096255903531,-0.22010988788258168,-0.18896087877123147,0.22375016452249455,-0.14825033104256244,-0.18072043055968945,-0.44611076602211847,-0.2348495017665123,-0.33205987273286497,-0.05406479236891178,-0.04589388861962846,-0.10528569792629194,-0.14198601165075547,-0.18738796432855215,-0.062373701260540475,-0.46708189450814647,1.0
C381168,33.44588,-110.88209,0.4309877398416363,-0.517794043188297,-0.46238858721093656,0.5293053538685741,-0.4779699073242974,-0.22010988788258168,-0.16068214930343483,0.05155198733383086,-0.14825033104256244,-0.18072043055968945,-0.31827164610537545,-0.2348495017665123,-0.3317897082566297,-0.05393413517268794,-0.04589388861962846,-0.06125513648084923,-0.08033832872861799,-0.15387191147392984,0.03391128169666349,-0.29735212098749797,1.0
C381169,32.354,-112.86854,1.6268563448109468,-0.22762860667732357,-0.6746786547911022,1.16198052622257,0.12223826140506507,-0.18423097974529762,-0.04756723143224824,1.3430383162488087,-0.14825033104256244,-0.18072043055968945,-0.30920789882909777,-0.23345740204388407,-0.33089325340366704,-0.053847030375205385,-0.04400453479807596,-0.09767547742954877,-0.13657832016635746,-0.19572168557889066,-0.04756062695943217,0.10632950252107143,0.0
C381170,35.737,-114.382,-0.29239871875015344,-0.3823835061498428,-0.4431519467829604,0.23730142816673,-0.43180004819126955,5.832129711073205,0.07968705117283667,0.09460153163099681,-0.026863004796678466,0.27389451672532966,-0.44572807447045343,-0.22459858562715895,-0.30571883629992147,-0.051146781653246154,-0.025110996582550966,-0.0948895931405624,-0.13225216697883904,0.07005155516560073,-0.04967678043101907,0.43661446720990094,0.0
C381171,34.584346,-113.21008,-0.8137583285460382,-0.47910531832016734,1.102649516179411,-0.4927083860878804,-0.5549196725460106,-0.22010988788258168,-0.10412469036784153,-0.6802902657179898,-0.14366967722196303,-0.17420901855430507,-0.43418690293865986,-0.2332042930034062,-0.3270986705329073,-0.054151897166394326,-0.04589388861962846,-0.09794727101871815,-0.14198601165075547,-0.18086592161089593,-0.06766408493950772,-0.3202885768686667,1.0
C381172,34.584346,-113.21008,1.5421354082191157,-0.47910531832016734,-0.8787244479021353,1.6486537357256432,-0.31894039253275697,-0.22010988788258168,-0.11826405510173986,0.22375016452249455,-0.14825033104256244,-0.18072043055968945,-0.41998703220582484,-0.2348495017665123,-0.3314458625596029,-0.05397768757142922,-0.04589388861962846,-0.0991023937726881,4.653014027564975,-0.11202213736896904,0.018040130659761736,-0.33863774157360166,0.0
C381173,34.18534,-112.35602,-0.8854452748929722,-0.47910531832016734,-0.9371213920584915,-0.6387103489388025,-0.5703096255903531,-0.22010988788258168,-0.18896087877123147,-0.6802902657179898,-0.14825033104256244,-0.18072043055968945,-0.20346418060585827,0.39855727817660813,-0.32695130809132444,-0.05515360233744372,-0.04872791935195721,-0.10528569792629194,-0.13603755101791765,-0.14445118310398197,-0.0692512000431979,-0.46708189450814647,0.0
C381174,31.90073,-109.81625,-0.7746563578113468,-0.4984496807542321,-0.8910908596058342,-0.6387103489388025,-0.24712061165915802,-0.19021079776817829,-0.14654278456953648,-0.6802902657179898,1.12059077726347,-0.1759848581921372,-0.3518075110276028,-0.21447422400804453,-0.2822636476813098,-0.054195449565135605,-0.04589388861962846,-0.10338314280210614,-0.1414452425023157,-0.17724256454553136,-0.0692512000431979,-0.46708189450814647,0.0
C381176,31.90073,-109.81625,-0.7616223675664496,-0.5564827680564269,-0.9075794085440996,-0.6387103489388025,-0.5549196725460106,-0.22010988788258168,-0.14654278456953648,-0.5941911771236579,-0.056637254630574535,-0.18072043055968945,-0.4457079328098395,-0.22586413082954823,-0.3303897650615921,-0.054195449565135605,-0.046838565530404705,-0.10528569792629194,-0.14252678079919529,-0.20749759604132553,-0.0650188931000241,-0.41203440039334155,1.0
C381179,32.58927,-112.05461,1.1543741984334264,0.08188119226771483,-0.3215488983632538,0.2859687491170374,0.35308755707020445,-0.13639243556225217,-0.10412469036784153,3.3663668982156065,-0.14825033104256244,-0.18072043055968945,-0.44542594956124415,-0.2348495017665123,-0.3302915234338702,-0.05423900196387688,-0.04872791935195721,-0.0730781576097181,-0.14090447335387588,-0.18467044652952874,-0.03221851429042714,1.5100406024485968,1.0
C381180,32.416969,-111.535306,0.6134636032701961,-0.517794043188297,-0.7742969712931218,1.1133132052722625,-0.519009782109211,-0.22010988788258168,-0.16068214930343483,-0.3358939113406624,-0.14825033104256244,-0.18072043055968945,-0.39239295716471284,-0.2348495017665123,-0.3317651478496992,-0.054108344767653055,-0.04589388861962846,-0.10216007165084386,-0.1414452425023157,0.044688055708048714,-0.01370217141404176,-0.34781232392606914,1.0
C381181,32.416969,-111.535306,0.5841371252191776,-0.517794043188297,-0.9316252090790698,0.7726419586201109,-0.5036198290648685,-0.22010988788258168,-0.13240341983563816,0.22375016452249455,-0.14825033104256244,-0.18072043055968945,0.05737144331475449,-0.21865052317592923,-0.32768812029923894,-0.05515360233744372,-0.04589388861962846,-0.10392672998044494,-0.1257629371975614,-0.13104476196213305,0.02703378291400608,-0.2881775386350305,0.0
C381182,32.58927,-112.05461,-0.869152787086851,1.571397099690712,-0.9199458202477986,-0.6387103489388025,-0.3035504394884143,-0.22010988788258168,-0.18896087877123147,-0.6802902657179898,2.144392353989735,-0.16177814108948033,-0.07959296783006346,0.39855727817660813,0.020443367736898952,-0.05515360233744372,-0.04872791935195721,-0.10372288478856789,-0.1446898573929545,-0.2111209531066901,-0.06766408493950772,-0.46708189450814647,1.0
C381183,31.40181,-109.86121,0.8708849106069142,-0.40172786858390763,-0.5489534691368294,0.7726419586201109,-0.3343303455770996,-0.17825116172241692,-0.13240341983563816,-0.07759664555766689,-0.14366967722196303,-0.18072043055968945,-0.10577712662819895,-0.2348495017665123,-0.3149289888988528,-0.054195449565135605,-0.04589388861962846,-0.09794727101871815,-0.1414452425023157,-0.013285657337784435,0.07940858133578185,-0.3111139945161992,1.0
C381184,32.752193,-110.481813,1.7897812228721608,-0.22762860667732357,-0.7674267425688445,0.9673112424213405,-0.06757115947516072,-0.20217043381393962,-0.11826405510173986,0.6111960631969877,-0.14825033104256244,-0.18072043055968945,-0.4437944750515142,-0.2348495017665123,-0.33154410418732483,-0.05362926838149899,-0.04400453479807596,-0.09821906460788755,-0.1414452425023157,-0.1555024221533439,0.009575516773414148,-0.1092731827619145,0.0
C381185,31.40181,-109.86121,-0.859377294403178,0.9910662266687651,0.5599014469615118,-0.6387103489388025,-0.4266700638431553,0.2762150080165146,-0.18896087877123147,-0.6802902657179898,-0.13450836958076423,-0.18072043055968945,0.05737144331475449,-0.23181219328077796,-0.33054940770664026,-0.05515360233744372,-0.046838565530404705,-0.10528569792629194,-0.1446898573929545,2.3600132204760107,-0.06766408493950772,-0.2881775386350305,0.0
C381186,33.30306,-111.09944,-0.8333093139133837,-0.5564827680564269,-0.9316252090790698,-0.5413757070381877,-0.5703096255903531,-0.22010988788258168,-0.16068214930343483,-0.6802902657179898,0.36936355068516913,-0.1712492858245849,0.05737144331475449,-0.23143252972006118,-0.33137218133881147,-0.05515360233744372,-0.04872791935195721,-0.10528569792629194,-0.1414452425023157,-0.16909001114846106,-0.06819312330740444,-0.46708189450814647,1.0
C381187,31.43264,-109.89898,1.8549511740966462,-0.3630391437157779,-0.7227702558610427,1.5999864147753362,0.8866059292740822,-0.04071534719616134,-0.019288501964451584,0.998641961871481,-0.14825033104256244,-0.18072043055968945,-0.4443181582274769,-0.2348495017665123,-0.32813020762398765,-0.05397768757142922,-0.04589388861962846,-0.09753958063496405,-0.1414452425023157,-0.038467988942068224,-0.03274755265832387,0.08798033781613646,0.0
C381188,31.985055,-111.071281,-0.6149899773113571,0.7202451525918565,-0.43696874093111093,-0.5413757070381877,1.9946825484667514,0.013103015009764778,-0.18896087877123147,-0.37894345563782833,-0.14137935031166335,-0.18072043055968945,-0.24878291698724664,-0.2348495017665123,-0.3204305200512811,-0.054413211558841997,-0.04494921170885221,-0.09278319282449957,-0.13820062761167687,-0.09662286984116959,-0.05972850942105685,-0.2468919180489268,1.0
C381189,31.40181,-109.86121,1.877760657025216,-0.4984496807542321,-0.3957473685854477,-0.3953737441872657,-0.5549196725460106,-0.22010988788258168,-0.019288501964451584,0.525096974602656,-0.14825033104256244,-0.1759848581921372,-0.14102503270261213,-0.2348495017665123,-0.3317897082566297,-0.053847030375205385,-0.04400453479807596,-0.08680373386277278,-0.12089601486160317,-0.14590052593012778,0.001110902887066538,-0.0771621445282783,1.0
C381190,31.40181,-109.86121,1.734386764331348,-0.2663173315454534,-0.7461290335235853,1.5999864147753362,0.18892805793054973,-0.19619061579105898,-0.07584596090004486,1.041691506168647,-0.14825033104256244,-0.18072043055968945,-0.3979319138335492,-0.2348495017665123,-0.3314949833734639,-0.053542163584016436,-0.04400453479807596,-0.10005367133478102,-0.07276756065046074,-0.09535469486829201,-0.039096013073084565,0.060456590758734,1.0
C381191,32.39371,-111.5015,2.0309100424027573,-0.1695955193751289,-0.7997168175729474,1.4053171309741066,-0.08809109686761751,-0.20217043381393962,-0.019288501964451584,1.1708401390601448,-0.14825033104256244,-0.18072043055968945,-0.3982340387427584,-0.2348495017665123,-0.33016872139921777,-0.054195449565135605,-0.046838565530404705,-0.0955690771134859,-0.08899063510365482,-0.16927117900172928,-0.03856697470518784,-0.10009860040944701,1.0
C381193,32.39371,-111.5015,1.828883193606852,-0.4210722310179726,-0.8821595622642738,1.551319093825029,-0.3651102516657848,-0.22010988788258168,-0.07584596090004486,0.6972951517913196,-0.14825033104256244,-0.18072043055968945,-0.33337789156583825,-0.2348495017665123,-0.32922314573239414,-0.054108344767653055,-0.04589388861962846,-0.0992382905672728,-0.09547986488493246,-0.14861804372915124,-0.02216678530038936,-0.1826698415816544,0.0
C381194,32.752193,-110.481813,-0.7713978602501225,-0.4984496807542321,-0.36277027070891715,-0.4927083860878804,-0.5087498134129826,-0.22010988788258168,-0.11826405510173986,-0.3358939113406624,-0.10244379283656849,2.1474053346382016,0.05737144331475449,-0.23168563876053905,-0.26654498724580034,-0.05515360233744372,-0.046838565530404705,-0.03224117083701583,-0.02626141388463771,0.01388952065244986,-0.011056979574558133,-0.20101900628658936,1.0
C381195,32.58927,-112.05461,1.2716801106375004,0.5848346155534021,-0.12025119674193167,-0.298039102286651,1.1328451779835644,-0.0765942553334454,0.22108069851181997,9.780748998493328,-0.14825033104256244,-0.18072043055968945,-0.44511375382172796,-0.2348495017665123,-0.3276512796888432,-0.05406479236891178,-0.04872791935195721,-0.07287431241784105,-0.1446898573929545,-0.20695409248152083,-0.061844662892643745,1.8495001494898937,1.0
C381196,32.39719,-111.505473,1.0012248130558852,-0.5564827680564269,-0.926129026099648,2.2813289080796393,-0.539529719501668,-0.22010988788258168,-0.18896087877123147,-0.16369573415199873,-0.14825033104256244,-0.18072043055968945,-0.4157572834768953,-0.2348495017665123,-0.33172830723930347,-0.05432610676135944,-0.046838565530404705,-0.10263571043189029,1.1380145627062574,-0.09915921978692481,0.014336862084484666,-0.46708189450814647,0.0
C381197,31.89239,-111.03581,-0.4129631285154518,3.1189460944159033,0.06524497881355285,-0.6387103489388025,0.18379807358243552,-0.02277589312751929,-0.14654278456953648,-0.16369573415199873,-0.14825033104256244,-0.18072043055968945,-0.37204987994462296,-0.2348495017665123,-0.33015644119575255,-0.05436965916010072,-0.04589388861962846,-0.10093700049958156,-0.13603755101791765,-0.08285411299278422,-0.05602524084577977,-0.23313004452022557,0.0
C381198,32.39371,-111.5015,-0.5726295090154415,3.3704228060587478,-0.05841913822343679,-0.6387103489388025,1.0251155066731659,-0.0048364390588772725,-0.16068214930343483,-0.24979482274633058,-0.14825033104256244,-0.18072043055968945,-0.44249533794191437,-0.2348495017665123,-0.3310406158452499,-0.05463097355254839,-0.035502442601089715,-0.10331519440481379,-0.09439832658805285,-0.04245368171396923,-0.05285101063839942,-0.1505588033480182,0.0
C381199,32.39719,-111.505473,-0.7876903480562439,2.2484497848829834,-0.8306328468321948,-0.6387103489388025,3.400298259850045,-0.09453370940208743,0.05140832170504003,-0.5080920885293261,-0.14825033104256244,-0.18072043055968945,-0.4253245722685217,-0.2348495017665123,-0.33046344628238356,-0.05423900196387688,-0.04494921170885221,-0.09665625147016352,0.06729164879544815,-0.1830399358501147,-0.0650188931000241,-0.32946315922113417,1.0
C381200,31.89239,-111.03581,1.584495876515031,-0.3050060564135832,-0.854678647367165,1.989324982377795,-0.42154007949504113,-0.19021079776817829,-0.11826405510173986,0.008502443036664904,-0.14825033104256244,-0.18072043055968945,-0.43549611087856666,-0.2348495017665123,-0.33170374683237297,-0.05436965916010072,-0.046838565530404705,-0.10270365882918264,-0.126844475494441,-0.14227716886476321,-0.023224862036182816,-0.3432250327498354,1.0
C381201,32.416969,-111.535306,1.7995567155558334,-0.2469729691113885,-0.8478084186428878,1.4053171309741066,-0.25738058035538647,-0.20815025183682032,-0.10412469036784153,0.4389978860083241,-0.14825033104256244,-0.18072043055968945,-0.4195841989935458,-0.2348495017665123,-0.3290512228838808,-0.05428255436261816,-0.046838565530404705,-0.0995100841564422,-0.14036370420543606,-0.15695176497948973,-0.027457168979356614,-0.22854275334399182,1.0
C381202,31.89239,-111.03581,1.34010855942321,-0.4984496807542321,-0.8691061276881472,2.9626714013839424,-0.44206001688749796,-0.22010988788258168,-0.10412469036784153,-0.07759664555766689,-0.14825033104256244,-0.18072043055968945,-0.4253245722685217,-0.2348495017665123,-0.33164234581504676,-0.054456763957583275,-0.046838565530404705,-0.10392672998044494,-0.13982293505699628,-0.08847031644409932,-0.016876401621422107,-0.3432250327498354,0.0
C381203,33.30306,-111.09944,-0.8658942895256265,-0.517794043188297,-0.4136099632685684,-0.6387103489388025,-0.5703096255903531,-0.22010988788258168,-0.18896087877123147,-0.6802902657179898,-0.12763738884986514,5.740527445044622,0.05737144331475449,-0.2348495017665123,-0.3259688918141051,-0.05458742115380711,-0.046838565530404705,-0.06125513648084923,-0.14036370420543606,-0.20949044242727605,-0.06766408493950772,-0.38909794451217283,0.0
C381204,32.76316,-110.47207,-0.8365678114746081,-0.5564827680564269,-0.6911672037293676,-0.6387103489388025,-0.5703096255903531,-0.22010988788258168,-0.18896087877123147,-0.6802902657179898,1.235107122778455,-0.07061837301409889,0.05737144331475449,0.39855727817660813,-0.24677385966676116,-0.05515360233744372,-0.04872791935195721,-0.0995100841564422,-0.126844475494441,-0.12579089421735443,-0.067135046571611,-0.42120898274580904,1.0
C381205,32.58927,-112.05461,1.9266381204435805,-0.1889398818091938,-0.6891061351120843,0.1886341072164227,-0.4164100951469269,-0.19619061579105898,-0.10412469036784153,1.0847410504658128,-0.14825033104256244,-0.18072043055968945,-0.4449324788762024,-0.2348495017665123,-0.33131078032148525,-0.05436965916010072,-0.046838565530404705,-0.09706394185391762,-0.1446898573929545,-0.1859386215024063,-0.030631399186736963,-0.11386047393814824,1.0
C381206,32.58927,-112.05461,1.4541559740660603,0.17860300443803934,-0.3895641627335982,0.9673112424213405,0.4915971344692881,-0.16629152567665556,-0.0334278666983499,4.27040732845609,-0.14825033104256244,-0.18072043055968945,-0.44535545374909535,-0.2348495017665123,-0.33083185238634083,-0.05428255436261816,-0.04872791935195721,-0.07423328036368805,-0.1446898573929545,-0.1783295716651407,-0.02375390040407954,1.5283897671535318,0.0
C381207,31.42454,-109.89065,-0.7876903480562439,0.02384810496552008,2.1331838248209922,-0.6387103489388025,-0.43180004819126955,-0.04071534719616134,-0.18896087877123147,-0.5080920885293261,-0.14825033104256244,-0.18072043055968945,-0.44597984522812784,-0.23333084752364514,-0.3149289888988528,-0.05515360233744372,-0.04494921170885221,-0.10528569792629194,-0.1446898573929545,-0.15006738655529706,-0.0650188931000241,2.4274988376953455,0.0
C381208,31.985055,-111.071281,-0.8170168261072625,-0.03418498233667458,0.800359452311214,-0.6387103489388025,-0.10348104991196015,-0.10051352742496811,-0.18896087877123147,-0.5511416328264921,-0.08870183137477029,-0.17539291164619314,0.05737144331475449,-0.23295118396292833,-0.30264878543361107,-0.054718078350030945,-0.04589388861962846,-0.019330975351469357,-0.1414452425023157,-0.1872067964752839,-0.06607696983581755,-0.30652670333996546,1.0
C381209,31.43708,-109.90176,2.0276515448415333,-0.4984496807542321,-0.4974267537047503,-0.5413757070381877,-0.5703096255903531,-0.22010988788258168,-0.0334278666983499,0.4820474303054901,-0.14825033104256244,-0.18072043055968945,-0.39420570661996834,-0.23269807492245048,-0.3318633894774211,-0.05423900196387688,-0.04589388861962846,-0.08884218578154328,-0.13874139676011668,-0.17524971815958082,-0.02587005387566644,-0.09092401805697953,0.0
C381210,31.40181,-109.86121,0.34626680324980513,-0.4984496807542321,-0.5468924005195461,0.3833033910176521,-0.4625799542799548,-0.20815025183682032,-0.11826405510173986,-0.12064618985483284,-0.13679869649106394,-0.17243317891647297,0.05737144331475449,-0.23345740204388407,-0.32889158023883264,-0.05397768757142922,-0.04494921170885221,-0.1022280200481362,-0.14090447335387588,-0.1718075289474845,-0.028515245715150066,-0.2927648298112642,0.0
C381211,31.40181,-109.86121,-0.7094864065868611,-0.517794043188297,-0.6265870537211617,-0.6387103489388025,-0.539529719501668,-0.22010988788258168,-0.10412469036784153,-0.16369573415199873,-0.09099215828507,-0.17716875128402526,0.05737144331475449,-0.14398335623496034,-0.3310774564556457,-0.054456763957583275,-0.04400453479807596,-0.10365493639127554,-0.13711908931479727,-0.08593396649834412,-0.05390908737419287,-0.35698690627853663,1.0
C381214,31.985055,-111.071281,0.45053872520898214,-0.517794043188297,-0.8567397159844482,1.0159785633716476,-0.4984898447167543,-0.22010988788258168,-0.14654278456953648,-0.20674527844916463,-0.14825033104256244,-0.18072043055968945,-0.43933309722552416,-0.2348495017665123,-0.3317405874427687,-0.05397768757142922,-0.04589388861962846,-0.10351903959669086,-0.14198601165075547,-0.1641984791102189,-0.04756062695943217,-0.3340504503973679,1.0
C381215,32.752193,-110.481813,1.933155115566029,-0.4404165934520375,-0.7626175824618504,1.6486537357256432,-0.12913097165253123,-0.19619061579105898,-0.10412469036784153,0.7403446960884855,-0.14825033104256244,-0.16769760654892069,-0.4132395759001515,-0.2348495017665123,-0.33019328180614826,-0.05362926838149899,-0.04400453479807596,-0.09733573544308702,-0.13387447442415845,-0.12470388709774505,0.012749746980794495,-0.06798756217581081,1.0
C381216,32.39719,-111.505473,0.9849323252497638,-0.3630391437157779,-0.8684191048157195,1.2106478471728774,-0.12400098730441701,-0.20815025183682032,-0.13240341983563816,0.4820474303054901,-0.14825033104256244,-0.18072043055968945,-0.44270682537836087,-0.2348495017665123,-0.33172830723930347,-0.054151897166394326,-0.04494921170885221,-0.10331519440481379,-0.14198601165075547,-0.158763443512172,-0.0015342889524170874,-0.23313004452022557,0.0
C381217,31.40181,-109.86121,-0.8854452748929722,-0.5564827680564269,-0.9281900947169311,-0.6387103489388025,-0.5703096255903531,-0.22010988788258168,-0.18896087877123147,-0.6802902657179898,0.10139530218010459,-0.18072043055968945,0.05737144331475449,-0.1729643413696754,-0.29970153660195303,-0.05515360233744372,-0.046838565530404705,-0.10528569792629194,-0.13279293612727883,3.120918204202571,-0.06819312330740444,-0.46708189450814647,1.0
C381218,32.752193,-110.481813,1.4248294960150418,-0.3630391437157779,-0.8038389548075138,1.2593151681231844,-0.20608073687424436,-0.19021079776817829,-0.0334278666983499,0.6542456074941536,-0.14825033104256244,-0.17243317891647297,-0.33337789156583825,-0.2323184113617337,-0.3311265772695066,-0.05393413517268794,-0.04400453479807596,-0.101412639280628,-0.14036370420543606,-0.09064433068331805,-0.022695823668286094,0.00999638782016282,1.0
C381219,31.40181,-109.86121,0.8122319545048772,-0.4984496807542321,-0.23704508505464425,-0.15203713943572886,-0.5343997351535537,-0.22010988788258168,-0.019288501964451584,0.1807006202253286,-0.14825033104256244,-0.18072043055968945,-0.43649312307895716,-0.23333084752364514,-0.3315686645942553,-0.05193072483058916,-0.04117050406574721,-0.09251139923533017,-0.13874139676011668,-0.06582433478557075,0.00851744003762069,-0.1734952592291869,1.0
C381220,32.7507,-110.47708,1.8060737106782818,-0.517794043188297,-0.8292588010873394,1.453984451924414,-0.3907601734063558,-0.22010988788258168,-0.10412469036784153,0.6542456074941536,-0.14825033104256244,-0.18072043055968945,-0.4448519122337466,-0.23333084752364514,-0.33171602703583825,-0.05423900196387688,-0.04494921170885221,-0.104130575172322,3.425468060606623,-0.15405307932719808,-0.012644094678248313,0.14302783193094137,0.0
C381221,32.7507,-110.47708,-0.6052144846276843,-0.1695955193751289,0.9377640267967581,-0.4927083860878804,-0.00088136294967594,-0.11845298149361014,-0.11826405510173986,-0.42199299993499423,-0.0864115044644706,1.401552686748717,0.05737144331475449,-0.1876446657173913,-0.32296024196512085,-0.05467452595128967,-0.046838565530404705,-0.08089222329833834,-0.1414452425023157,-0.19064898568738026,-0.06078658615685029,-0.26524108275386177,1.0
C381222,32.58927,-112.05461,1.0012248130558852,-0.3630391437157779,-0.6870450664948012,0.9673112424213405,-0.37537022036201323,-0.20217043381393962,0.3483349811169048,0.525096974602656,-0.14825033104256244,-0.18072043055968945,-0.4453655245794023,-0.23358395656412298,-0.3314090219492072,-0.05397768757142922,-0.04211518097652346,-0.10120879408875096,-0.1414452425023157,-0.09698520554770607,-0.025341015507769717,-0.12303505629061573,0.0
C381223,32.39371,-111.5015,-0.8724112846480752,6.291421533602547,-0.9199458202477986,-0.6387103489388025,-0.43693003253938373,-0.1543318896308942,-0.18896087877123147,-0.6802902657179898,-0.14825033104256244,-0.18072043055968945,-0.4446605664579141,-0.2348495017665123,-0.3252443598096558,-0.05515360233744372,-0.04872791935195721,-0.10453826555607611,-0.13171139783039923,-0.2017002247367422,-0.0692512000431979,-0.46708189450814647,0.0
C381224,31.43264,-109.89898,-0.24026275777056502,-0.517794043188297,-0.2507855425031986,-0.4927083860878804,0.7275764144825417,-0.13639243556225217,-0.13240341983563816,-0.16369573415199873,-0.14825033104256244,-0.173025125462417,-0.44075308429880766,-0.2348495017665123,-0.25954527127061255,-0.053585715982757715,-0.04589388861962846,-0.09217165724886842,-0.13549678186947786,-0.08194827372644309,-0.05443812574208959,-0.2377173356964593,0.0
C381225,32.7507,-110.47708,-0.8202753236684867,-0.47910531832016734,-0.14086188291476334,-0.4927083860878804,-0.5497896881978963,-0.1304126175393715,-0.10412469036784153,-0.5511416328264921,-0.0841211775541709,5.1308159261961395,0.05737144331475449,-0.2148538875687613,-0.31075371972067056,-0.05515360233744372,-0.04872791935195721,-0.036318074674556826,-0.014364492618962053,0.4903609747478911,-0.04544447348784526,-0.35698690627853663,1.0
C381227,31.985055,-111.071281,2.366535291208858,-0.4210722310179726,-0.8739152877951413,3.8386831784894744,-0.03166126903836122,-0.20217043381393962,-0.13240341983563816,1.0847410504658128,-0.14825033104256244,-0.18072043055968945,-0.4424449837903795,-0.2348495017665123,-0.33133534072841575,-0.054108344767653055,-0.04494921170885221,-0.10283955562376736,-0.08899063510365482,-0.12017469076603933,0.03285320496087005,-0.13679692981931696,1.0
C381228,32.58927,-112.05461,1.7180942765252265,-0.0535293447707395,-0.8017778861902305,1.2106478471728774,-0.35998026731767063,-0.1603117076537749,-0.10412469036784153,0.09460153163099681,-0.14825033104256244,-0.18072043055968945,-0.4457784286219883,-0.2348495017665123,-0.3312370991006938,-0.05432610676135944,-0.04589388861962846,-0.1034510911993985,-0.14036370420543606,-0.14753103660954187,-0.021108708564595912,-0.3111139945161992,0.0
C381229,32.76316,-110.47207,-0.8365678114746081,-0.4984496807542321,-0.9151366601408044,-0.5413757070381877,-0.5600496568941248,-0.22010988788258168,-0.18896087877123147,-0.6802902657179898,0.21362132078478976,-0.12862913451661434,0.05737144331475449,0.39855727817660813,-0.32378301559729206,-0.05515360233744372,-0.04872791935195721,-0.10392672998044494,-0.13928216590855647,0.14433037500557447,-0.06660600820371428,-0.30652670333996546,0.0
C381230,31.42764,-109.90375,-0.40644613339300323,-0.517794043188297,1.0820388300065793,-0.4927083860878804,0.31717766663340496,-0.20217043381393962,-0.14654278456953648,-0.20674527844916463,-0.14825033104256244,-0.18072043055968945,-0.3459664294495572,-0.228142112193849,-0.3303529244511964,-0.05432610676135944,-0.04494921170885221,-0.10331519440481379,-0.14198601165075547,-0.14263950457129967,-0.046502550223638715,-0.12303505629061573,0.0
C381231,31.40181,-109.86121,-0.7388128846378796,0.02384810496552008,0.7522678512412736,-0.6387103489388025,-0.19069078382990173,-0.13639243556225217,0.3624743458508032,-0.5080920885293261,-0.14137935031166335,-0.18072043055968945,0.05737144331475449,-0.2348495017665123,-0.30878888716623193,-0.05467452595128967,-0.04589388861962846,-0.10419852356961436,-0.1446898573929545,2.8853999949538736,-0.06607696983581755,-0.09092401805697953,0.0
C381232,32.416969,-111.535306,-0.8724112846480752,1.4746752875203877,0.23700069692048312,-0.6387103489388025,-0.5446597038497821,-0.10649334544784879,-0.18896087877123147,-0.6802902657179898,-0.14825033104256244,-0.18072043055968945,-0.3202858121667705,-0.2332042930034062,-0.31677101941863905,-0.05467452595128967,-0.04872791935195721,-0.0766114742689203,0.2192477795070327,-0.17090168968114333,-0.0692512000431979,-0.008352776884772152,0.0
C381233,31.40181,-109.86121,-0.8104998309848138,-0.3823835061498428,-0.9192587973753709,-0.444041065137573,-0.3343303455770996,5.832129711073205,-0.13240341983563816,-0.6802902657179898,-0.14825033104256244,-0.1475714239868235,-0.3562386763626719,-0.22459858562715895,-0.3223216713849283,-0.05515360233744372,-0.04494921170885221,-0.09461779955139302,-0.13657832016635746,0.030194627446590443,-0.0692512000431979,0.7898358877798991,1.0
C381234,32.58927,-112.05461,1.3433670569844347,0.13991427956990948,-0.23704508505464425,0.23730142816673,0.5069870875136306,-0.11247316347072946,-0.08998532563394321,3.7968623411872655,-0.14825033104256244,-0.18072043055968945,-0.4452144621247977,-0.2348495017665123,-0.3295055904120947,-0.05428255436261816,-0.04872791935195721,-0.06838971819654596,-0.14252678079919529,-0.1814094251707006,-0.031689475922530415,1.670595793616778,2.0
C381235,32.7507,-110.47708,-0.8496018017195052,-0.2856616939795183,-0.28719775474186776,-0.5413757070381877,-0.5138797977610968,-0.05865480126480336,-0.06170659616614655,-0.5941911771236579,-0.10015346592626878,3.141875531824181,0.05737144331475449,-0.22966076643671615,-0.3080520749583174,-0.05515360233744372,-0.04872791935195721,-0.07803839061205965,5.264143250162035,3.736888905314548,-0.06078658615685029,-0.46708189450814647,1.0
C381236,31.40181,-109.86121,1.2619046179538276,-0.5564827680564269,-0.8024649090626582,1.064645884321955,-0.4266700638431553,-0.22010988788258168,-0.14654278456953648,0.3098492531168264,-0.14825033104256244,-0.18072043055968945,-0.4444792915123885,-0.2348495017665123,-0.33205987273286497,-0.045484969816880015,-0.043059857887299706,-0.0982870130051799,-0.14198601165075547,-0.17488738245304436,-0.031160437554633692,-0.3019394121637317,0.0
C381237,31.89239,-111.03581,-0.6801599285358427,1.7068076367291662,-0.3181137840011153,-0.4927083860878804,2.5435908737149715,0.04898192314704885,-0.18896087877123147,-0.4650425442321601,-0.12992771576016485,-0.18072043055968945,0.05737144331475449,-0.2348495017665123,-0.3058416383345739,-0.054456763957583275,-0.04872791935195721,-0.08503707553317169,-0.14036370420543606,-0.18684446076874747,-0.06343177799633393,-0.10468589158568076,1.0
C381238,32.752193,-110.481813,0.2941308422702168,-0.1695955193751289,-0.3297931728323865,1.2106478471728774,-0.39589015775447006,-0.05865480126480336,0.7725159231338545,0.13765107592816264,-0.14366967722196303,0.7267336243725167,0.05737144331475449,-0.23295118396292833,-0.32696358829478966,-0.05432610676135944,-0.04589388861962846,-0.08279477842252414,1.6355221792708758,0.49579601034593807,0.4185221751575826,-0.1826698415816544,1.0
C381239,31.42454,-109.89065,0.49615769106612195,0.6041789779874671,-0.32292294410810934,0.09129946531580789,0.5018571031655166,0.41375082254277024,-0.06170659616614655,1.1277905947629787,-0.14825033104256244,-0.1765768047380812,-0.4433010043664724,-0.2115634700425491,-0.258194448889436,-0.05436965916010072,-0.046838565530404705,-0.09414216077034657,-0.13874139676011668,-0.14825570802261476,-0.054967164109986325,-0.10468589158568076,0.0
C381240,31.40181,-109.86121,-0.869152787086851,1.9002512610698152,0.8140999097597683,-0.6387103489388025,-0.5036198290648685,-0.07061443731056473,-0.13240341983563816,-0.6802902657179898,-0.13221804267046455,-0.18072043055968945,0.05737144331475449,-0.23307773848316726,-0.3314949833734639,-0.05515360233744372,-0.04872791935195721,-0.1044023687614914,-0.14198601165075547,0.022947913315861292,-0.062373701260540475,-0.21936817099152434,0.0
C381242,32.58927,-112.05461,-0.57914650413789,-0.09221806963886933,-0.790785520231387,-0.15203713943572886,-0.026531284690247008,-0.19021079776817829,0.22108069851181997,-0.2928443670434965,-0.14825033104256244,-0.18072043055968945,-0.4459294910765929,-0.2348495017665123,-0.33134762093188097,-0.05423900196387688,-0.04589388861962846,-0.10311134921293676,-0.1414452425023157,-0.19535934987235423,-0.046502550223638715,-0.37992336215970535,1.0
C381243,31.43708,-109.90176,1.5812373789538068,-0.4984496807542321,-0.6389534654248608,-0.4927083860878804,-0.5703096255903531,-0.22010988788258168,-0.0334278666983499,0.525096974602656,-0.14825033104256244,-0.18072043055968945,-0.4333812365141019,-0.2332042930034062,-0.3319002300878168,-0.05428255436261816,-0.046838565530404705,-0.09740368384037937,-0.14036370420543606,-0.1875691321818204,-0.03803793633729112,-0.045051106294642096,0.0
C381244,32.7507,-110.47708,-0.5628540163317687,-0.517794043188297,-0.9192587973753709,-0.3467064232369583,-0.5497896881978963,-0.22010988788258168,-0.11826405510173986,-0.5941911771236579,-0.14825033104256244,-0.18072043055968945,-0.44550651620369996,-0.2348495017665123,-0.3318142686635602,-0.05428255436261816,-0.046838565530404705,-0.10433442036419904,2.4196374445085898,0.003019449456356148,-0.031689475922530415,-0.46708189450814647,0.0
C381245,31.40181,-109.86121,-0.4846500748623859,0.27532481660836383,-0.8807855165194184,-0.4927083860878804,0.10171832401260822,-0.09453370940208743,-0.14654278456953648,-0.3358939113406624,-0.14825033104256244,-0.17716875128402526,-0.4457079328098395,-0.2348495017665123,-0.33080729197941033,-0.053585715982757715,-0.04400453479807596,-0.10236391684272089,-0.13387447442415845,0.18781065978994937,-0.06025754778895357,-0.0771621445282783,0.0
C381246,33.30306,-111.09944,-0.8039828358623653,-0.517794043188297,0.23013046819620583,-0.4927083860878804,-0.5703096255903531,-0.22010988788258168,-0.18896087877123147,-0.6802902657179898,-0.13450836958076423,4.858520515061883,0.05737144331475449,-0.2348495017665123,-0.3282038888447791,-0.054151897166394326,-0.04872791935195721,-0.08646399187631103,-0.13874139676011668,-0.2111209531066901,-0.06766408493950772,-0.37074877980723786,0.0
C381247,31.40181,-109.86121,0.857850920362017,-0.5564827680564269,1.1163899736279654,-0.3467064232369583,-0.5549196725460106,-0.22010988788258168,-0.14654278456953648,-0.37894345563782833,-0.14825033104256244,-0.1765768047380812,-0.050387559939835416,-0.2348495017665123,-0.33164234581504676,-0.05371637317898155,-0.04589388861962846,-0.08259093323064709,-0.1257629371975614,-0.15749526853929444,-0.0565542792136765,-0.11844776511438199,0.0
C381248,31.40181,-109.86121,-0.8528602992807295,-0.1889398818091938,1.0820388300065793,-0.6387103489388025,-0.5241397664573253,-0.17227134369953626,-0.18896087877123147,-0.5941911771236579,-0.14366967722196303,-0.18072043055968945,-0.1782871048384203,-0.2348495017665123,-0.3317405874427687,-0.05458742115380711,-0.04589388861962846,-0.10528569792629194,-0.14090447335387588,0.52115950980349,-0.0629027396284372,-0.09551130923321327,0.0
C381249,31.89239,-111.03581,-0.57914650413789,0.5074571658171426,0.6560846491013925,-0.444041065137573,0.1376282144494077,-0.05267498324192268,-0.18896087877123147,-0.5080920885293261,-0.14825033104256244,-0.18072043055968945,-0.4001474965010837,-0.2348495017665123,-0.25758043871617387,-0.05458742115380711,-0.046838565530404705,-0.09801521941601052,0.30685238155428074,-0.1641984791102189,-0.06396081636423065,-0.06798756217581081,1.0
C381250,31.40181,-109.86121,2.161249944851728,-0.4984496807542321,-0.5805565212685045,0.6753073167194963,-0.5036198290648685,-0.22010988788258168,-0.10412469036784153,0.7833942403856515,-0.14825033104256244,-0.18072043055968945,-0.40991620189884964,-0.2348495017665123,-0.3318388290704906,-0.0540212399701705,-0.04494921170885221,-0.09149217327594492,-0.13062985953351963,-0.16256796843080484,-0.0052375575276941595,-0.03587652394217461,0.0
C381251,33.30306,-111.09944,-0.8854452748929722,-0.517794043188297,-0.12712142546620886,-0.6387103489388025,-0.5703096255903531,-0.22010988788258168,-0.18896087877123147,-0.6802902657179898,-0.061217908451173926,3.591754906741648,0.05737144331475449,-0.23358395656412298,-0.32018491598197624,-0.05423900196387688,-0.04872791935195721,-0.07246662203408696,-0.13874139676011668,-0.21057744954688543,-0.0692512000431979,-0.3936852356884066,0.0
C381252,32.7507,-110.47708,-0.8398263090358323,-0.4984496807542321,-0.9213198659926539,-0.5413757070381877,-0.5703096255903531,-0.22010988788258168,-0.005149137230553268,-0.5511416328264921,-0.14825033104256244,-0.18072043055968945,-0.3951120813475961,-0.2348495017665123,-0.3318019884600949,-0.05458742115380711,-0.046838565530404705,-0.1038587815831526,5.264143250162035,0.43238726170205805,-0.046502550223638715,-0.46708189450814647,0.0
C381253,48.69,-81.36978,0.6786335544946818,-0.47910531832016734,-0.9233809346099371,-0.10336981848542151,-0.5497896881978963,-0.22010988788258168,-0.18896087877123147,-0.42199299993499423,-0.14825033104256244,-0.18072043055968945,-0.4456172953370767,-0.2348495017665123,-0.3317405874427687,-0.05428255436261816,-0.04589388861962846,-0.10528569792629194,-0.14090447335387588,-0.1902866499808438,-0.03327659102622059,-0.46708189450814647,0.0
C381254,48.69,-81.36978,-0.8137583285460382,-0.4597609558861024,0.3057029841632552,-0.5413757070381877,-0.4164100951469269,0.10878010337585566,-0.06170659616614655,-0.6802902657179898,-0.015411370245179981,-0.17065733927864085,0.05737144331475449,-0.2348495017665123,-0.32928454674972035,-0.05515360233744372,-0.04872791935195721,-0.040598823703974864,-0.1446898573929545,-0.21347613519917708,-0.0692512000431979,-0.33863774157360166,0.0
C381255,48.69,-81.36978,-0.32824219192362053,-0.2856616939795183,-0.8004038404453752,-0.2007044603860362,-0.08809109686761751,-0.19021079776817829,-0.14654278456953648,-0.5511416328264921,0.017111271881075724,-0.025630435522352203,0.05737144331475449,-0.2304833708182692,-0.32539172225123875,-0.054151897166394326,-0.04589388861962846,0.011245803430088084,-0.14252678079919529,-0.1895619785677709,-0.046502550223638715,-0.3202885768686667,1.0
C381256,40.529973,-112.136459,1.3629180423517802,-0.4984496807542321,-0.8560526931120205,2.3786635499802538,-0.011141331645904367,-0.22010988788258168,0.0372689569711417,0.4389978860083241,-0.1448148406771129,-0.18072043055968945,-0.3508004279969053,-0.233938309220792,-0.3318879498843516,-0.05275822040667343,-0.04117050406574721,-0.10175238126708976,0.05809857327197151,-0.11039162668955499,0.056130893148325964,-0.04046381511840835,1.0
C381257,40.529973,-112.136459,0.786163974015083,-0.47910531832016734,-0.8512435330050264,2.0379923033281027,0.1376282144494077,-0.22010988788258168,-0.04756723143224824,0.9555924175743151,-0.1461890368232927,-0.18072043055968945,-0.37859591964415684,-0.23406486374103092,-0.33205987273286497,-0.05345505878653388,-0.03833647333341846,-0.1022280200481362,0.6837684780168232,-0.13756680467978927,0.051369547837255426,0.05128200840626651,0.0
C381258,40.529973,-112.136459,-0.7551053724440011,-0.4984496807542321,-0.6094114819104687,-0.4927083860878804,-0.5343997351535537,-0.18423097974529762,-0.18896087877123147,-0.5511416328264921,-0.09763410632493912,1.318680170316552,0.05737144331475449,-0.23043274901017363,-0.2477562759439805,-0.05406479236891178,-0.04872791935195721,-0.10148058767792036,-0.13820062761167687,-0.18448927867626047,-0.061315624524747016,-0.40285981804087406,0.0
C381259,40.529973,-112.136459,-0.8528602992807295,-0.40172786858390763,1.5835655268788156,-0.6387103489388025,-0.3651102516657848,0.25229573592499194,-0.10412469036784153,-0.6802902657179898,-0.13771482725518383,-0.17420901855430507,-0.0332671484179776,-0.22930641378004715,-0.3266811436150891,-0.052366248818001934,-0.04872791935195721,-0.0504513413113656,-0.1025098638146499,0.08635666195974132,-0.06607696983581755,-0.2698283739300955,1.0
C381260,40.529973,-112.136459,0.9523473496375211,-0.4597609558861024,-0.7742969712931218,1.7946556985765658,0.4454272753362602,-0.22010988788258168,-0.04756723143224824,0.8694933289799832,-0.14504387336814284,-0.18072043055968945,-0.34566430454034797,-0.23400158648091146,-0.33205987273286497,-0.053585715982757715,-0.035502442601089715,-0.0974716322376717,5.264143250162035,-0.11691366940721121,0.06724069887415718,0.4412017583861347,0.0
C381261,40.529973,-112.136459,-0.8333093139133837,0.12056991713584457,0.4980693884430168,-0.5413757070381877,-0.3497202986214422,-0.17825116172241692,-0.14654278456953648,-0.5080920885293261,-0.13153094459737463,-0.1759848581921372,0.05737144331475449,-0.2339636201248398,-0.3270863903294421,-0.0518436200331066,-0.04872791935195721,-0.048956476570933896,-0.14090447335387588,-0.135755126147107,-0.0650188931000241,-0.2927648298112642,1.0
C389686,43.01348,-116.83347,0.600429613025299,-0.39592455985368824,-0.7310145303301754,1.3469163458337379,-0.15991087774121646,-0.18961281596589022,-0.08998532563394321,0.6972951517913196,-0.13679869649106394,-0.18072043055968945,-0.44582878277352317,-0.23401424193293535,-0.33084413258980605,-0.05423900196387688,-0.046838565530404705,-0.09944213575914986,-0.14252678079919529,-0.16818417188211993,-0.03697985960149767,-0.1092731827619145,0.0
C389687,41.79268,-117.54128,-0.6769014309746183,-0.52166291567511,-0.6279610994660173,-0.5073085823729726,-0.5703096255903531,-0.20994419724368452,-0.14654278456953648,-0.6802902657179898,-0.13885999071033367,-0.03095795443584852,-0.4461006951918115,-0.23405220828900702,-0.3317897082566297,-0.054195449565135605,-0.04589388861962846,-0.10528569792629194,-0.14252678079919529,-0.21347613519917708,-0.0692512000431979,-0.46708189450814647,1.0
C389688,40.14991,-116.59282,0.08884549591308709,1.571397099690712,-0.8924649053506897,0.15943371464623826,2.3948213276196593,-0.20396437922080385,0.023129592237243403,0.09460153163099681,-0.1461890368232927,-0.18072043055968945,-0.4459496327372069,-0.23402689738495924,-0.33095465442099326,-0.05288887760289727,-0.03739179642264221,-0.10392672998044494,-0.1446898573929545,-0.14879921158241946,-0.03433466776201404,1.3586599936328834,1.0
C389689,58.2692,-134.3777,1.4346049886987144,0.4455552060281349,-0.6891061351120843,-0.4099739404723579,0.15301816749375025,-0.1304126175393715,0.06554768643893837,2.333177835083624,-0.14550193875020279,-0.15704256872192804,-0.4460100577190487,-0.22915454835576043,-0.3243110643462975,-0.05315019199534494,-0.04872791935195721,-0.102771607226475,-0.14252678079919529,-0.19572168557889066,-0.057083317581573215,-0.27441566510632925,0.0
C389690,32.7076,-110.68758,-0.2500382504542379,-0.4404165934520375,-0.8636099447087254,-0.14230367524566737,-0.5138797977610968,-0.2027684156162277,-0.14654278456953648,-0.5511416328264921,-0.14344064453093305,-0.18072043055968945,-0.43005786251280004,-0.04311940360453291,-0.1244630331529535,-0.054195449565135605,-0.04589388861962846,-0.1038587815831526,-0.13928216590855647,-0.1830399358501147,-0.016347363253525385,-0.02211465041347338,0.0
C389692,38.83568,-122.35796,-0.24677975289301357,1.9389399859379453,-0.6004801845689084,-0.4878416539928497,2.8000900911206816,-0.07719223713573346,-0.14654278456953648,-0.20674527844916463,-0.1461890368232927,-0.1528989429003198,-0.4459697743978208,-0.23428000642543712,-0.33169146662890775,-0.041521701531423726,-0.01471955056401222,-0.08564861110880283,-0.1446898573929545,-0.20586708536191148,-0.0650188931000241,-0.16890796805295316,0.0
C389693,38.83568,-122.35796,-0.8854452748929722,0.08575006475452782,-0.9357473463136361,-0.6143766884636488,1.594543769313843,-0.17466327090868852,-0.18896087877123147,-0.6802902657179898,-0.1461890368232927,-0.18072043055968945,-0.44611076602211847,-0.23428000642543712,-0.3319247904947473,-0.05423900196387688,-0.046838565530404705,-0.10528569792629194,-0.14252678079919529,-0.21347613519917708,-0.0692512000431979,-0.46708189450814647,0.0
C389694,38.83568,-122.35796,-0.8854452748929722,-0.5061874257278581,-0.9357473463136361,-0.5608426354183107,-0.5292697508054395,-0.21293410625512485,-0.18896087877123147,-0.6802902657179898,-0.1461890368232927,-0.1759848581921372,-0.4462215451554952,-0.2341407964531743,-0.33171602703583825,-0.05397768757142922,-0.04589388861962846,-0.10528569792629194,-0.1446898573929545,-0.21347613519917708,-0.0692512000431979,-0.46708189450814647,0.0
C389700,44.35607,-103.76501,-0.380378152903209,-0.0670703984745849,0.1408174947806021,-0.5511091712282492,0.6762765710013996,0.04001219611272782,-0.11826405510173986,-0.20674527844916463,-0.1461890368232927,-0.053451923181721865,-0.4452950287672535,-0.2341281410011504,-0.3313230605249505,-0.05367282078024027,-0.04589388861962846,-0.09781137422413345,-0.1446898573929545,-0.20260606400308334,-0.05338004900629614,-0.2927648298112642,1.0
C389701,44.35607,-103.76501,0.7372865105967187,-0.17539882810534835,-0.5853656813754986,0.7434415660499267,-0.16504086208933066,-0.17585923451326466,0.0372689569711417,2.37622737938079,-0.13221804267046455,-0.1759848581921372,-0.44522453295510467,-0.23400158648091146,-0.3309792148279237,-0.054151897166394326,-0.046838565530404705,-0.09373447038659247,-0.14198601165075547,-0.1870256286220157,-0.04121216654467147,0.055869299582500254,0.0
C389702,44.35607,-103.76501,-0.47813307973993735,-0.5061874257278581,0.4568480160973537,-0.40510720837732717,0.19405804227866394,-0.1100812362615772,-0.18896087877123147,-0.4650425442321601,-0.14504387336814284,3.6687079577143726,-0.4447209914397559,-0.23364723382424246,-0.33122481889722855,-0.053585715982757715,-0.04589388861962846,-0.05581926469746124,-0.1414452425023157,-0.20858460316093488,-0.06396081636423065,-0.27441566510632925,0.0
C389703,37.85921,-106.93872,-0.895220767576645,-0.4365477209652245,-0.837503075556472,-0.6143766884636488,-0.5446597038497821,5.832129711073205,-0.18896087877123147,-0.6802902657179898,0.0876533407183064,-0.1712492858245849,-0.3948099564383869,0.39855727817660813,0.07693230367701093,-0.05515360233744372,-0.04872791935195721,-0.10256776203459796,-0.12197755315848278,-0.20858460316093488,-0.0692512000431979,-0.25147920922516054,0.0
C389704,37.85921,-106.93872,-0.8528602992807295,-0.5139251707014841,0.44997778737307637,-0.5657093675133414,-0.5703096255903531,-0.21173814265054872,-0.18896087877123147,-0.6802902657179898,-0.1303857811422248,1.3245996357759924,-0.44247519628130044,0.19353754924226674,-0.20305633533050058,-0.054456763957583275,-0.04872791935195721,-0.0988306001835187,-0.10629524785372851,-0.19988854620405994,-0.0692512000431979,-0.37992336215970535,0.0
C389705,37.85921,-106.93872,-0.8626357919644023,-0.5468105868393944,-0.9343733005687807,-0.6143766884636488,-0.5703096255903531,-0.21233612445283678,-0.18896087877123147,-0.6802902657179898,-0.12603416001265536,-0.18072043055968945,-0.44085379260187746,-0.054509310426036635,-0.2995787345673006,-0.05463097355254839,-0.04872791935195721,-0.08809475341132741,0.3858046772264919,-0.2002508819105964,-0.0692512000431979,-0.40285981804087406,0.0
C389706,44.35607,-103.76501,-0.13599083581138816,-0.48297419080698023,0.4568480160973537,-0.31750603066677385,1.1482351310279066,0.13389533907195444,-0.14654278456953648,-0.16369573415199873,-0.1461890368232927,-0.11027879159234925,-0.4456978619795325,-0.23401424193293535,-0.3310651762521804,-0.054108344767653055,-0.04400453479807596,-0.0985588065943493,-0.1446898573929545,-0.20369307112269272,-0.05126389553470925,-0.14597151217178445,1.0
C389707,38.83568,-122.35796,1.6757338082293112,-0.517794043188297,-0.5702511781820887,3.8873504994397816,-0.5138797977610968,-0.20217043381393962,-0.07584596090004486,0.4820474303054901,-0.14825033104256244,-0.18072043055968945,-0.4457079328098395,-0.22662345795098182,-0.327946004572009,-0.054151897166394326,-0.046838565530404705,-0.1007331553077045,-0.057085255345706465,0.0754865907636476,0.09792492421216722,0.42743988485743345,0.0
C389708,38.70823,-117.08422,-0.8887037724541966,-0.52166291567511,-0.9343733005687807,-0.55597590332328,-0.5446597038497821,-0.21233612445283678,-0.13240341983563816,-0.6802902657179898,-0.1461890368232927,-0.1765768047380812,-0.4462215451554952,-0.2341281410011504,-0.3319247904947473,-0.054108344767653055,-0.04872791935195721,-0.10528569792629194,-0.1446898573929545,-0.21347613519917708,-0.0692512000431979,-0.4166216915695753,1.0
C389709,37.84912,-106.92615,1.3042650862497431,-0.5023185532410451,-0.6946023180915062,1.2544484360281538,-0.519009782109211,-0.20994419724368452,-0.14654278456953648,0.008502443036664904,-0.1461890368232927,-0.17539291164619314,-0.4462215451554952,-0.23368520018031413,-0.33139674174574196,-0.05436965916010072,-0.04872791935195721,-0.10460621395336844,-0.14090447335387588,-0.11184096951570081,0.03232416659297333,-0.30652670333996546,0.0
C389710,44.35607,-103.76501,-0.859377294403178,0.04706133988639798,-0.9117015457786658,-0.5657093675133414,-0.43180004819126955,5.832129711073205,-0.16068214930343483,-0.6802902657179898,-0.14573097144123276,-0.18072043055968945,-0.44604027020996967,-0.23386237650864863,-0.3300336391611001,-0.05515360233744372,-0.04872791935195721,-0.10528569792629194,-0.13765985846323706,-0.20967161028054426,-0.0692512000431979,-0.25147920922516054,1.0
C389711,44.03598,-115.78426,1.193476169168118,-0.16379221064490943,1.095779287455134,-0.5024418502779419,1.6304536597506425,0.25767757214558457,-0.10412469036784153,0.7403446960884855,-0.14573097144123276,-0.18072043055968945,-0.4415990340445936,-0.2339509646728159,-0.32891614064576313,-0.05227914402051938,-0.04022582715497096,-0.0741653319663957,-0.1446898573929545,-0.15495891859353922,0.014336862084484666,0.042107426053799024,0.0
C389712,44.43988,-114.74204,-0.2891402211889292,-0.4810397545635738,0.4431075586487993,-0.49757511818291117,-0.37537022036201323,-0.1752612527109766,0.10796578064063334,-0.24979482274633058,-0.14435677529505295,-0.15349088944626382,-0.4451338954823419,-0.23371051108436192,-0.3314213021526724,-0.05450031635632455,-0.04589388861962846,-0.10379083318586026,-0.13982293505699628,-0.17851073951840896,-0.04808966532732889,-0.1505588033480182,0.0
C389713,44.43988,-114.74204,0.02041704712737724,-0.5139251707014841,-0.9151366601408044,-0.08876962220032929,-0.5446597038497821,-0.21293410625512485,-0.18896087877123147,-0.24979482274633058,-0.14435677529505295,-0.17243317891647297,-0.4460805535311976,-0.2339636201248398,-0.33129850011802,-0.054195449565135605,-0.04589388861962846,-0.10528569792629194,-0.14036370420543606,-0.1814094251707006,-0.048618703695225626,-0.31570128569243294,1.0
C389714,39.79279,-105.52619,0.4668312130151035,-0.5139251707014841,-0.8004038404453752,0.9381108498511561,-0.4984898447167543,-0.20037648840707542,-0.13240341983563816,-0.2928443670434965,-0.13840192532827372,-0.18072043055968945,-0.4261302386930797,-0.23115410977553552,0.28201306599995485,-0.05375992557772283,-0.04400453479807596,-0.10297545241835204,-0.14252678079919529,-0.1872067964752839,-0.04491543511994854,-0.37992336215970535,0.0
C389715,39.80469,-105.49369,-0.6149899773113571,-0.4636298283729154,-0.2734572972933134,-0.3953737441872657,-0.5138797977610968,0.0202787966372216,-0.16068214930343483,-0.5080920885293261,-0.010830716424580585,-0.09192844866808417,-0.4416695298567424,-0.1872650021566745,-0.25586121023104,-0.05375992557772283,-0.046838565530404705,-0.09108448289219082,-0.10088755636933049,-0.20840343530766667,-0.067135046571611,-0.3111139945161992,1.0
C389716,44.927178,-115.335939,1.115272227698735,-0.4945808082674192,-0.9034572713095332,2.8994038841485428,-0.5241397664573253,-0.20874823363910838,-0.13240341983563816,-0.5080920885293261,-0.1452729060591728,-0.11323852432206943,-0.4459496327372069,-0.23376113289245748,-0.3313844615422767,-0.05428255436261816,-0.04872791935195721,-0.10392672998044494,-0.1446898573929545,-0.16456081481675533,-0.04491543511994854,-0.4166216915695753,0.0
C389722,32.78181,-108.11841,-0.8039828358623653,1.9776287108060748,0.9515044842453125,-0.6143766884636488,-0.48309989167241163,0.3126918979560867,-0.14654278456953648,-0.6802902657179898,-0.14573097144123276,-0.1759848581921372,-0.442253638014547,-0.23344474659186018,-0.30608724240387875,-0.05310663959660366,-0.04872791935195721,-0.09495754153785477,-0.1446898573929545,-0.19771453196484118,-0.06766408493950772,-0.33863774157360166,0.0
C389723,34.65042,-80.4131,-0.8430848065970566,-0.5274662244053295,-0.8849076537539848,-0.6143766884636488,-0.5703096255903531,-0.21472805166198908,-0.14654278456953648,-0.03454710126050093,-0.1461890368232927,0.12886761296904103,-0.31222914792119033,-0.23384972105662474,-0.3316177854081163,-0.054195449565135605,-0.04872791935195721,-0.08673578546548043,-0.13441524357259824,-0.1935476713396719,-0.054967164109986325,-0.4166216915695753,2.0
C389724,45.11736,-114.34256,-0.8072413334235895,-0.517794043188297,-0.8429992585358939,-0.5316422428481262,-0.5549196725460106,-0.21472805166198908,-0.08998532563394321,-0.6802902657179898,-0.14550193875020279,3.775258335984299,-0.4359996523939154,-0.23367254472829024,-0.3317897082566297,-0.05362926838149899,-0.04872791935195721,6.689969270759388,-0.1446898573929545,-0.20641058892171615,-0.06819312330740444,-0.46708189450814647,0.0
C389725,40.19021,-116.49342,-0.6377994602399271,-0.5119907344580776,-0.8972740654576837,-0.45864126142266526,-0.539529719501668,-0.21293410625512485,-0.13240341983563816,-0.42199299993499423,-0.14412774260402297,-0.1759848581921372,-0.44599998688874176,-0.2339003428647203,-0.33131078032148525,-0.054108344767653055,-0.04494921170885221,-0.10392672998044494,-0.13874139676011668,-0.1971710284050365,-0.062373701260540475,-0.22395546216775808,0.0
C389726,49.69987,-116.02107,-0.5107180553521802,-0.44235102969544393,1.2057029470435692,-0.5073085823729726,-0.3292003612289854,0.7366609957783269,-0.11826405510173986,-0.42199299993499423,-0.14458580798608292,-0.1759848581921372,-0.44550651620369996,0.05685866738422202,0.28201306599995485,-0.054456763957583275,-0.04872791935195721,-0.0985588065943493,-0.14036370420543606,-0.17615555742592198,-0.05919947105316012,-0.30652670333996546,0.0
C389727,36.17,-85.92,-0.8854452748929722,-0.52166291567511,-0.9220068888650816,-0.6143766884636488,-0.5600496568941248,-0.21472805166198908,-0.14654278456953648,-0.6802902657179898,-0.1461890368232927,-0.18072043055968945,-0.4401790469713101,-0.2337484774404336,0.28201306599995485,-0.05515360233744372,-0.04872791935195721,-0.10365493639127554,-0.1446898573929545,-0.21003394598708072,-0.0692512000431979,-0.46708189450814647,0.0
C389728,37.49257,-91.10903,-0.8789282797705237,2.7900919330368006,-0.8162053665112128,-0.55597590332328,4.200575818155861,-0.09572967300666356,-0.16068214930343483,-0.6802902657179898,-0.13931805609239362,-0.18072043055968945,-0.4458589952644441,0.21252072727810628,0.28201306599995485,-0.05463097355254839,-0.04872791935195721,-0.08999730853551323,-0.1446898573929545,-0.16890884329519282,-0.06766408493950772,-0.40285981804087406,0.0
C389729,37.60586,-91.12263,-0.8300508163521595,3.6605882425697214,-0.8244496409803453,-0.4683747256127267,5.231702672126818,-0.06702654649683631,0.3059168869152099,-0.6802902657179898,-0.1461890368232927,-0.18072043055968945,-0.4453453829187884,-0.23400158648091146,-0.33165462601851203,-0.054413211558841997,-0.04872791935195721,-0.09842290979976462,-0.1446898573929545,-0.1719886968007527,-0.06554793146792082,-0.4166216915695753,0.0
C389730,37.35977,-91.14823,-0.8365678114746081,0.07607788353749531,-0.8869687223712679,-0.48297492189781893,0.24535788575980608,-0.18243703433843342,-0.18896087877123147,-0.6802902657179898,-0.13061481383325477,-0.1765768047380812,-0.44543602039155117,0.04040657975316108,0.28201306599995485,-0.04322024508233356,-0.04872791935195721,0.03366877453656354,-0.1446898573929545,-0.20333073541615626,-0.06660600820371428,-0.46708189450814647,0.0
C389731,37.63949,-91.12258,-0.4846500748623859,2.1904166975807886,-0.7997168175729474,0.08156600112574641,2.8462599502537103,-0.1638995984675033,-0.11826405510173986,-0.42199299993499423,-0.14458580798608292,-0.17539291164619314,-0.43297840330182286,-0.23150846243220452,0.28201306599995485,-0.040650653556598165,-0.046838565530404705,0.08530955647874944,-0.1446898573929545,-0.18159059302396882,-0.05338004900629614,-0.3753360709834716,0.0
C389732,37.49257,-91.10903,-0.869152787086851,1.0490993139709597,-0.4005565286924417,-0.5413757070381877,1.7279233623648123,-0.15552785323547033,-0.18896087877123147,-0.6802902657179898,-0.12717932346780522,-0.18072043055968945,-0.445899278585672,0.39855727817660813,0.28201306599995485,-0.052584010811708326,-0.04872791935195721,-0.06587562749672903,-0.14252678079919529,-0.19064898568738026,-0.067135046571611,-0.3753360709834716,0.0
C389733,-27.5094,-70.287,0.44402173008653345,-0.40559674107072063,0.18203886712626544,-0.5073085823729726,-0.17530083078555908,-0.19798456119792315,0.15038387484232832,0.2667997088196604,-0.1452729060591728,-0.18072043055968945,-0.17224460665423522,-0.2341154855491265,-0.33163006561158154,-0.05371637317898155,-0.04494921170885221,-0.0955690771134859,-0.14198601165075547,-0.1819529287305053,-0.05972850942105685,0.24853552898431747,0.0
C389734,48.69,-81.36978,-0.7713978602501225,-0.0012995661987642681,0.2026495532990971,-0.5024418502779419,-0.11887100295630279,-0.13459849015538797,0.4614498989880914,-0.6802902657179898,-0.11755995044454648,-0.16059424799759225,0.05737144331475449,-0.23282462944268942,0.28201306599995485,-0.05515360233744372,-0.04872791935195721,0.14034775828555285,-0.1446898573929545,-0.20930927457400783,-0.06554793146792082,-0.3615741974547704,1.0
C389735,-21.9182,-68.832,1.5584278960252367,-0.31661267387402214,-0.8498694872601711,1.638920271535582,-0.27277053339972906,-0.20695428823224418,0.1645232395762266,0.3098492531168264,-0.14504387336814284,-0.18072043055968945,-0.3459664294495572,-0.23402689738495924,-0.3297389142779343,-0.053803477976464106,-0.046838565530404705,-0.09618061268911705,-0.13171139783039923,-0.16075628989812255,-0.04015408980887802,-0.2056062974628231,1.0
C389736,-27.5094,-70.287,0.45705572033143055,-0.2856616939795183,0.9515044842453125,0.08156600112574641,2.410211280664002,-0.015002129697774402,0.3483349811169048,0.9125428732771491,-0.1452729060591728,-0.18072043055968945,-0.4251231556623822,-0.2337737883444814,-0.3310897366591109,-0.054151897166394326,-0.04400453479807596,-0.08517297232775639,-0.10142832551777028,-0.15061089011510173,-0.061315624524747016,0.4228525936811997,2.0
C389743,-5.8981,-49.69912,0.33323281300490804,-0.52166291567511,-0.845060327153177,-0.4878416539928497,-0.539529719501668,5.832129711073205,0.0372689569711417,-0.42199299993499423,-0.14550193875020279,-0.18072043055968945,-0.42351182281326616,-0.23364723382424246,-0.32881789901804115,-0.04605115100051663,-0.04494921170885221,4.834902527214005,-0.14090447335387588,0.04287637717536644,-0.057083317581573215,-0.2377173356964593,2.0
C389744,-5.8981,-49.69912,0.4179537495967392,-0.525531788161923,-0.8842206308815571,-0.4391743330425423,-0.5446597038497821,5.832129711073205,-0.04756723143224824,-0.42199299993499423,-0.14550193875020279,-0.18072043055968945,-0.4176707412352206,-0.233938309220792,-0.32766355989230844,-0.045789836608068964,-0.04494921170885221,5.310541308260454,-0.14090447335387588,-0.016909014403148993,-0.058670432685263396,-0.33863774157360166,1.0
C389745,-5.8981,-49.69912,2.7249700229435287,-0.525531788161923,-0.6987244553260724,1.434517523544291,-0.44206001688749796,-0.20994419724368452,-0.16068214930343483,1.472186949140306,-0.1461890368232927,-0.18072043055968945,-0.4447713455912908,-0.23364723382424246,-0.33129850011802,-0.053542163584016436,-0.030779058047208464,-0.08456143675212524,-0.14252678079919529,-0.11836301223335703,0.07358915928891788,0.1889007436932788,1.0
C389746,-27.51293,117.99932,1.1478572033109777,0.1669963869776004,-0.4445259925278159,-0.20557119248106695,-0.0624411751270465,-0.1417742717828448,0.13624451010842997,2.8497723666496158,-0.14573097144123276,-0.18072043055968945,-0.44563743699769065,-0.2341281410011504,-0.3309792148279237,-0.05458742115380711,-0.04872791935195721,-0.09427805756493127,-0.1446898573929545,-0.1922794963667943,-0.050205818798915794,-0.2881775386350305,1.0
C389747,-24.57667,-67.84837,1.9494476033721506,-0.07867701593502385,-0.4994878223220335,1.0743793485120166,-0.00088136294967594,-0.18482896154758569,0.10796578064063334,1.42913740484314,-0.14504387336814284,-0.18072043055968945,-0.36510100703281007,-0.23335615842769292,-0.3305985285205012,-0.054456763957583275,-0.04872791935195721,-0.0948895931405624,-0.14198601165075547,-0.17343803962689855,-0.007353710999281062,0.39532884662379725,0.0
C389748,-6.09809,-50.4158,-0.8854452748929722,-0.525531788161923,1.837763989677072,-0.6143766884636488,-0.5703096255903531,-0.21114016084826065,-0.18896087877123147,-0.6802902657179898,-0.1461890368232927,-0.18072043055968945,-0.4460301993796627,-0.2340775191930548,-0.33163006561158154,-0.05515360233744372,-0.04872791935195721,-0.10528569792629194,-0.1414452425023157,-0.14879921158241946,-0.0692512000431979,-0.26524108275386177,1.0
C389749,-21.67999,140.48216,1.4020200130864717,0.3662433200484688,-0.5743733154166552,-0.3467064232369583,0.7429663675268843,-0.18841685236131409,-0.019288501964451584,0.7403446960884855,-0.1461890368232927,-0.18072043055968945,-0.44599998688874176,-0.2341154855491265,-0.3317651478496992,-0.05362926838149899,-0.04117050406574721,-0.09740368384037937,-0.1446898573929545,-0.06419382410615669,0.005343209830240342,-0.16432067687671942,1.0
C389750,-21.67999,140.48216,1.1413402081885293,-0.5042529894844516,0.6148632767557295,0.2616350886418837,0.6557566336089428,-0.20994419724368452,-0.10412469036784153,0.4389978860083241,-0.1461890368232927,-0.18072043055968945,-0.4452648162763326,-0.2341281410011504,-0.33169146662890775,-0.052714668007932154,-0.04117050406574721,-0.07280636402054871,-0.13982293505699628,-0.14372651169090905,-0.015818324885628662,0.07880575546366897,2.0
C389751,-29.7183,-71.2355,-0.8430848065970566,6.059289184393768,-0.3146786696389766,-0.5462424391332185,-0.22147068991858695,-0.18841685236131409,24.14488582826778,-0.2928443670434965,-0.1461890368232927,-0.17420901855430507,-0.44425773324563506,-0.23387503196067252,-0.3318511092739559,-0.054195449565135605,-0.04872791935195721,-0.08802680501403508,-0.1446898573929545,-0.1478933723160783,0.07782146623209169,3.1614654258927444,1.0
C389752,29.72272,-115.18871,1.594271369198704,-0.4036623048273142,-0.22330462760608977,-0.5024418502779419,-0.4574499699318406,-0.21054217904597258,-0.13240341983563816,1.6443851263289697,-0.1461890368232927,-0.18072043055968945,-0.44609062436150454,-0.23428000642543712,-0.3318511092739559,-0.05436965916010072,-0.04211518097652346,-0.08592040469797223,-0.14198601165075547,-0.20894693886747137,-0.06766408493950772,1.06048606717769,1.0
C389753,29.71467,-115.18407,1.7962982179946092,-0.35143252625533894,0.017153377743612454,-0.5024418502779419,0.5685468996910013,-0.18781887055902602,-0.13240341983563816,1.945731936409131,-0.1461890368232927,-0.18072043055968945,-0.4456676494886116,-0.23428000642543712,-0.33158094479772054,-0.053803477976464106,-0.04589388861962846,-0.026805299053627843,-0.1446898573929545,-0.20333073541615626,-0.06766408493950772,0.9274546230669114,1.0
C389754,29.71906,-115.18271,1.151115700872202,-0.3069404926569897,-0.7042206383054942,-0.4781081898027882,0.014508590094666587,-0.1920047431750425,-0.005149137230553268,1.2138896833573107,-0.1461890368232927,-0.18072043055968945,-0.44599998688874176,-0.23428000642543712,-0.33165462601851203,-0.05406479236891178,-0.04589388861962846,-0.09835496140247227,-0.14252678079919529,-0.19463467845928129,-0.06343177799633393,-0.058812979823343325,0.0
C389755,32.85011,-108.08391,-0.6573504456072726,2.6353370335642814,0.6629548778256699,-0.5462424391332185,-0.4266700638431553,0.24930582691355158,-0.14654278456953648,-0.5080920885293261,-0.14504387336814284,-0.18072043055968945,-0.321292895197468,-0.23344474659186018,-0.32933366756358134,-0.05336795398905133,-0.046838565530404705,-0.07926146176332195,-0.14036370420543606,0.0102661635870853,-0.0650188931000241,-0.260653791577628,0.0
C389756,38.98351,-119.19408,0.09536249103553565,-0.5003841169976386,-0.14086188291476334,0.5828394069139123,-0.4164100951469269,-0.21173814265054872,-0.18896087877123147,-0.16369573415199873,-0.14550193875020279,-0.18072043055968945,-0.28705207215375234,-0.23428000642543712,-0.33177742805316446,-0.05428255436261816,-0.04872791935195721,-0.10202417485625914,-0.1414452425023157,-0.20188139259001045,-0.057083317581573215,-0.08174943570451204,1.0
C389760,38.98351,-119.19408,1.3205575740558648,-0.2856616939795183,-0.7591824680997119,0.13023332207605381,-0.15991087774121646,-0.21054217904597258,-0.07584596090004486,0.525096974602656,-0.1461890368232927,-0.18072043055968945,-0.3601663001823922,-0.23398893102888757,-0.3315686645942553,-0.05397768757142922,-0.04589388861962846,-0.10243186524001326,-0.14198601165075547,-0.18974314642103912,-0.029573322450943514,-0.20101900628658936,1.0
C389761,38.98351,-119.19408,1.7441622570150206,-0.039988291066894104,-0.8904038367334066,-0.4099739404723579,-0.24712061165915802,-0.20994419724368452,-0.04756723143224824,0.39594834171115817,-0.1461890368232927,-0.18072043055968945,-0.4207926986303829,-0.23428000642543712,-0.33205987273286497,-0.054151897166394326,-0.046838565530404705,-0.1029075040210597,-0.14252678079919529,-0.16709716476251055,-0.030631399186736963,-0.25147920922516054,1.0
C389762,38.98351,-119.19408,1.193476169168118,-0.4771708820767608,-0.5015488909393166,1.3761167384039223,-0.2368606429629296,-0.20994419724368452,-0.11826405510173986,0.3098492531168264,-0.14573097144123276,-0.18072043055968945,-0.29812998549142505,-0.23415345190519818,-0.33163006561158154,-0.05436965916010072,-0.04872791935195721,-0.10202417485625914,-0.1414452425023157,-0.18032241805109125,-0.035921782865704216,-0.16432067687671942,1.0
C389763,38.98351,-119.19408,1.3335915643007616,-0.517794043188297,-0.7399458276717358,1.025712027561709,-0.4061501264506985,-0.21293410625512485,-0.18896087877123147,0.3528987974139923,-0.1461890368232927,-0.18072043055968945,-0.44548637454308604,-0.2341154855491265,-0.33205987273286497,-0.05432610676135944,-0.04872791935195721,-0.10528569792629194,-0.13820062761167687,-0.15695176497948973,0.14024799364390522,-0.15514609452425193,1.0
C389764,38.98351,-119.19408,1.7376452618925722,-0.12316904953337311,-0.8478084186428878,-0.12283674686554447,-0.25738058035538647,-0.20934621544139645,-0.10412469036784153,0.2667997088196604,-0.1461890368232927,-0.18072043055968945,-0.44523460378541163,-0.2341281410011504,-0.33205987273286497,-0.054108344767653055,-0.046838565530404705,-0.09604471589453237,-0.14252678079919529,-0.15840110780563557,-0.03380562939411732,-0.19184442393412188,1.0
C389765,35.05362,-114.3769,0.010641554443704468,-0.5081218619712646,-0.9350603234412084,1.123046669462324,-0.5497896881978963,-0.21353208805741294,-0.18896087877123147,-0.6802902657179898,-0.14023418685651348,-0.18072043055968945,-0.44591942024628595,-0.23387503196067252,-0.33169146662890775,-0.05428255436261816,-0.04872791935195721,-0.10528569792629194,-0.1414452425023157,-0.21347613519917708,-0.06766408493950772,-0.4166216915695753,0.0
C389766,35.05362,-114.3769,-0.24026275777056502,-0.517794043188297,-0.9336862776963529,0.5925728711039738,-0.5549196725460106,-0.21293410625512485,-0.18896087877123147,-0.6802902657179898,-0.143898709912993,-0.18072043055968945,-0.4451540371429558,-0.23386237650864863,-0.33169146662890775,-0.054151897166394326,-0.046838565530404705,-0.10528569792629194,-0.14198601165075547,-0.21347613519917708,-0.06766408493950772,-0.46708189450814647,1.0
C389767,60.30865,16.16282,1.030551291106904,-0.5235973519185165,-0.8835336080091294,0.13510005417108456,0.28639776054471966,-0.13938234457369253,-0.18896087877123147,-0.3358939113406624,-0.1461890368232927,-0.18072043055968945,-0.4460301993796627,-0.23341943568781237,-0.33083185238634083,-0.05428255436261816,-0.04589388861962846,-0.104130575172322,-0.13820062761167687,-0.12868957986964608,5.282615127309155e-05,-0.41203440039334155,0.0
C389768,60.30865,16.16282,-0.5661125138929929,-0.26051402281523395,0.49119915971873973,-0.37590681580714275,-0.07270114382327493,-0.059252783067091426,-0.14654278456953648,-0.5511416328264921,-0.14183741569372327,-0.15526672908409594,-0.44122641332323553,0.07963848102722947,0.28201306599995485,-0.05515360233744372,-0.04872791935195721,-0.09081268930302142,-0.1446898573929545,-0.10024622690653417,-0.058670432685263396,-0.3615741974547704,0.0
C389769,60.30865,16.16282,-0.30869120655627486,-0.4868430632937933,0.8072296810354911,0.21783449978660704,1.5688938475732719,-0.08078012794946188,-0.18896087877123147,-0.42199299993499423,-0.06190500652426384,-0.18072043055968945,-0.20648542969795083,0.12393256311085507,0.28201306599995485,-0.05432610676135944,-0.04872791935195721,0.01736115918639957,-0.13062985953351963,-0.1440888473974455,-0.0523219722705027,-0.27441566510632925,0.0
C389770,60.30865,16.16282,-0.8137583285460382,0.9833284816951392,-0.3778847739023269,-0.5170420465630341,5.949900480862807,0.2391401362746544,-0.18896087877123147,-0.6802902657179898,-0.13908902340136364,-0.18072043055968945,-0.4326762783926136,-0.22118161358070781,-0.3282652898621053,-0.05467452595128967,-0.04872791935195721,-0.1044023687614914,-0.14036370420543606,-0.21148328881322656,-0.0692512000431979,-0.40285981804087406,0.0
C389771,4.08451,137.13229,-0.5986974895052357,-0.517794043188297,-0.2727702744208857,-0.3418396911419276,-0.4984898447167543,-0.20994419724368452,-0.18896087877123147,-0.4650425442321601,-0.14321161183990308,-0.18072043055968945,0.05737144331475449,-0.23405220828900702,-0.33128621991455476,-0.05428255436261816,-0.04872791935195721,-0.09733573544308702,-0.14198601165075547,-0.21148328881322656,-0.06660600820371428,-0.1826698415816544,1.0
C389772,4.08451,137.13229,1.8223661984844035,-0.3088749289003962,-0.6939152952190784,1.8822568762871188,0.09658833966449401,-0.20874823363910838,-0.019288501964451584,0.5681465188998219,-0.1461890368232927,-0.18072043055968945,-0.415857991779965,-0.2339256537687681,-0.3314581427630682,-0.05436965916010072,-0.046838565530404705,-0.10161648447250504,-0.14198601165075547,-0.17778606810533604,-0.02216678530038936,0.12009137604977266,0.0
C389773,4.08451,137.13229,-0.43903110900524606,-0.5197284794317036,-0.30780844091469944,-0.04983576544008336,-0.4574499699318406,-0.20217043381393962,-0.18896087877123147,-0.37894345563782833,-0.1452729060591728,-0.18072043055968945,-0.29208748730723993,-0.2339003428647203,-0.32945646959823377,-0.05432610676135944,-0.04872791935195721,-0.09570497390807062,-0.1414452425023157,-0.21021511384034894,-0.06607696983581755,-0.09092401805697953,0.0
C389774,-26.8288,-69.2653,-0.8789282797705237,-0.5158596069448906,-0.9329992548239252,-0.5511091712282492,-0.5703096255903531,-0.21472805166198908,-0.18896087877123147,0.09460153163099681,-0.1461890368232927,-0.18072043055968945,-0.44597984522812784,-0.2336092674681708,-0.3317651478496992,-0.05432610676135944,-0.04589388861962846,-0.10528569792629194,-0.14036370420543606,-0.20568591750864323,-0.067135046571611,-0.41203440039334155,0.0
C389775,51.90875,10.41231,-0.6573504456072726,0.11283217216221861,0.10646635115921606,-0.4391743330425423,0.0196385744427808,0.12313166663076923,-0.16068214930343483,-0.6802902657179898,-0.12855351961398503,-0.07653783847353925,0.05737144331475449,0.05938975778900062,0.28201306599995485,-0.05432610676135944,-0.04872791935195721,0.4719359370722202,-0.14198601165075547,-0.19010548212757558,-0.06819312330740444,-0.3936852356884066,0.0
C389776,51.90875,10.41231,-0.8789282797705237,-0.5119907344580776,0.7797487661383823,-0.5608426354183107,-0.5600496568941248,-0.12443279951649083,-0.18896087877123147,-0.6802902657179898,-0.11733091775351652,-0.1262613483328382,0.05737144331475449,0.037875489348382474,0.28201306599995485,-0.0510596768557636,-0.04872791935195721,0.14850156596063482,-0.1414452425023157,-0.17343803962689855,-0.0692512000431979,-0.3615741974547704,0.0
C389777,58.299,-134.3378,-0.6052144846276843,-0.5119907344580776,-0.6746786547911022,-0.43430760094751153,-0.5241397664573253,-0.21173814265054872,-0.18896087877123147,-0.5511416328264921,-0.14550193875020279,-0.16710566000297664,-0.44478141642159774,-0.23382441015257696,-0.32207606731562344,-0.053585715982757715,-0.04589388861962846,-0.08340631399815529,-0.14090447335387588,-0.2091281067207396,-0.06343177799633393,-0.32487586804490043,1.0
C389778,38.72723,-105.14446,0.5971711154640748,1.5907414621247769,-0.5668160638199501,1.7946556985765658,1.7587032684534978,-0.07539829172886925,0.5038679931897864,3.2802678096212747,-0.11343736200600703,-0.11974993632745382,-0.44556694118554185,-0.23331819207162124,-0.3303283640442659,-0.031025573434775737,-0.001494073813144726,-0.0760678870905815,-0.12197755315848278,1.5828031299553096,0.041317818847217656,4.23489156113144,0.0
C389779,39.36909,-106.1647,-0.08385487483179964,-0.33402260006468054,-0.9171977287580876,-0.06930269382020633,-0.539529719501668,-0.20994419724368452,-0.18896087877123147,-0.4650425442321601,-0.14458580798608292,-0.18072043055968945,-0.4460805535311976,-0.23235637771780537,-0.3318265488670254,-0.05436965916010072,-0.04872791935195721,-0.10528569792629194,4.14469102803156,-0.1933665034864037,0.010633593509207593,-0.29735212098749797,0.0
C389780,37.9561,-107.77534,-0.8496018017195052,-0.31274380138720914,-0.05154890949915961,-0.5413757070381877,-0.5600496568941248,-0.17944712532699306,-0.18896087877123147,-0.5511416328264921,1.6771402164662965,-0.1375083327057749,0.05737144331475449,0.39855727817660813,0.28201306599995485,-0.05515360233744372,-0.04872791935195721,-0.10039341332124276,-0.12792601379132063,-0.2103962816936172,-0.06660600820371428,-0.4074471092171078,0.0
C389781,37.9561,-107.77534,-0.5433030309644229,0.2791936890951767,-0.6952893409639339,-0.5121753144680034,-0.26251056470350065,2.1897567753383314,-0.18896087877123147,-0.6802902657179898,-0.03144365861727786,-0.17065733927864085,-0.44402610414857463,-0.06843030765231897,0.02412742877647147,-0.05454386875506583,-0.04872791935195721,-0.10311134921293676,-0.14036370420543606,-0.21347613519917708,-0.0692512000431979,-0.19184442393412188,0.0
C389783,39.74579,-105.54369,-0.520493548035853,-0.49264637202401274,0.0446342926407213,-0.3223727627618046,-0.519009782109211,-0.17047739829267206,-0.16068214930343483,-0.5080920885293261,-0.015182337554150011,-0.09548012794374837,-0.1732516896849327,0.39855727817660813,-0.3092800953048416,-0.054108344767653055,-0.04872791935195721,-0.09808316781330287,-0.12630370634600122,-0.12144286573891692,-0.05443812574208959,-0.3615741974547704,0.0
C389784,48.22927,-115.90464,0.0758115056681901,-0.517794043188297,-0.8663580361984363,0.22270123188163776,-0.539529719501668,-0.21293410625512485,-0.10412469036784153,0.1807006202253286,0.12429857128310155,-0.18072043055968945,0.05737144331475449,-0.23350802385197963,-0.3317405874427687,-0.054413211558841997,-0.04589388861962846,-0.10460621395336844,-0.1446898573929545,-0.15767643639256265,-0.004708519159797436,-0.41203440039334155,0.0
C389785,48.22927,-115.90464,-0.5107180553521802,-0.52166291567511,-0.9178847516305154,-0.12283674686554447,-0.5549196725460106,-0.20575832462766805,-0.18896087877123147,-0.42199299993499423,-0.13908902340136364,-0.18072043055968945,-0.42169907335801066,-0.23415345190519818,-0.3318265488670254,-0.05432610676135944,-0.04872791935195721,-0.10528569792629194,-0.14198601165075547,-0.19735219625830472,-0.05338004900629614,-0.42120898274580904,0.0
C389787,38.50254,-77.66053,-0.08711337239302384,0.1167010446490316,0.9308937980724808,-0.1812375320059133,-0.09835106556384594,-0.17645721631555272,-0.18896087877123147,-0.24979482274633058,-0.14046321954754346,-0.18072043055968945,-0.4459496327372069,-0.23126800884375057,-0.3314581427630682,-0.05227914402051938,-0.04872791935195721,0.02415599891563456,0.6837684780168232,-0.20749759604132553,-0.0629027396284372,-0.058812979823343325,0.0
C389788,38.94021,-119.05178,-0.6182484748725814,0.26952150787814433,2.167534968442378,-0.5608426354183107,-0.3292003612289854,-0.178849143524705,-0.13240341983563816,-0.4650425442321601,-0.14550193875020279,-0.18072043055968945,-0.4286479462698235,-0.23406486374103092,-0.3314827031699986,-0.05454386875506583,-0.04872791935195721,-0.08313452040898589,-0.14090447335387588,-0.1830399358501147,-0.0692512000431979,-0.12303505629061573,0.0
C389789,38.94021,-119.05178,-0.19790228947464944,0.04899577612980443,2.071351766302497,-0.536508974943157,0.9994655849325946,-0.1920047431750425,-0.0334278666983499,0.6972951517913196,-0.1452729060591728,-0.18072043055968945,-0.4051829116545713,-0.2337358219884097,-0.3313230605249505,-0.05280177280541471,-0.03739179642264221,-0.0492282701601033,-0.1446898573929545,-0.16637249334943763,-0.06025754778895357,0.4090907201524985,0.0
C389790,38.94021,-119.05178,-0.08059637727057528,-0.17926770059216132,2.2362372556851504,-0.43430760094751153,2.0049425171629793,-0.20217043381393962,-0.18896087877123147,-0.42199299993499423,-0.1452729060591728,-0.18072043055968945,-0.3652017153358798,-0.2341281410011504,-0.3314213021526724,-0.05450031635632455,-0.04872791935195721,-0.08558066271151048,-0.1446898573929545,-0.19137365710045318,-0.0692512000431979,-0.1092731827619145,0.0
C389791,38.94021,-119.05178,-0.7225203968317583,2.1904166975807886,0.6079930480314522,-0.5462424391332185,1.1944049901609348,-0.20217043381393962,-0.18896087877123147,-0.5511416328264921,-0.14069225223857343,-0.18072043055968945,0.05737144331475449,-0.23406486374103092,-0.33014416099228727,-0.052932430001638546,-0.04872791935195721,0.053373809751345,-0.1446898573929545,-0.21347613519917708,-0.0692512000431979,-0.260653791577628,0.0
C389792,38.94021,-119.05178,-0.7355543870766554,-0.434613284721818,2.2705883993065363,-0.5608426354183107,0.4043874005513465,-0.20994419724368452,-0.18896087877123147,-0.6802902657179898,-0.14573097144123276,-0.18072043055968945,-0.4026652040778275,-0.23403955283698313,-0.33131078032148525,-0.05332440159031005,-0.04872791935195721,-0.050179547722196204,-0.1446898573929545,-0.20985277813381248,-0.0692512000431979,-0.24230462687269305,0.0
C389793,38.94021,-119.05178,-0.28588172362770486,-0.47910531832016734,2.3049395429279222,-0.259105245526405,1.620193691054414,-0.20755227003453225,-0.18896087877123147,-0.3358939113406624,-0.1461890368232927,-0.18072043055968945,-0.4328776949987531,-0.2341154855491265,-0.3314581427630682,-0.053237296792827495,-0.04872791935195721,-0.06030385891875633,-0.14252678079919529,-0.18938081071450266,-0.06607696983581755,0.023758261348864048,0.0
C389794,38.94021,-119.05178,-0.8333093139133837,-0.40172786858390763,2.263718170582259,-0.55597590332328,-0.4779699073242974,-0.2009744702093635,-0.18896087877123147,-0.5941911771236579,-0.1461890368232927,-0.18072043055968945,-0.4432607210452445,-0.2341407964531743,-0.33170374683237297,-0.053847030375205385,-0.04872791935195721,-0.03156168686409234,-0.14198601165075547,-0.2047800782423021,-0.0692512000431979,-0.026701941589707123,0.0
C389795,38.94021,-119.05178,-0.5595955187705444,0.339161212640778,1.6247868992244785,-0.5657093675133414,-0.37537022036201323,-0.19977850660478735,-0.18896087877123147,-0.5511416328264921,-0.1448148406771129,-0.17361707200836105,-0.388263916738853,-0.23428000642543712,-0.3310406158452499,-0.05428255436261816,-0.04872791935195721,-0.0717191896638711,-0.1446898573929545,-0.18467044652952874,-0.0692512000431979,-0.026701941589707123,0.0
C389796,38.94021,-119.05178,-0.15554182117873383,-0.3939901236102817,1.9202067343683986,-0.5267755107530956,1.9895525641186371,-0.20635630642995612,-0.18896087877123147,-0.5511416328264921,-0.14229548107578321,-0.18072043055968945,0.026150750393176016,-0.23409017464507872,-0.32975119448139956,-0.05306308719786238,-0.04872791935195721,-0.027484783026551343,-0.14252678079919529,-0.20894693886747137,-0.0692512000431979,-0.08633672688074578,0.0
C395820,40.55184,-111.60298,-0.49442556754605876,2.2871385097511134,0.09959612243493889,-0.444041065137573,-0.052181206430818076,-0.02277589312751929,-0.18896087877123147,-0.4650425442321601,-0.12832448692295506,-0.1659217669110886,-0.1772800218077228,-0.12487362367888187,0.10272073095401857,-0.05345505878653388,-0.04872791935195721,-0.05649874867038474,-0.14090447335387588,-0.19119248924718496,-0.06660600820371428,-0.2147808798152906,1.0
C395821,33.05899,-110.74239,0.27132135934164675,1.029754951536895,-0.38131988826446556,-0.444041065137573,1.9074728145488098,-0.14476418079428513,0.0372689569711417,0.7833942403856515,-0.14366967722196303,-0.18072043055968945,-0.008090072650539624,-0.23257152040221155,-0.32618993547647945,-0.05306308719786238,-0.03928115024419471,-0.07864992618769079,-0.1446898573929545,-0.1276025727500367,-0.02375390040407954,-0.1734952592291869,0.0
C395822,38.79185,-114.34584,-0.46509908949504025,0.43007971608088297,1.0064663140395302,-0.4927083860878804,1.7227933780166982,0.2188087549968601,-0.14654278456953648,-0.24979482274633058,-0.143898709912993,-0.17065733927864085,-0.11081254178168655,-0.23383706560460085,-0.3195954662156446,-0.05345505878653388,-0.04872791935195721,-0.05391670957327545,-0.1446898573929545,-0.07741907739473737,-0.054967164109986325,0.055869299582500254,0.0
C395823,40.52327,-112.17136,-0.8267923187909352,-0.4984496807542321,1.72097010136436,-0.6387103489388025,-0.38050020471012747,-0.21233612445283678,-0.10412469036784153,-0.5941911771236579,-0.1113760677867373,-0.173025125462417,1.014099203507442,-0.20764027991514228,-0.31787623773051077,-0.054413211558841997,-0.04872791935195721,-0.10528569792629194,-0.1446898573929545,-0.06727367761171657,-0.06766408493950772,-0.1734952592291869,0.0
C395824,40.536199,-112.139772,-0.8561187968419538,-0.4984496807542321,0.11333657988349337,-0.6387103489388025,-0.5600496568941248,-0.14117628998055673,-0.18896087877123147,-0.6802902657179898,-0.0811437525707813,-0.12389356214906207,-0.17023044059284018,1.6894119784664228,1.6819548965841054,-0.05515360233744372,-0.04872791935195721,-0.1020921232535515,-0.1446898573929545,-0.18611978935567453,-0.0692512000431979,-0.32946315922113417,0.0
C395825,40.50411,-112.1608,-0.8854452748929722,-0.5564827680564269,0.6904357927227786,-0.6387103489388025,-0.5703096255903531,-0.18781887055902602,-0.18896087877123147,-0.6802902657179898,0.051237142844541214,-0.11560631050584558,-0.37537325394592475,2.6638817843061857,0.8346208574824259,-0.05458742115380711,-0.04872791935195721,-0.1034510911993985,-0.14198601165075547,-0.16582898978963295,-0.06766408493950772,-0.26524108275386177,0.0
C395826,31.41704,-109.91895,-0.8626357919644023,-0.5564827680564269,2.167534968442378,-0.6387103489388025,-0.5703096255903531,-0.21353208805741294,-0.11826405510173986,-0.5511416328264921,-0.14069225223857343,-0.17539291164619314,-0.18936501817609303,-0.23358395656412298,-0.33095465442099326,-0.05515360233744372,-0.04872791935195721,-0.10433442036419904,-0.1446898573929545,-0.031402442664607295,-0.06660600820371428,0.20266261722198003,0.0
C395827,31.41292,-109.91343,-0.6801599285358427,-0.4404165934520375,1.7072296439158052,-0.6387103489388025,-0.2830305020959575,-0.18841685236131409,0.15038387484232832,-0.16369573415199873,-0.1452729060591728,-0.17420901855430507,-0.4202891571150341,-0.23345740204388407,-0.3313599011353462,-0.05515360233744372,-0.04872791935195721,-0.10528569792629194,-0.1414452425023157,-0.10894228386340915,-0.054967164109986325,-0.09551130923321327,0.0
C395828,31.42454,-109.89065,-0.7583638700052253,1.8422181737676209,0.8965426544510948,-0.6387103489388025,-0.11887100295630279,0.2546876631341442,-0.13240341983563816,-0.6802902657179898,-0.136340631109004,-0.17184123237052892,-0.40155741274406026,-0.22877488479504363,-0.28987737382975964,-0.05515360233744372,-0.04872791935195721,-0.10331519440481379,-0.14198601165075547,-0.1794165787847501,-0.0692512000431979,-0.03587652394217461,0.0
C395829,31.42454,-109.89065,-0.7192618992705341,0.12056991713584457,0.9171533406239265,-0.6387103489388025,-0.06757115947516072,-0.11964894509818629,-0.18896087877123147,-0.6802902657179898,-0.1356535330359141,-0.18072043055968945,0.852965918595839,-0.22801555767361006,-0.2880353433099734,-0.05450031635632455,-0.04872791935195721,-0.1024998136373056,-0.1414452425023157,0.055558126904142455,-0.067135046571611,0.08339304663990271,0.0
C395830,31.41704,-109.91895,-0.8333093139133837,-0.4984496807542321,0.23700069692048312,-0.5413757070381877,-0.519009782109211,-0.1495480352125897,-0.13240341983563816,-0.5511416328264921,-0.07999858911563144,-0.15645062217598402,4.38782735634413,-0.23307773848316726,-0.3046136179880497,-0.05515360233744372,-0.04872791935195721,-0.10460621395336844,-0.13928216590855647,0.45050404702888086,-0.0650188931000241,0.060456590758734,0.0
C395831,31.41717,-109.91847,-0.882186777331748,-0.4984496807542321,0.3400541277846412,-0.6387103489388025,-0.5703096255903531,-0.20635630642995612,-0.16068214930343483,-0.6802902657179898,0.0354338871634733,-0.1576345152678721,3.773506707618644,-0.22649690343074289,-0.08639440241070413,-0.05515360233744372,-0.04872791935195721,-0.10528569792629194,-0.1446898573929545,-0.11347148019511487,-0.06448985473212737,-0.2560665004013943,0.0
C395832,31.43094,-109.89375,-0.7909488456174681,-0.3243504188476481,1.4255502662204396,-0.6387103489388025,-0.3497202986214422,-0.18183905253614535,-0.18896087877123147,-0.5511416328264921,-0.14137935031166335,-0.18072043055968945,1.3162241127166978,-0.23358395656412298,-0.329468749801699,-0.05428255436261816,-0.04872791935195721,-0.104130575172322,-0.1414452425023157,1.8165096606713247,-0.042270243280464914,-0.1092731827619145,0.0
C395833,31.43094,-109.89375,-0.7518468748827768,-0.4984496807542321,1.3843288938747762,-0.5413757070381877,-0.5703096255903531,-0.1991805248024993,-0.14654278456953648,-0.5511416328264921,-0.10152766207244861,-0.17065733927864085,1.4270032460934248,-0.2310528661593444,-0.3305985285205012,-0.05515360233744372,-0.04872791935195721,-0.10453826555607611,-0.14090447335387588,-0.20278723185635159,-0.05919947105316012,-0.12303505629061573,0.0
C395834,31.42454,-109.89065,0.02041704712737724,-0.4984496807542321,-0.4390298095483941,0.09129946531580789,-0.519009782109211,-0.21293410625512485,-0.07584596090004486,-0.07759664555766689,-0.11343736200600703,-0.1665137134570326,3.0282652649024797,-0.23358395656412298,-0.33048800668931405,-0.05515360233744372,-0.04872791935195721,-0.10528569792629194,-0.1235998606038022,-0.1212616978856487,-0.039625051440981295,-0.260653791577628,1.0
C395835,31.4182,-109.90732,0.48638219838244934,-0.4984496807542321,0.08585566498638451,0.3833033910176521,-0.27790051774784325,-0.20934621544139645,-0.04756723143224824,0.4389978860083241,-0.13244707536149453,-0.18072043055968945,1.1953741490329954,-0.23409017464507872,-0.32981259549872577,-0.05389058277394666,-0.04872791935195721,-0.1011408456914586,-0.13711908931479727,0.06280484103487158,-0.02216678530038936,0.2760592760417199,0.0
C395836,31.42454,-109.89065,-0.8887037724541966,-0.47910531832016734,0.41562664375169034,-0.6387103489388025,-0.5703096255903531,-0.20456236102309192,-0.11826405510173986,-0.6802902657179898,0.05009197938939136,-0.16947344618675278,3.6123734227070408,-0.20245154458534614,-0.2810356273347856,-0.05515360233744372,-0.04872791935195721,-0.10528569792629194,-0.12954832123664003,0.48854929621520893,-0.0692512000431979,-0.30652670333996546,0.0
C395837,31.43094,-109.89375,-0.869152787086851,-0.4984496807542321,0.7797487661383823,-0.6387103489388025,-0.5703096255903531,-0.20516034282537998,-0.14654278456953648,-0.6802902657179898,-0.13015674845119482,-0.1682895530948647,1.2457283005678714,-0.2143476694878056,-0.31701662348794385,-0.05515360233744372,-0.04872791935195721,-0.1044023687614914,-0.13387447442415845,-0.17416271103997144,-0.067135046571611,-0.16432067687671942,0.0
C395838,31.43044,-109.88815,-0.859377294403178,-0.4597609558861024,0.7797487661383823,-0.6387103489388025,-0.519009782109211,-0.009022311674893717,-0.18896087877123147,-0.6802902657179898,-0.1045050870558382,-0.0641069610087145,2.383732125256068,-0.2310528661593444,0.2439430708042985,-0.05515360233744372,-0.04872791935195721,-0.09271524442720722,-0.1046729404084091,0.7331258981273175,-0.06819312330740444,-0.16890796805295316,0.0
C395840,31.44294,-109.92205,-0.8724112846480752,-0.343694781281713,-0.8800984936469908,-0.6387103489388025,-0.5549196725460106,11.86510233635927,-0.16068214930343483,-0.6802902657179898,-0.143898709912993,1.1055794137766992,-0.29208748730723993,-0.20789338895562015,1.153906147578711,-0.05406479236891178,-0.046838565530404705,-0.10175238126708976,-0.13982293505699628,-0.14119016174515386,-0.06819312330740444,-0.017527359237239637,0.0
C395841,32.64042,-108.37282,0.577620130096729,-0.1889398818091938,-0.10651073929337732,0.04263214436550059,0.055548464879580296,0.030444487276118728,-0.08998532563394321,0.1807006202253286,-0.1461890368232927,-0.18072043055968945,-0.44008840949854733,-0.2206753954997521,0.616033235801123,-0.053237296792827495,-0.04494921170885221,0.03434825850948704,-0.1414452425023157,0.1388953394075276,-0.057083317581573215,-0.17808255040542065,0.0
C395842,46.02407,-112.50783,-0.6052144846276843,-0.517794043188297,-0.904144294181961,-0.3953737441872657,-0.5703096255903531,-0.21233612445283678,-0.04756723143224824,-0.6802902657179898,-0.1370277291820939,-0.0641069610087145,1.1953741490329954,-0.22624379439026504,-0.3314581427630682,-0.05515360233744372,-0.04872791935195721,-0.10311134921293676,7.427159759061163,-0.16981468256153398,-0.05338004900629614,-0.40285981804087406,0.0
C395843,30.96265,-110.30066,-0.869152787086851,-0.5564827680564269,-0.552388583498968,-0.5413757070381877,-0.5600496568941248,-0.043705256207601684,-0.18896087877123147,-0.6802902657179898,0.02077579493755524,-0.11383047086801347,-0.06851505449239076,0.4466465897201273,4.97304942526889,-0.054456763957583275,-0.04872791935195721,0.34215449824383193,-0.12089601486160317,-0.20858460316093488,-0.06766408493950772,-0.3982725268646403,0.0
C395844,34.941119,-113.914878,-0.5367860358419744,0.4687684409490128,-0.7117778899021993,-0.2493717813363436,-0.5036198290648685,0.3958113684741282,-0.18896087877123147,-0.07759664555766689,-0.13771482725518383,-0.18072043055968945,-0.37416475430908774,-0.23143252972006118,-0.32577240855866124,-0.05515360233744372,-0.04117050406574721,-0.10419852356961436,-0.14090447335387588,1.3074279929876023,0.006401286566033789,-0.46708189450814647,0.0
C395845,34.941119,-113.914878,-0.8887037724541966,-0.5564827680564269,0.5255503033401258,-0.6387103489388025,-0.5703096255903531,-0.20575832462766805,-0.18896087877123147,-0.6802902657179898,-0.04312432585980632,-0.015567344241303602,1.7391989856096557,-0.23358395656412298,-0.2696150381121108,-0.052584010811708326,-0.04872791935195721,-0.0962485610864094,-0.1446898573929545,-0.18503278223606517,-0.0692512000431979,-0.3111139945161992,3.0
C395846,39.9963,-117.91406,-0.8528602992807295,-0.4984496807542321,-0.7708618569309832,-0.6387103489388025,-0.48309989167241163,-0.19858254300021122,-0.18896087877123147,-0.6802902657179898,-0.14435677529505295,10.416898581476374,-0.42854723796675376,-0.23345740204388407,-0.33101605543831947,11.965526212248978,-0.01471955056401222,33.733355895650405,-0.13874139676011668,12.016259799672596,-0.06819312330740444,-0.16890796805295316,1.0
C395847,32.10292,-110.06876,0.34626680324980513,0.9330331393665703,-0.58193056701336,0.9186439214710331,0.7634863049193411,0.07828303145916417,0.093826415906735,-0.03454710126050093,-0.14298257914887313,-0.1765768047380812,-0.11383379087377911,-0.23282462944268942,0.5411239946631484,-0.05044994327338571,-0.04872791935195721,0.016681675213476074,-0.09656140318181206,-0.15894461136544025,-0.058670432685263396,-0.3661614886310041,1.0
C395848,32.10292,-110.06876,0.8057149593824285,0.4107353536468181,-0.6320832367005836,2.2813289080796393,0.5531569466466587,-0.009022311674893717,-0.06170659616614655,0.008502443036664904,-0.13885999071033367,-0.18072043055968945,-0.12591878724214933,-0.23345740204388407,0.537439933623576,-0.051495200843176374,-0.04872791935195721,-0.0077797478117698805,0.0170001179905465,-0.17289453606709387,-0.06343177799633393,-0.38909794451217283,0.0
C395849,40.53241,-117.12899,-0.8789282797705237,-0.5564827680564269,2.057611308853943,-0.6387103489388025,-0.5600496568941248,-0.18781887055902602,-0.13240341983563816,-0.6802902657179898,-0.014724272172090071,-0.11856604323556576,-0.41414595062777926,-0.04944712961647942,-0.2208626303551011,0.024329525365388543,-0.04872791935195721,0.19538596009235623,-0.13657832016635746,-0.18521395008933342,-0.0692512000431979,-0.14597151217178445,0.0
C395850,26.93471,-105.66631,-0.8854452748929722,-0.3050060564135832,-0.9055183399268163,-0.6387103489388025,-0.5703096255903531,-0.20994419724368452,-0.16068214930343483,-0.6802902657179898,0.36020224304397036,-0.18072043055968945,-0.44406638746980254,9.307994096850026,-0.012713181619253729,-0.05515360233744372,-0.04872791935195721,-0.09611266429182472,-0.14090447335387588,-0.1939100070462084,-0.0692512000431979,-0.46708189450814647,0.0
C395851,30.72439,-109.18111,-0.7942073431786925,-0.5564827680564269,-0.7495641478857238,-0.3953737441872657,-0.5703096255903531,-0.12622674492335503,-0.18896087877123147,-0.6802902657179898,6.312761882912883,-0.08541703666269977,-0.015139653865422258,1.4616138420363483,2.9590960569692455,-0.05515360233744372,-0.04872791935195721,-0.10528569792629194,-0.13062985953351963,-0.2067729246282526,-0.06607696983581755,-0.46708189450814647,0.0
C395852,30.72439,-109.18111,-0.6052144846276843,-0.5564827680564269,-0.6094114819104687,-0.298039102286651,-0.5343997351535537,-0.18542694334987375,-0.14654278456953648,-0.5941911771236579,5.075985351351047,0.01225414341806606,0.3212260783875491,4.827964080391894,0.4195499803572553,-0.05515360233744372,-0.04872791935195721,-0.10528569792629194,-0.14090447335387588,-0.1308635941088648,-0.05972850942105685,-0.3936852356884066,0.0
C395853,41.81242,-115.98172,-0.895220767576645,-0.5564827680564269,0.058374750089275666,-0.6387103489388025,-0.5703096255903531,-0.21472805166198908,-0.11826405510173986,-0.6802902657179898,-0.1386309580193037,-0.1759848581921372,3.7130817257767927,-0.22940765739623828,-0.3301196005853568,-0.05515360233744372,-0.04872791935195721,0.09414284812675493,-0.12468139890068179,-0.2111209531066901,-0.0692512000431979,-0.3661614886310041,0.0
C395854,34.54004,-113.22857,-0.8463433041582809,-0.5564827680564269,3.775168489923244,-0.6387103489388025,-0.5241397664573253,-0.18124107073385728,-0.18896087877123147,-0.6802902657179898,-0.143898709912993,-0.17480096510024912,-0.4355968191816364,-0.23257152040221155,-0.31787623773051077,-0.05406479236891178,-0.04872791935195721,-0.0755242999122427,-0.13333370527571864,-0.13756680467978927,-0.06766408493950772,0.06963117311120148,0.0
C395855,41.1181,-74.58599,-0.8137583285460382,1.7841850864654258,0.27822206926614623,-0.6387103489388025,-0.5087498134129826,6.184275214622625,-0.13240341983563816,-0.6802902657179898,-0.1461890368232927,-0.17420901855430507,-0.4460100577190487,-0.16208065262912738,2.0872016109370826,-0.053803477976464106,-0.04872791935195721,-0.09869470338893402,-0.1446898573929545,-0.21148328881322656,-0.0692512000431979,-0.29735212098749797,0.0
C395856,40.16323,-113.80664,-0.8854452748929722,-0.5564827680564269,0.03089383519216682,-0.6387103489388025,-0.5446597038497821,-0.08436801876319028,-0.16068214930343483,-0.6802902657179898,-0.0644243661255935,-0.173025125462417,0.425962713580091,0.7060833562099343,3.69590826488375,-0.05515360233744372,-0.04872791935195721,-0.09047294731655967,-0.126844475494441,-0.1573141006860262,-0.0692512000431979,-0.34781232392606914,0.0
C395857,37.71023,-117.23341,-0.6866769236582912,-0.5564827680564269,-0.34971683613279037,-0.6387103489388025,-0.5703096255903531,-0.21293410625512485,-0.10412469036784153,-0.6802902657179898,-0.07495986991297211,5.705004075761854,2.7563528466141496,-0.2310528661593444,-0.3219041444671101,-0.05454386875506583,-0.04872791935195721,-0.07695121625538205,-0.13603755101791765,-0.21347613519917708,-0.0650188931000241,0.41826530250496596,1.0
C395858,37.71023,-117.23341,1.7637132423823665,0.2559804541742988,-0.6485717856388488,0.6266399957691889,0.12223826140506507,-0.1734673073041124,0.06554768643893837,1.3430383162488087,-0.1452729060591728,-0.18072043055968945,-0.445093612161114,-0.23282462944268942,-0.32895298125615885,-0.054456763957583275,-0.04494921170885221,-0.09366652198930012,-0.1446898573929545,-0.16909001114846106,-0.020050631828802467,0.13844054075470763,0.0
C395863,35.96109,-115.53754,-0.869152787086851,-0.4597609558861024,-0.7955946803383811,-0.6387103489388025,-0.4061501264506985,-0.18004510712928112,-0.14654278456953648,-0.6802902657179898,10.710189550688304,0.20345287775798948,-0.3313637255044432,2.9423017288318323,1.7801965243060391,-0.04439615984834807,-0.04872791935195721,-0.09278319282449957,-0.10629524785372851,-0.15514008644680746,-0.0692512000431979,-0.41203440039334155,2.0
C395864,34.15696,-111.39241,-0.8430848065970566,-0.5564827680564269,0.9721151704181441,-0.5413757070381877,-0.5703096255903531,-0.21114016084826065,-0.16068214930343483,-0.6802902657179898,0.03864034483789288,22.670192082517907,-0.2095066787900434,-0.1927068465269485,-0.2769831601912558,-0.05515360233744372,-0.04872791935195721,-0.09889854858081105,-0.1025098638146499,-0.18666329291547923,-0.0692512000431979,-0.2468919180489268,0.0
C395865,31.85573,-110.75898,-0.7094864065868611,0.6622120652896618,0.41562664375169034,-0.6387103489388025,-0.13426095600064544,0.013103015009764778,-0.07584596090004486,-0.6802902657179898,-0.10106959669038866,-0.17184123237052892,1.8801906099073082,-0.23371051108436192,-0.22110823442440594,-0.054413211558841997,-0.04872791935195721,-0.0745730223501498,-0.1235998606038022,0.6461653285585678,-0.06766408493950772,-0.2698283739300955,0.0
C395866,35.39112,-114.1905,-0.869152787086851,-0.5564827680564269,0.9858556278666986,-0.6387103489388025,-0.5703096255903531,-0.21173814265054872,-0.14654278456953648,-0.6802902657179898,-0.1340503041987043,0.1685280315472914,-0.4436333417666026,-0.22156127714142462,-0.25168594105285785,-0.05515360233744372,-0.04872791935195721,-0.1020921232535515,-0.06790063831450252,-0.21148328881322656,-0.0692512000431979,-0.2377173356964593,0.0
C395867,46.49139,-87.67641,-0.7485883773215526,-0.517794043188297,-0.17521302653614937,-0.6387103489388025,-0.48309989167241163,-0.19678859759334702,-0.14654278456953648,-0.5941911771236579,-0.14046321954754346,-0.1765768047380812,0.5135789372507752,-0.23345740204388407,-0.33158094479772054,-0.0492740285073712,-0.04872791935195721,0.036386710428257536,-0.14198601165075547,-0.20641058892171615,-0.0692512000431979,-0.23313004452022557,0.0
C395868,61.515,-142.8367,-0.8854452748929722,-0.517794043188297,-0.8855946766264124,-0.6387103489388025,-0.5703096255903531,-0.21472805166198908,-0.18896087877123147,-0.6802902657179898,-0.10198572745450854,-0.18072043055968945,6.261001793441516,-0.23383706560460085,-0.3316177854081163,-0.05515360233744372,-0.04872791935195721,-0.10528569792629194,-0.14090447335387588,-0.2047800782423021,-0.0692512000431979,-0.46708189450814647,0.0
C395869,-33.45914,-70.82285,-0.8398263090358323,-0.07287370720480442,1.432420494944717,-0.6387103489388025,-0.5703096255903531,-0.20934621544139645,-0.16068214930343483,-0.6802902657179898,-0.14229548107578321,-0.18072043055968945,0.6817618033772608,-0.23434328368555657,-0.3318756696808864,-0.052714668007932154,-0.04872791935195721,-0.06614742108589843,-0.1414452425023157,-0.21130212095995832,-0.0692512000431979,-0.10468589158568076,1.0
C395870,47.2892,-88.40085,0.05626052030084441,1.6874632742951015,-0.38544202549903195,0.1886341072164227,-0.4574499699318406,-0.1734673073041124,-0.07584596090004486,1.1277905947629787,-0.10633734858407796,-0.18072043055968945,1.5679948703910773,-0.23345740204388407,-0.33169146662890775,-0.05332440159031005,-0.04400453479807596,-0.1018203296643821,-0.13603755101791765,-0.20967161028054426,-0.06448985473212737,0.3586305172139273,0.0
C395871,39.25,-106.29,-0.8789282797705237,-0.517794043188297,-0.9336862776963529,-0.5413757070381877,-0.5703096255903531,-0.20874823363910838,-0.13240341983563816,-0.6802902657179898,0.2662988397216828,-0.15881840835976016,-0.3665109232757866,8.915675084109342,0.07079220194439005,-0.05515360233744372,-0.04872791935195721,-0.10528569792629194,-0.1446898573929545,-0.19282299992659901,-0.0650188931000241,-0.46708189450814647,0.0
C395872,31.85014,-108.47562,-0.8463433041582809,-0.40172786858390763,0.8140999097597683,-0.5413757070381877,-0.43180004819126955,0.8084188120528949,-0.18896087877123147,-0.6802902657179898,-0.10038249861729875,-0.17539291164619314,1.275940791488797,-0.23004042999743293,-0.3272705933814207,-0.05458742115380711,-0.04872791935195721,-0.1011408456914586,-0.1414452425023157,-0.20767876389459378,-0.0692512000431979,-0.260653791577628,0.0
C395873,32.30482,-108.76813,-0.6801599285358427,-0.4404165934520375,0.20951978202337415,-0.3953737441872657,-0.519009782109211,-0.19080877957046635,-0.18896087877123147,-0.5511416328264921,-0.07083728147443266,-0.18072043055968945,1.3665782642515736,-0.0823513048786013,-0.3151745929681576,-0.053847030375205385,-0.04872791935195721,-0.101412639280628,-0.1414452425023157,-0.1718075289474845,-0.06660600820371428,-0.3111139945161992,0.0
C395874,34.09619,-107.207,-0.882186777331748,-0.3630391437157779,1.0064663140395302,-0.6387103489388025,-0.4164100951469269,0.509427910908861,-0.07584596090004486,-0.6802902657179898,-0.06579856227177332,-0.1582264618138161,-0.43698659376399895,0.17202328080164858,1.792476727771281,-0.05362926838149899,-0.04872791935195721,-0.041278307676898364,-0.13874139676011668,-0.17597438957265374,-0.0692512000431979,-0.2468919180489268,0.0
C395875,-15.2023,-75.107,-0.8626357919644023,0.7782782398940511,3.1156265323926324,-0.6387103489388025,-0.5036198290648685,-0.19140676137275445,-0.18896087877123147,-0.6802902657179898,-0.14504387336814284,-0.18072043055968945,-0.4450029746883512,-0.23358395656412298,-0.3314090219492072,-0.05515360233744372,-0.04872791935195721,-0.09088063770031378,-0.1446898573929545,-0.21347613519917708,-0.0692512000431979,0.00999638782016282,0.0
C395876,31.88323,-109.98316,-0.5042010602297317,0.7782782398940511,-0.4994878223220335,-0.6387103489388025,-0.42154007949504113,-0.024569838534383496,-0.18896087877123147,-0.07759664555766689,-0.030756560544187954,-0.15704256872192804,-0.36348967418369404,1.6767565264425297,1.7187955069798304,-0.05423900196387688,-0.04872791935195721,-0.04515136632256231,-0.14198601165075547,-0.2060482532151797,-0.067135046571611,-0.26524108275386177,1.0
C395877,33.175366,-110.991336,1.359659544790556,0.06253682983364992,-0.08590005312054565,0.3833033910176521,0.7429663675268843,-0.11665903608674594,-0.005149137230553268,4.743952315724916,-0.14298257914887313,-0.18072043055968945,-0.23770500364957392,-0.23130597519982224,-0.3235988125453134,-0.054195449565135605,-0.046838565530404705,-0.08007684253083015,-0.10629524785372851,-0.19753336411157296,-0.06396081636423065,1.436643943628857,1.0
C395878,33.175366,-110.991336,2.083046003382346,-0.014840619902609667,-0.6465107170215657,0.6266399957691889,0.47107719707683127,-0.1513419806194539,-0.04756723143224824,1.6443851263289697,-0.1448148406771129,-0.18072043055968945,-0.42623094699614944,-0.228142112193849,-0.30203477526034894,-0.05393413517268794,-0.04400453479807596,-0.08748321783569629,-0.1025098638146499,-0.18738796432855215,-0.05126389553470925,0.17972616134081132,0.0
C395879,46.44079,-93.92885,-0.8463433041582809,-0.4404165934520375,1.0545579151094706,-0.5413757070381877,-0.0624411751270465,0.29654638929430893,-0.019288501964451584,-0.5941911771236579,-0.14458580798608292,-0.18072043055968945,-0.44593956190689993,-0.23409017464507872,-0.33164234581504676,-0.05515360233744372,-0.04872791935195721,-0.10243186524001326,-0.14198601165075547,-0.2111209531066901,-0.06819312330740444,-0.06798756217581081,0.0
C395880,37.69836,-90.63701,-0.823533821229711,-0.4984496807542321,1.9545578779897848,-0.4927083860878804,-0.5600496568941248,-0.1543318896308942,-0.18896087877123147,-0.6802902657179898,3.587272859656244,-0.1528989429003198,-0.34244163884211587,-0.11297749877642242,0.2439430708042985,-0.05436965916010072,-0.04872791935195721,-0.09998572293748864,-0.13171139783039923,-0.19101132139391672,-0.05602524084577977,0.6843281907265231,0.0
C395881,33.40453,-108.80092,-0.8658942895256265,-0.517794043188297,1.2881456917348955,-0.6387103489388025,-0.5703096255903531,-0.20755227003453225,-0.18896087877123147,-0.6802902657179898,-0.09030506021198008,-0.17716875128402526,2.4441571070979187,-0.23181219328077796,-0.29294742469607005,0.03391105308846969,-0.04872791935195721,0.030271354671946048,-0.1446898573929545,-0.20532358180210677,-0.0692512000431979,-0.25147920922516054,0.0
C395883,33.133949,-109.365751,-0.8333093139133837,-0.5564827680564269,0.4568480160973537,-0.5413757070381877,-0.5703096255903531,-0.20934621544139645,-0.10412469036784153,-0.6802902657179898,-0.12717932346780522,-0.18072043055968945,2.937627792139703,-0.23269807492245048,-0.330230122416544,-0.05515360233744372,-0.04872791935195721,-0.0997818777456116,-0.14090447335387588,-0.20930927457400783,-0.067135046571611,-0.3202885768686667,0.0
C395884,33.07677,-109.36871,-0.7355543870766554,-0.5564827680564269,-0.8004038404453752,-0.4927083860878804,-0.5549196725460106,-0.19559263398877091,-0.18896087877123147,-0.6802902657179898,-0.13588256572694407,-0.17065733927864085,-0.294101653368635,0.5921842879948971,4.801126576755506,-0.05515360233744372,-0.04872791935195721,-0.03876421697708142,-0.1446898573929545,-0.21347613519917708,-0.0692512000431979,-0.4166216915695753,1.0
C395885,-29.59659,17.8849,-0.5824050016991144,0.9717218642347001,0.1889090958505425,-0.6387103489388025,1.3790844266930462,-0.1531359260263181,5.678875485796572,1.988781480706297,-0.14069225223857343,-0.18072043055968945,1.8096947977584819,-0.23383706560460085,-0.32483911309530283,-0.02688809555435433,0.30647059909991264,-0.015933555486851866,-0.1446898573929545,-0.1433641759843726,0.3053079644276835,2.7256727641505387,0.0
C395886,-29.59659,17.8849,-0.4455481041276946,1.6487745494269719,-0.05841913822343679,-0.2007044603860362,-0.16504086208933066,-0.007826348070317615,0.1645232395762266,-0.2928443670434965,-0.1461890368232927,-0.17539291164619314,-0.2810095739695672,-0.23371051108436192,-0.3276512796888432,-0.054195449565135605,-0.04872791935195721,-0.07878582298227549,-0.1252221680491216,-0.0654619990790343,-0.0629027396284372,-0.1505588033480182,1.0
C395887,-29.59659,17.8849,1.8647266667803193,0.23663609174023398,0.08585566498638451,-0.298039102286651,0.7429663675268843,-0.1417742717828448,-0.18896087877123147,1.0847410504658128,-0.1461890368232927,-0.18072043055968945,-0.16015961028586498,-0.23371051108436192,-0.3279337243685438,-0.042131435113801616,0.016454787491604016,-0.05914873616478638,-0.1446898573929545,-0.21075861740015364,-0.067135046571611,2.399975090637943,2.0
C395888,-30.44623,136.88217,-0.62476546999503,-0.03418498233667458,2.5591380057261786,-0.6387103489388025,-0.48309989167241163,-0.01859002051150281,0.3624743458508032,-0.5080920885293261,-0.14550193875020279,-0.1765768047380812,-0.045352144786347824,-0.23257152040221155,-0.33014416099228727,-0.05515360233744372,-0.04872791935195721,-0.0477334054196716,-0.1230590914553624,18.085382884158257,-0.006824672631384338,-0.04963839747087584,2.0
C395889,-30.44623,136.88217,-0.40644613339300323,-0.2663173315454534,2.2843288567550903,-0.298039102286651,-0.5446597038497821,-0.2027684156162277,0.2776381574474132,-0.6802902657179898,-0.143898709912993,-0.17480096510024912,0.5488268433251883,-0.2324449658819726,-0.32898982186655457,-0.05515360233744372,-0.04872791935195721,-0.09400626397576187,-0.13008909038507982,9.733544848492915,0.09633780910847707,0.08339304663990271,0.0
C395890,32.7076,-110.68758,-0.6736429334133941,-0.5564827680564269,-0.6087244590380412,-0.3953737441872657,-0.5549196725460106,-0.20695428823224418,-0.18896087877123147,-0.5080920885293261,0.03635001792759318,-0.04220493880878519,-0.4366945396850967,1.7526892385858879,3.13101890548263,-0.05454386875506583,-0.04872791935195721,-0.10399467837773729,-0.1446898573929545,-0.20532358180210677,-0.061315624524747016,-0.3845106533359391,3.0
C395891,36.39948,-81.32762,-0.8887037724541966,-0.5564827680564269,-0.9323122319514975,-0.6387103489388025,-0.5703096255903531,-0.21472805166198908,-0.18896087877123147,-0.6802902657179898,-0.14573097144123276,-0.17361707200836105,-0.44221335469331907,-0.23371051108436192,-0.33165462601851203,32.2609440256845,0.03912703335023401,6.356946626562642,-0.1446898573929545,-0.21347613519917708,-0.0692512000431979,-0.3982725268646403,0.0
C395892,32.45543,-106.57307,-0.7518468748827768,0.8363113271962458,-0.6334572824454391,-0.6387103489388025,1.1277151936354497,0.02924852367154259,-0.08998532563394321,0.2667997088196604,-0.1409212849296034,-0.18072043055968945,-0.19137918423748806,-0.23257152040221155,3.6590676544880245,-0.05018862888093804,-0.04400453479807596,0.21441151133421418,-0.13603755101791765,-0.1618432970177319,-0.042270243280464914,-0.13679692981931696,1.0
C395893,32.41263,-106.10888,0.6949260423008031,1.95828434837201,-0.6444496484042825,-0.10336981848542151,2.0767622980365785,-0.14655812620114933,-0.08998532563394321,0.6972951517913196,-0.14458580798608292,-0.18072043055968945,-0.19037210120679054,-0.22966076643671615,-0.320479640865142,-0.05158230564065893,-0.04211518097652346,-0.08632809508172633,-0.14090447335387588,-0.15206023294124757,-0.05179293390260596,-0.017527359237239637,0.0
C395894,31.38344,-110.70067,-0.895220767576645,-0.517794043188297,-0.7729229255482662,-0.6387103489388025,-0.5703096255903531,0.5692260911376679,-0.14654278456953648,-0.6802902657179898,-0.05824048346778432,-0.18072043055968945,-0.44194144227503074,0.3593239707552654,7.122085031686193,-0.05515360233744372,-0.04872791935195721,0.06288658537227398,-0.1446898573929545,-0.21166445666649478,-0.0692512000431979,-0.46708189450814647,0.0
C395895,31.98345,-111.0868,-0.29239871875015344,-0.11156243207293416,-0.5702511781820887,0.2859687491170374,0.024768558790895012,-0.10589536364556072,-0.04756723143224824,-0.2928443670434965,-0.06625662765383326,-0.1759848581921372,0.037228663730848724,5.574635749801582,-0.28938616569114994,-0.050841914862057205,-0.04872791935195721,-0.07817428740664434,-0.126844475494441,-0.1902866499808438,-0.0629027396284372,-0.3936852356884066,0.0
C395896,37.93526,-114.45194,-0.8887037724541966,-0.5564827680564269,0.738527393792719,-0.6387103489388025,-0.5703096255903531,-0.20874823363910838,-0.16068214930343483,-0.6802902657179898,5.05308208224805,0.1300515060609291,1.70898649468873,-0.027932861175861273,0.15798164654760635,-0.054456763957583275,-0.04872791935195721,-0.10256776203459796,-0.14198601165075547,-0.2067729246282526,-0.0692512000431979,-0.279002956282563,0.0
C395897,33.30306,-111.09944,-0.7811733529337954,-0.517794043188297,0.07898543626210733,-0.4927083860878804,-0.5087498134129826,-0.1973865793956351,-0.14654278456953648,-0.6802902657179898,1.3129782377286445,0.022909181245058696,1.0845950156562683,-0.1696739238434632,0.9942635025305684,-0.05436965916010072,-0.04872791935195721,-0.06281794961857327,-0.14090447335387588,0.22042087337823046,-0.06660600820371428,-0.28359024745879674,0.0
C395898,33.30306,-111.09944,-0.8430848065970566,-0.517794043188297,0.20951978202337415,-0.6387103489388025,-0.4779699073242974,-0.06882049190370051,-0.16068214930343483,-0.6802902657179898,-0.06877598725516293,-0.18072043055968945,4.6597397746324605,-0.23358395656412298,-0.30989410547810364,-0.05458742115380711,-0.04872791935195721,-0.1022280200481362,-0.1446898573929545,-0.17452504674650793,-0.06819312330740444,-0.3432250327498354,0.0
C395899,33.30306,-111.09944,-0.6964524163419641,-0.517794043188297,-0.8629229218362977,-0.3953737441872657,-0.5549196725460106,-0.21054217904597258,-0.11826405510173986,-0.5941911771236579,4.663726507497102,0.3905079862763046,2.5851487313955714,-0.09121012129532642,0.39744561411982016,-0.05515360233744372,-0.04872791935195721,0.0030919957550060986,-0.13982293505699628,-0.18974314642103912,-0.062373701260540475,-0.46708189450814647,0.0
C395900,33.30306,-111.09944,-0.895220767576645,-0.5564827680564269,0.15455795222915658,-0.6387103489388025,-0.5703096255903531,-0.20994419724368452,-0.14654278456953648,-0.6802902657179898,0.04230486789437239,2.6091236404745493,4.246835732046478,-0.23383706560460085,-0.3244093059740194,-0.05467452595128967,-0.04872791935195721,-0.10161648447250504,-0.1446898573929545,-0.20767876389459378,-0.0692512000431979,-0.33863774157360166,0.0
C395901,33.30306,-111.09944,-0.8724112846480752,-0.4984496807542321,0.704176250171333,-0.6387103489388025,-0.5292697508054395,-0.20456236102309192,-0.18896087877123147,-0.6802902657179898,-0.08801473330168039,-0.17716875128402526,3.370673495339636,-0.22624379439026504,-0.28275485581991944,-0.054413211558841997,-0.04872791935195721,-0.042569327225453014,-0.1446898573929545,0.7403726122580467,-0.0692512000431979,-0.2881775386350305,0.0
C395906,33.30306,-111.09944,-0.7616223675664496,-0.5564827680564269,0.3057029841632552,-0.6387103489388025,-0.43180004819126955,-0.20037648840707542,-0.10412469036784153,-0.6802902657179898,-0.12488899655750552,-0.1582264618138161,-0.22662709031190123,-0.22472514014739786,1.0311041129262937,-0.05436965916010072,-0.04872791935195721,-0.09645240627828647,-0.13982293505699628,0.21317415924750135,-0.06607696983581755,-0.16432067687671942,0.0
C395907,33.30306,-111.09944,-0.8887037724541966,-0.5564827680564269,0.6492144203771155,-0.6387103489388025,-0.5703096255903531,-0.21114016084826065,-0.11826405510173986,-0.6802902657179898,0.09910497526980488,-0.18072043055968945,3.7231525560837677,-0.23282462944268942,-0.32615309486608374,-0.05515360233744372,-0.04872791935195721,-0.10304340081564439,-0.1414452425023157,1.0574163554774467,-0.0692512000431979,-0.30652670333996546,0.0
C395908,33.30306,-111.09944,-0.8724112846480752,-0.5564827680564269,-0.09964051056910013,-0.6387103489388025,-0.5703096255903531,-0.21054217904597258,-0.10412469036784153,-0.20674527844916463,0.03909841021995282,-0.18072043055968945,5.515760350725352,-0.22092850454022997,-0.33122481889722855,-0.05515360233744372,-0.04872791935195721,-0.10202417485625914,-0.10683601700216831,0.1388953394075276,-0.061844662892643745,-0.2927648298112642,0.0
C395909,33.30306,-111.09944,-0.869152787086851,-0.5564827680564269,3.204939505808236,-0.6387103489388025,-0.5600496568941248,-0.21114016084826065,-0.18896087877123147,-0.6802902657179898,-0.14412774260402297,-0.18072043055968945,0.29504191958941356,-0.23358395656412298,-0.3310406158452499,-0.05515360233744372,-0.04872791935195721,-0.10528569792629194,-0.14090447335387588,0.048311412773413304,-0.0692512000431979,0.042107426053799024,0.0
C395910,33.30306,-111.09944,-0.895220767576645,-0.5564827680564269,1.0614281438337478,-0.6387103489388025,-0.5703096255903531,-0.20217043381393962,-0.10412469036784153,-0.6802902657179898,-0.12397286579338564,-0.18072043055968945,2.826848658762976,-0.23371051108436192,-0.3306108087239665,-0.05515360233744372,-0.04872791935195721,-0.10399467837773729,-0.1446898573929545,-0.0006039076090084437,-0.0692512000431979,-0.2560665004013943,0.0
C395911,33.30306,-111.09944,-0.8854452748929722,-0.517794043188297,0.9721151704181441,-0.6387103489388025,-0.5703096255903531,-0.21293410625512485,-0.08998532563394321,-0.6802902657179898,-0.044956587388046074,-0.18072043055968945,2.716069525386249,-0.2332042930034062,-0.32646009995271474,-0.05515360233744372,-0.04872791935195721,-0.0978793226214258,-0.1446898573929545,-0.006038943207055283,-0.06819312330740444,-0.2560665004013943,0.0
C395912,24.88011,-103.70889,-0.6866769236582912,1.0684436764050247,-0.4438389696553881,-0.6387103489388025,0.27100780750037706,-0.11486509067988174,-0.08998532563394321,-0.4650425442321601,-0.029382364398008134,-0.16947344618675278,-0.2789954079081722,3.0941671531185486,1.3749498099530622,-0.053847030375205385,-0.04872791935195721,0.035707226455334036,-0.1446898573929545,-0.19554051772562245,-0.054967164109986325,-0.3432250327498354,0.0
C395913,39.49242,-117.05153,-0.6540919480460484,-0.517794043188297,-0.7351366675647417,-0.3953737441872657,-0.539529719501668,-0.11665903608674594,-0.18896087877123147,-0.5511416328264921,14.535035490888799,1.8277541998284224,-0.14303919876400714,0.48967512660136353,-0.19446019290483138,-0.05515360233744372,-0.04872791935195721,-0.10372288478856789,-0.13982293505699628,-0.17923541093148188,-0.06343177799633393,-0.3982725268646403,0.0
C395914,26.8757,-105.8446,-0.3021742114338263,0.31401354147649363,-0.6588771287252647,-0.6387103489388025,-0.31381040818464273,0.2433260088906709,-0.08998532563394321,-0.6802902657179898,0.004743506565457357,-0.18072043055968945,-0.4185771159628483,3.0308898929990837,2.6889315807339274,-0.05515360233744372,-0.04872791935195721,-0.01797200740562236,-0.13333370527571864,-0.1971710284050365,-0.06660600820371428,-0.3661614886310041,0.0
C395915,28.60694,-105.90006,-0.8333093139133837,-0.3823835061498428,2.5522677770019015,-0.6387103489388025,-0.38563018905824165,-0.1495480352125897,-0.11826405510173986,-0.6802902657179898,-0.11962124466381621,0.02231723469911466,-0.4336833614233111,-0.18258248490783408,-0.1109548093411876,-0.05515360233744372,-0.04872791935195721,-0.09672419986745587,-0.1446898573929545,-0.20985277813381248,-0.0692512000431979,-0.11844776511438199,0.0
C395916,28.60656,-105.89587,-0.8724112846480752,-0.517794043188297,-0.3133046238941212,-0.6387103489388025,-0.5446597038497821,-0.07240838271742893,-0.13240341983563816,-0.6802902657179898,0.04642745633291185,-0.17184123237052892,-0.3750711290367155,2.8537135646645813,3.732748875279475,-0.05515360233744372,-0.04872791935195721,-0.09033705052197498,-0.1446898573929545,-0.05024389940450306,-0.0692512000431979,-0.37074877980723786,0.0
C395917,28.60656,-105.89587,-0.018684923607313997,-0.343694781281713,-0.2164343988818126,0.4806380329182669,-0.07783112817138914,-0.053272965044210745,-0.019288501964451584,0.008502443036664904,-0.06694372572692317,-0.18072043055968945,-0.07254338661518084,0.5466246607088822,2.1608828317285327,-0.05515360233744372,-0.04872791935195721,-0.08265888162793944,-0.1446898573929545,-0.13666096541344813,-0.021637746932492635,0.14302783193094137,0.0
C395919,32.77541,-108.10621,-0.8430848065970566,-0.5564827680564269,-0.8127702521490741,-0.6387103489388025,-0.5703096255903531,-0.09572967300666356,-0.14654278456953648,-0.6802902657179898,-0.07358567376679229,-0.18072043055968945,-0.17526585574632775,2.5499827160911486,5.083571256456065,-0.05515360233744372,-0.04872791935195721,-0.03224117083701583,-0.1446898573929545,-0.2004320497638646,-0.06819312330740444,-0.46708189450814647,0.0
C395920,32.80591,-108.07201,-0.8789282797705237,0.08188119226771483,0.017153377743612454,-0.6387103489388025,-0.2368606429629296,0.694802269618162,-0.10412469036784153,-0.6802902657179898,-0.13084384652428474,-0.17420901855430507,-0.19238626726818558,-0.21536010564971703,3.8801113168623758,-0.05515360233744372,-0.04872791935195721,-0.07165124126657876,-0.14090447335387588,-0.20731642818805732,-0.06766408493950772,-0.3432250327498354,0.0
C395921,32.87201,-108.06061,0.12468896908655426,-0.47910531832016734,-0.5434572861574076,-0.6387103489388025,-0.27277053339972906,0.08067495866831643,-0.10412469036784153,-0.5511416328264921,-0.143898709912993,-0.17420901855430507,-0.439020901486008,-0.2065012892329919,4.97304942526889,-0.05515360233744372,-0.04872791935195721,-0.10093700049958156,-0.1446898573929545,-0.20894693886747137,-0.067135046571611,-0.28359024745879674,0.0
C395922,32.77541,-108.10621,-0.8365678114746081,-0.3243504188476481,0.0446342926407213,-0.6387103489388025,-0.539529719501668,-0.10111150922725617,-0.14654278456953648,-0.6802902657179898,-0.1294696503781049,-0.17065733927864085,-0.40810345244359414,0.6225573728522403,4.604643321311638,-0.05454386875506583,-0.04872791935195721,-0.10324724600752144,-0.12900755208820022,-0.20514241394883856,-0.067135046571611,-0.32487586804490043,0.0
C395923,32.78431,-108.09781,-0.7746563578113468,-0.4597609558861024,-0.4156710318858516,-0.6387103489388025,-0.5138797977610968,-0.0765942553334454,-0.16068214930343483,-0.6802902657179898,-0.04587271815216595,-0.18072043055968945,-0.11484087390447663,1.5375465541797064,5.194093087643242,-0.05515360233744372,-0.04872791935195721,0.007168899592547091,-0.1446898573929545,-0.2103962816936172,-0.0692512000431979,-0.37992336215970535,0.0
C395924,32.80591,-108.07201,-0.8333093139133837,-0.4984496807542321,2.6896723514874457,-0.6387103489388025,-0.5703096255903531,-0.17944712532699306,-0.07584596090004486,-0.6802902657179898,-0.14504387336814284,-0.18072043055968945,-0.41434736723391874,-0.22295337686405284,0.47235485525779475,-0.05515360233744372,-0.04872791935195721,-0.06662305986694486,-0.14198601165075547,-0.2004320497638646,-0.06819312330740444,-0.09092401805697953,0.0
C395925,32.80428,-108.10061,-0.895220767576645,-0.5564827680564269,-0.11338096801765449,-0.6387103489388025,-0.5703096255903531,0.0089171423937483,-0.10412469036784153,-0.6802902657179898,-0.14229548107578321,-0.18072043055968945,-0.39148658243708506,-0.17739374957803794,6.520355061889347,-0.05515360233744372,-0.04872791935195721,-0.1038587815831526,-0.14090447335387588,-0.21347613519917708,-0.0692512000431979,-0.3615741974547704,0.0
C395926,32.43041,-111.5476,-0.8658942895256265,0.12056991713584457,0.10646635115921606,-0.6387103489388025,0.6044567901278006,-0.12084490870276242,-0.13240341983563816,-0.5941911771236579,-0.09305345250433972,-0.18072043055968945,1.4672865673213256,-0.2199160683783185,1.8047569312365226,-0.052627563210449604,-0.04872791935195721,0.03434825850948704,-0.1446898573929545,-0.21021511384034894,-0.06660600820371428,-0.34781232392606914,0.0
C395927,32.43041,-111.5476,-0.5889219968215628,0.5461458906852723,0.704176250171333,-0.6387103489388025,-0.22147068991858695,-0.1471561080034374,-0.10412469036784153,-0.5080920885293261,-0.12786642154089511,-0.18072043055968945,1.6888448340747797,-0.23345740204388407,-0.2715798706665495,-0.05345505878653388,-0.04872791935195721,-0.04066677210126722,-0.13279293612727883,-0.18050358590435947,-0.067135046571611,-0.11844776511438199,0.0
C395929,40.32494,-112.2036,-0.8724112846480752,4.105508578553214,-0.9350603234412084,-0.6387103489388025,-0.4574499699318406,-0.20815025183682032,-0.08998532563394321,-0.6802902657179898,-0.1461890368232927,-0.18072043055968945,-0.4457985702826023,-0.2339636201248398,-0.3106309176860182,-0.05463097355254839,-0.046838565530404705,-0.10453826555607611,-0.1446898573929545,-0.19898270693771877,-0.06819312330740444,-0.2927648298112642,0.0
C395930,31.70513,-110.07316,-0.8300508163521595,-0.2469729691113885,-0.586739727120354,-0.4927083860878804,-0.539529719501668,0.1727641562206789,0.093826415906735,-0.4650425442321601,0.2662988397216828,-0.1576345152678721,-0.41565657517382554,5.448081229562653,1.7310757104450722,-0.05515360233744372,-0.04872791935195721,-0.10263571043189029,-0.13820062761167687,-0.19644635699196358,-0.061844662892643745,-0.3432250327498354,0.0
C395931,31.70013,-110.06733,-0.6801599285358427,-0.517794043188297,0.44997778737307637,-0.4927083860878804,-0.5087498134129826,-0.1268247267256431,-0.14654278456953648,-0.5080920885293261,-0.07106631416546262,0.24962470834162423,-0.3202858121667705,0.5010650334228672,2.5906899530119936,-0.05436965916010072,-0.04872791935195721,-0.08592040469797223,-0.1273852446428808,-0.20514241394883856,-0.06607696983581755,-0.27441566510632925,0.0
C395932,38.07214,-117.23032,-0.6573504456072726,-0.2469729691113885,-0.6348313281902944,-0.444041065137573,-0.27790051774784325,0.21761279139228396,-0.18896087877123147,-0.6802902657179898,11.855353005838152,-0.12507745524095015,-0.10779129268959399,0.3555273351480975,0.6774342531273317,-0.05515360233744372,-0.04872791935195721,-0.10528569792629194,-0.08033832872861799,-0.21347613519917708,-0.0692512000431979,-0.3936852356884066,0.0
C395933,42.81087,141.04074,-0.08385487483179964,-0.517794043188297,0.704176250171333,-0.10336981848542151,-0.5549196725460106,-0.20336639741851578,-0.11826405510173986,-0.03454710126050093,-0.1159567216073367,0.1401145973419777,-0.4371880103701385,-0.2127024607246995,1.3749498099530622,-0.05428255436261816,-0.043059857887299706,-0.06424486596171262,-0.13117062868195942,-0.20532358180210677,-0.06554793146792082,0.023758261348864048,0.0
C395934,37.00556,-94.82778,-0.895220767576645,-0.5564827680564269,-0.9096404771613827,-0.6387103489388025,-0.5703096255903531,-0.21472805166198908,-0.13240341983563816,-0.6802902657179898,-0.14046321954754346,-0.18072043055968945,-0.42230332317642916,-0.23383706560460085,8.497467819793266,-0.05515360233744372,-0.04872791935195721,-0.10229596844542854,-0.1446898573929545,-0.21347613519917708,-0.0692512000431979,-0.46708189450814647,0.0
C395935,-19.22534,17.71367,-0.5661125138929929,-0.3823835061498428,-0.10651073929337732,-0.3467064232369583,-0.5241397664573253,-0.19320070677961865,-0.18896087877123147,-0.5080920885293261,-0.11160510047776727,3.153714462743062,0.9033200701307149,-0.007684137937632429,-0.15516354181605782,-0.05515360233744372,-0.04872791935195721,-0.08727937264381923,10.67177464969998,-0.20822226745439842,-0.06607696983581755,-0.40285981804087406,0.0
C395936,-19.22534,17.71367,-0.7909488456174681,-0.5564827680564269,-0.7949076574659534,-0.4927083860878804,-0.5497896881978963,-0.21233612445283678,-0.13240341983563816,-0.5941911771236579,0.003369310419277538,0.0246850208828908,3.7634358773116685,0.44031886370818074,-0.31320976041371895,-0.05193072483058916,-0.04872791935195721,-0.02408736316193385,4.5556755808458105,-0.06292564913327908,-0.06660600820371428,-0.42120898274580904,0.0
C395937,31.5593,-110.88151,-0.859377294403178,-0.517794043188297,-0.8711671963054303,-0.5413757070381877,-0.5703096255903531,-0.1513419806194539,-0.18896087877123147,-0.6802902657179898,-0.11389542738806696,-0.18072043055968945,-0.37517183733978526,0.746580802686392,4.445000676263495,-0.05515360233744372,-0.04872791935195721,0.12947601471877687,-0.13982293505699628,-0.20967161028054426,-0.0692512000431979,-0.46708189450814647,0.0
C395938,31.5593,-110.88151,-0.8756697822092995,-0.5564827680564269,-0.8959000197128283,-0.6387103489388025,-0.5703096255903531,-0.16090968945606296,-0.14654278456953648,-0.6802902657179898,-0.13153094459737463,-0.18072043055968945,-0.4047800784422923,3.878805178599917,3.3766229747874648,-0.05515360233744372,-0.04872791935195721,0.08870697634336694,-0.13874139676011668,-0.21057744954688543,-0.0692512000431979,-0.46708189450814647,0.0
C395939,25.10236,-103.728,-0.8202753236684867,-0.47910531832016734,-0.7358236904371694,-0.5413757070381877,-0.5703096255903531,-0.12921665393479537,-0.14654278456953648,-0.6802902657179898,0.04184680251231245,0.17444749700673173,-0.37265412976304146,1.7273783345381017,5.476537767343801,-0.054718078350030945,-0.04872791935195721,-0.09468574794868537,-0.1446898573929545,-0.19916387479098702,-0.0692512000431979,-0.4166216915695753,0.0
C395940,35.37722,-114.1533,-0.8170168261072625,-0.5564827680564269,0.25761138309331455,-0.5413757070381877,-0.5497896881978963,-0.20635630642995612,-0.16068214930343483,-0.6802902657179898,0.21820197460538915,-0.12507745524095015,-0.20044293151376574,-0.1968831456948332,-0.2557384081963876,-0.05515360233744372,-0.04872791935195721,-0.09264729602991487,-0.1414452425023157,-0.19916387479098702,-0.0692512000431979,-0.2927648298112642,0.0
C395941,39.56489,-119.7485,-0.8658942895256265,-0.5564827680564269,-0.6293351452108726,-0.6387103489388025,-0.5703096255903531,-0.19977850660478735,-0.13240341983563816,-0.6802902657179898,-0.008998454896340827,-0.1511231032624877,-0.4340861946355901,0.7022867206027664,5.832663667835812,-0.05515360233744372,-0.04872791935195721,-0.104130575172322,-0.1414452425023157,-0.20260606400308334,-0.06766408493950772,-0.40285981804087406,1.0
C395942,40.66929,-118.46989,-0.5302690407195259,-0.4984496807542321,0.23700069692048312,-0.4927083860878804,-0.5703096255903531,-0.21472805166198908,-0.13240341983563816,-0.24979482274633058,-0.03373398552757756,1.4370694795053591,1.5075698885492264,-0.23383706560460085,-0.3237093343765006,-0.05254045841296705,-0.04872791935195721,-0.06872946018300771,0.5810223398132607,0.1533887676689859,0.36720545347160033,-0.33863774157360166,0.0
C395943,35.759,-105.6683,0.590654120341626,0.17860300443803934,-0.3620832478364893,0.23730142816673,1.0097255536288232,-0.16629152567665556,-0.10412469036784153,1.558286037734638,-0.12924061768707493,-0.17539291164619314,0.0946323964806073,-0.16309308879103881,-0.27293069304772605,-0.05306308719786238,-0.046838565530404705,-0.08578450790338753,0.011592426506148475,-0.1732568717736303,-0.04808966532732889,0.5834077848493807,0.0
C395944,38.94991,-119.22178,-0.895220767576645,-0.4984496807542321,2.0163899365082796,-0.6387103489388025,-0.5703096255903531,-0.21293410625512485,-0.18896087877123147,-0.6802902657179898,-0.14344064453093305,-0.17716875128402526,-0.33337789156583825,-0.23345740204388407,-0.3309669346244585,0.014312473654894613,-0.04872791935195721,1.9742750012060757,-0.1446898573929545,-0.21148328881322656,-0.0692512000431979,-0.15973338570048567,0.0
C400606,43.01348,-116.83347,-0.4911670699848345,-0.4578265196426959,-0.3634572935813448,-0.4878416539928497,-0.4164100951469269,-0.1947554594655676,-0.13240341983563816,-0.37894345563782833,-0.14412774260402297,-0.17776069782996928,-0.38957312467875976,-0.2337231665363858,-0.3297634746848648,-0.054195449565135605,-0.046838565530404705,-0.0965203546755788,-0.1414452425023157,-0.17724256454553136,-0.061315624524747016,-0.25147920922516054,0.0
C400608,39.18133,-115.66529,-0.4911670699848345,-0.4578265196426959,-0.3634572935813448,-0.4878416539928497,-0.4164100951469269,-0.1947554594655676,-0.13240341983563816,-0.37894345563782833,-0.14412774260402297,-0.17776069782996928,-0.38957312467875976,-0.2337231665363858,-0.3297634746848648,-0.054195449565135605,-0.046838565530404705,-0.0965203546755788,-0.1414452425023157,-0.17724256454553136,-0.061315624524747016,-0.25147920922516054,0.0
C400610,38.14883,-118.08814,-0.4911670699848345,-0.4578265196426959,-0.3634572935813448,-0.4878416539928497,-0.4164100951469269,-0.1947554594655676,-0.13240341983563816,-0.37894345563782833,-0.14412774260402297,-0.17776069782996928,-0.38957312467875976,-0.2337231665363858,-0.3297634746848648,-0.054195449565135605,-0.046838565530404705,-0.0965203546755788,-0.1414452425023157,-0.17724256454553136,-0.061315624524747016,-0.25147920922516054,0.0
C400611,38.14883,-118.08814,-0.4911670699848345,-0.4578265196426959,-0.3634572935813448,-0.4878416539928497,-0.4164100951469269,-0.1947554594655676,-0.13240341983563816,-0.37894345563782833,-0.14412774260402297,-0.17776069782996928,-0.38957312467875976,-0.2337231665363858,-0.3297634746848648,-0.054195449565135605,-0.046838565530404705,-0.0965203546755788,-0.1414452425023157,-0.17724256454553136,-0.061315624524747016,-0.25147920922516054,1.0
C400615,41.14469,-105.18615,-0.4911670699848345,-0.4578265196426959,-0.3634572935813448,-0.4878416539928497,-0.4164100951469269,-0.1947554594655676,-0.13240341983563816,-0.37894345563782833,-0.14412774260402297,-0.17776069782996928,-0.38957312467875976,-0.2337231665363858,-0.3297634746848648,-0.054195449565135605,-0.046838565530404705,-0.0965203546755788,-0.1414452425023157,-0.17724256454553136,-0.061315624524747016,-0.25147920922516054,1.0
C400619,38.73333,-105.15,3.5070094376373557,-0.517794043188297,-0.3634572935813448,2.3299962290299465,-0.07783112817138914,-0.17825116172241692,-0.11826405510173986,2.333177835083624,-0.14825033104256244,-0.18072043055968945,-0.4460301993796627,-0.23405220828900702,-0.33090553360713226,-0.052975982400379824,-0.03361308877953721,-0.09597676749724002,-0.1446898573929545,-0.15713293283275795,0.16035145162398076,0.3081703142753561,1.0
C400620,38.73333,-105.15,1.4476389789436113,-0.09221806963886933,-0.4033046201821526,1.4053171309741066,-0.5241397664573253,-0.10649334544784879,-0.08998532563394321,1.5152364934374718,-0.14825033104256244,-0.18072043055968945,-0.4460604118705836,-0.23403955283698313,-0.3300336391611001,-0.05467452595128967,-0.04872791935195721,-0.10392672998044494,-0.14198601165075547,-0.19535934987235423,-0.04068312817677474,-0.4074471092171078,1.0
C400625,38.73333,-105.15,1.1902176716068933,-0.4984496807542321,0.27135184054186917,3.206008006135479,-0.5087498134129826,-0.20217043381393962,0.20694133377792162,0.9125428732771491,-0.14825033104256244,-0.18072043055968945,-0.44542594956124415,-0.22672470156717298,-0.3200129931334629,-0.054413211558841997,-0.04872791935195721,-0.10052931011582746,-0.1025098638146499,0.16063548179971507,0.19368086880147448,-0.07257485335204455,1.0
C400626,38.72031,-105.13087,0.3593007934947023,1.145821126141284,-0.8656710133260085,0.7239746376698037,-0.40102014210258424,-0.22010988788258168,-0.13240341983563816,0.39594834171115817,-0.14137935031166335,-0.17480096510024912,-0.4456072245067697,-0.22925579197195156,-0.33127393971108954,-0.05454386875506583,-0.046838565530404705,-0.10270365882918264,0.02673396266246295,0.1388953394075276,0.056130893148325964,2.5513556994536564,1.0
C400628,38.72141,-105.13867,1.8614681692190946,0.21729172930616908,-0.6135336191450352,0.9186439214710331,0.08632837096826558,-0.1543318896308942,0.22108069851181997,2.419276923677956,-0.14825033104256244,-0.18072043055968945,-0.4458187119432162,-0.23401424193293535,-0.3311265772695066,-0.054413211558841997,-0.04872791935195721,-0.09183191526240667,-0.14036370420543606,-0.12089936217911225,0.043433972318804547,0.1659642878121101,1.0
C400629,38.72221,-105.15727,2.1123724814333644,-0.09221806963886933,-0.8478084186428878,5.250035486048388,-0.5343997351535537,-0.14835207160801356,-0.16068214930343483,-0.24979482274633058,-0.14137935031166335,-0.14224390507332715,-0.4462215451554952,-0.23329288116757346,-0.3299967985507044,-0.05463097355254839,-0.04872791935195721,-0.10365493639127554,-0.13657832016635746,0.2711478722933345,0.5502527287638672,0.0925676289923702,1.0
C400630,38.73333,-105.15,0.2648043642191982,0.623523340421532,-0.7110908670297714,1.5853862184902439,-0.4625799542799548,-0.18237723615820461,-0.11826405510173986,-0.03454710126050093,-0.08824376599271036,-0.08719287630053188,-0.4407430134685007,-0.229559522820525,-0.3297880350917953,-0.04992731448849037,-0.04872791935195721,-0.10270365882918264,0.075943955170485,2.4868307177637705,0.07940858133578185,0.6522171524928868,1.0
C400631,38.72723,-105.14446,2.2427123838823353,-0.4597609558861024,-0.7523122393754347,2.914004080433635,-0.44206001688749796,-0.22010988788258168,0.023129592237243403,1.558286037734638,-0.14825033104256244,-0.17006539273269683,-0.445909349415979,-0.23386237650864863,-0.33002135895763485,-0.054456763957583275,-0.04872791935195721,-0.09767547742954877,-0.14198601165075547,0.028382948913908163,0.18944856185830067,-0.045051106294642096,0.0
C400632,38.7514,-105.15747,1.7311282667701238,-0.07287370720480442,-0.7104038441573437,4.033352462290704,-0.38563018905824165,0.10280028535297496,-0.0334278666983499,1.1708401390601448,-0.14137935031166335,-0.17539291164619314,-0.445093612161114,-0.22967342188874004,-0.32534260143737775,-0.05367282078024027,-0.04400453479807596,-0.09543318031890122,-0.13711908931479727,0.14433037500557447,0.1645837585671546,2.59264132003976,1.0
C400633,41.2496,-116.77815,-0.48790857242361024,0.14378315205672249,0.47745870227018533,-0.5219087786580647,0.4915971344692881,0.4077710045198895,-0.16068214930343483,-0.3358939113406624,-0.14573097144123276,5.0065071515478925,-0.4445195748336164,-0.23402689738495924,-0.3311511376764371,-0.054108344767653055,-0.04589388861962846,-0.06601152429131373,-0.1414452425023157,-0.20061321761713283,-0.04544447348784526,-0.30652670333996546,1.0
C400634,41.2496,-116.77815,0.8220074471885499,-0.5061874257278581,-0.9000221569473945,2.0185253749479797,-0.5600496568941248,-0.21353208805741294,-0.18896087877123147,-0.37894345563782833,-0.11755995044454648,-0.17480096510024912,-0.4460301993796627,-0.2339256537687681,-0.33170374683237297,-0.05406479236891178,-0.04589388861962846,-0.10460621395336844,-0.13928216590855647,-0.16365497555041422,-0.001005250584520355,-0.46708189450814647,1.0
C400635,38.70823,-117.08422,1.4346049886987144,-0.39592455985368824,-0.832693915449478,1.269048632313246,-0.3343303455770996,-0.1973865793956351,-0.13240341983563816,0.09460153163099681,-0.1461890368232927,-0.18072043055968945,-0.4462215451554952,-0.2339129983167442,-0.3311020168625761,-0.05432610676135944,-0.04872791935195721,-0.10311134921293676,-0.14198601165075547,-0.08086126660683372,0.019627245763451918,-0.30652670333996546,1.0
C400636,38.70823,-117.08422,0.9099868813416055,-0.5023185532410451,-0.7337626218198862,1.4247840593542296,-0.5549196725460106,-0.21173814265054872,-0.11826405510173986,0.05155198733383086,-0.14504387336814284,-0.16473787381920052,-0.44611076602211847,-0.2337231665363858,-0.3314090219492072,-0.05428255436261816,-0.04872791935195721,-0.10453826555607611,-0.13982293505699628,-0.10024622690653417,0.04607916415828817,-0.1734952592291869,0.0
C400637,40.529973,-112.136459,1.5421354082191157,-0.3378914725514935,-0.7866633829968208,1.5172519691598136,0.9892056162363663,-0.20994419724368452,0.07968705117283667,1.472186949140306,-0.1461890368232927,-0.18072043055968945,-0.40679424450368734,-0.23398893102888757,-0.33177742805316446,-0.05044994327338571,-0.03266841186876096,-0.09672419986745587,-0.12900755208820022,-0.13503045473403408,0.05242762457304887,0.2531228201605512,0.0
C400657,37.39331,-108.07395,-0.4911670699848345,-0.4578265196426959,-0.3634572935813448,-0.4878416539928497,-0.4164100951469269,-0.1947554594655676,-0.13240341983563816,-0.37894345563782833,-0.14412774260402297,-0.17776069782996928,-0.38957312467875976,-0.2337231665363858,-0.3297634746848648,-0.054195449565135605,-0.046838565530404705,-0.0965203546755788,-0.1414452425023157,-0.17724256454553136,-0.061315624524747016,-0.25147920922516054,0.0
C400666,44.48805,-68.64496,-0.4911670699848345,-0.4578265196426959,-0.3634572935813448,-0.4878416539928497,-0.4164100951469269,-0.1947554594655676,-0.13240341983563816,-0.37894345563782833,-0.14412774260402297,-0.17776069782996928,-0.38957312467875976,-0.2337231665363858,-0.3297634746848648,-0.054195449565135605,-0.046838565530404705,-0.0965203546755788,-0.1414452425023157,-0.17724256454553136,-0.061315624524747016,-0.25147920922516054,0.0
C400668,34.58012,-80.5442,-0.4911670699848345,-0.4578265196426959,-0.3634572935813448,-0.4878416539928497,-0.4164100951469269,-0.1947554594655676,-0.13240341983563816,-0.37894345563782833,-0.14412774260402297,-0.17776069782996928,-0.38957312467875976,-0.2337231665363858,-0.3297634746848648,-0.054195449565135605,-0.046838565530404705,-0.0965203546755788,-0.1414452425023157,-0.17724256454553136,-0.061315624524747016,-0.25147920922516054,0.0
C400669,41.08333,-74.59959,-0.4911670699848345,-0.4578265196426959,-0.3634572935813448,-0.4878416539928497,-0.4164100951469269,-0.1947554594655676,-0.13240341983563816,-0.37894345563782833,-0.14412774260402297,-0.17776069782996928,-0.38957312467875976,-0.2337231665363858,-0.3297634746848648,-0.054195449565135605,-0.046838565530404705,-0.0965203546755788,-0.1414452425023157,-0.17724256454553136,-0.061315624524747016,-0.25147920922516054,0.0
C400670,44.48805,-68.64496,-0.4911670699848345,-0.4578265196426959,-0.3634572935813448,-0.4878416539928497,-0.4164100951469269,-0.1947554594655676,-0.13240341983563816,-0.37894345563782833,-0.14412774260402297,-0.17776069782996928,-0.38957312467875976,-0.2337231665363858,-0.3297634746848648,-0.054195449565135605,-0.046838565530404705,-0.0965203546755788,-0.1414452425023157,-0.17724256454553136,-0.061315624524747016,-0.25147920922516054,0.0
C400672,41.1181,-74.58599,-0.4911670699848345,-0.4578265196426959,-0.3634572935813448,-0.4878416539928497,-0.4164100951469269,-0.1947554594655676,-0.13240341983563816,-0.37894345563782833,-0.14412774260402297,-0.17776069782996928,-0.38957312467875976,-0.2337231665363858,-0.3297634746848648,-0.054195449565135605,-0.046838565530404705,-0.0965203546755788,-0.1414452425023157,-0.17724256454553136,-0.061315624524747016,-0.25147920922516054,0.0
C400673,41.1181,-74.58599,-0.4911670699848345,-0.4578265196426959,-0.3634572935813448,-0.4878416539928497,-0.4164100951469269,-0.1947554594655676,-0.13240341983563816,-0.37894345563782833,-0.14412774260402297,-0.17776069782996928,-0.38957312467875976,-0.2337231665363858,-0.3297634746848648,-0.054195449565135605,-0.046838565530404705,-0.0965203546755788,-0.1414452425023157,-0.17724256454553136,-0.061315624524747016,-0.25147920922516054,0.0
C400674,31.90073,-109.81625,-0.8137583285460382,-0.517794043188297,-0.8333809383219057,-0.5413757070381877,-0.5549196725460106,-0.22010988788258168,-0.10412469036784153,-0.6802902657179898,1.1915909114827605,-0.16710566000297664,-0.4458187119432162,-0.2197895138580796,-0.32777408172349565,-0.05450031635632455,-0.04494921170885221,-0.10528569792629194,-0.13279293612727883,-0.20858460316093488,-0.06819312330740444,-0.41203440039334155,0.0
C400675,31.90073,-109.81625,-0.7746563578113468,-0.517794043188297,-0.9123885686510936,-0.6387103489388025,-0.5549196725460106,-0.22010988788258168,-0.11826405510173986,-0.6802902657179898,2.144392353989735,-0.1428358516192712,-0.4435829876150677,-0.10766220892638735,-0.32684078626013724,-0.05367282078024027,-0.04400453479807596,-0.0978793226214258,-0.07493063724421996,-0.12560972636408618,-0.058141394317366674,-0.4166216915695753,0.0
C400679,32.63,131.45806,-0.4911670699848345,-0.4578265196426959,-0.3634572935813448,-0.4878416539928497,-0.4164100951469269,-0.1947554594655676,-0.13240341983563816,-0.37894345563782833,-0.14412774260402297,-0.17776069782996928,-0.38957312467875976,-0.2337231665363858,-0.3297634746848648,-0.054195449565135605,-0.046838565530404705,-0.0965203546755788,-0.1414452425023157,-0.17724256454553136,-0.061315624524747016,-0.25147920922516054,0.0
C400680,11.7804,125.159,-0.4911670699848345,-0.4578265196426959,-0.3634572935813448,-0.4878416539928497,-0.4164100951469269,-0.1947554594655676,-0.13240341983563816,-0.37894345563782833,-0.14412774260402297,-0.17776069782996928,-0.38957312467875976,-0.2337231665363858,-0.3297634746848648,-0.054195449565135605,-0.046838565530404705,-0.0965203546755788,-0.1414452425023157,-0.17724256454553136,-0.061315624524747016,-0.25147920922516054,0.0
C400681,-31.5,145.84047,-0.4911670699848345,-0.4578265196426959,-0.3634572935813448,-0.4878416539928497,-0.4164100951469269,-0.1947554594655676,-0.13240341983563816,-0.37894345563782833,-0.14412774260402297,-0.17776069782996928,-0.38957312467875976,-0.2337231665363858,-0.3297634746848648,-0.054195449565135605,-0.046838565530404705,-0.0965203546755788,-0.1414452425023157,-0.17724256454553136,-0.061315624524747016,-0.25147920922516054,0.0
C400682,-31.52961,145.84865,-0.4911670699848345,-0.4578265196426959,-0.3634572935813448,-0.4878416539928497,-0.4164100951469269,-0.1947554594655676,-0.13240341983563816,-0.37894345563782833,-0.14412774260402297,-0.17776069782996928,-0.38957312467875976,-0.2337231665363858,-0.3297634746848648,-0.054195449565135605,-0.046838565530404705,-0.0965203546755788,-0.1414452425023157,-0.17724256454553136,-0.061315624524747016,-0.25147920922516054,0.0
C400684,32.63,131.45806,-0.4911670699848345,-0.4578265196426959,-0.3634572935813448,-0.4878416539928497,-0.4164100951469269,-0.1947554594655676,-0.13240341983563816,-0.37894345563782833,-0.14412774260402297,-0.17776069782996928,-0.38957312467875976,-0.2337231665363858,-0.3297634746848648,-0.054195449565135605,-0.046838565530404705,-0.0965203546755788,-0.1414452425023157,-0.17724256454553136,-0.061315624524747016,-0.25147920922516054,0.0
C400685,46.65193,-81.37757,-0.4585820943725917,-0.4404165934520375,1.858374675849904,-0.444041065137573,-0.4882298760205258,-0.17227134369953626,-0.18896087877123147,-0.5080920885293261,-0.13725676187312388,-0.18072043055968945,0.05737144331475449,-0.23168563876053905,-0.32496191512995526,0.38059298617606635,-0.04872791935195721,0.11724530320615388,-0.17064677651806504,-0.1959028534321589,-0.06396081636423065,-0.2881775386350305,0.0
C400686,54.75,-128.27,-0.4911670699848345,-0.4578265196426959,-0.3634572935813448,-0.4878416539928497,-0.4164100951469269,-0.1947554594655676,-0.13240341983563816,-0.37894345563782833,-0.14412774260402297,-0.17776069782996928,-0.38957312467875976,-0.2337231665363858,-0.3297634746848648,-0.054195449565135605,-0.046838565530404705,-0.0965203546755788,-0.1414452425023157,-0.17724256454553136,-0.061315624524747016,-0.25147920922516054,0.0
C400687,39.7985,140.99862,-0.4911670699848345,-0.4578265196426959,-0.3634572935813448,-0.4878416539928497,-0.4164100951469269,-0.1947554594655676,-0.13240341983563816,-0.37894345563782833,-0.14412774260402297,-0.17776069782996928,-0.38957312467875976,-0.2337231665363858,-0.3297634746848648,-0.054195449565135605,-0.046838565530404705,-0.0965203546755788,-0.1414452425023157,-0.17724256454553136,-0.061315624524747016,-0.25147920922516054,0.0
C400688,40.17847,140.31861,-0.4911670699848345,-0.4578265196426959,-0.3634572935813448,-0.4878416539928497,-0.4164100951469269,-0.1947554594655676,-0.13240341983563816,-0.37894345563782833,-0.14412774260402297,-0.17776069782996928,-0.38957312467875976,-0.2337231665363858,-0.3297634746848648,-0.054195449565135605,-0.046838565530404705,-0.0965203546755788,-0.1414452425023157,-0.17724256454553136,-0.061315624524747016,-0.25147920922516054,0.0
C400689,39.7,140.4,-0.4911670699848345,-0.4578265196426959,-0.3634572935813448,-0.4878416539928497,-0.4164100951469269,-0.1947554594655676,-0.13240341983563816,-0.37894345563782833,-0.14412774260402297,-0.17776069782996928,-0.38957312467875976,-0.2337231665363858,-0.3297634746848648,-0.054195449565135605,-0.046838565530404705,-0.0965203546755788,-0.1414452425023157,-0.17724256454553136,-0.061315624524747016,-0.25147920922516054,0.0
C400690,39.17853,141.51861,-0.4911670699848345,-0.4578265196426959,-0.3634572935813448,-0.4878416539928497,-0.4164100951469269,-0.1947554594655676,-0.13240341983563816,-0.37894345563782833,-0.14412774260402297,-0.17776069782996928,-0.38957312467875976,-0.2337231665363858,-0.3297634746848648,-0.054195449565135605,-0.046838565530404705,-0.0965203546755788,-0.1414452425023157,-0.17724256454553136,-0.061315624524747016,-0.25147920922516054,0.0
C400691,-32.06528,146.30694,-0.4911670699848345,-0.4578265196426959,-0.3634572935813448,-0.4878416539928497,-0.4164100951469269,-0.1947554594655676,-0.13240341983563816,-0.37894345563782833,-0.14412774260402297,-0.17776069782996928,-0.38957312467875976,-0.2337231665363858,-0.3297634746848648,-0.054195449565135605,-0.046838565530404705,-0.0965203546755788,-0.1414452425023157,-0.17724256454553136,-0.061315624524747016,-0.25147920922516054,0.0
C400692,50.375,-120.907,-0.4911670699848345,-0.4578265196426959,-0.3634572935813448,-0.4878416539928497,-0.4164100951469269,-0.1947554594655676,-0.13240341983563816,-0.37894345563782833,-0.14412774260402297,-0.17776069782996928,-0.38957312467875976,-0.2337231665363858,-0.3297634746848648,-0.054195449565135605,-0.046838565530404705,-0.0965203546755788,-0.1414452425023157,-0.17724256454553136,-0.061315624524747016,-0.25147920922516054,0.0
C400693,49.75667,-124.55833,-0.4911670699848345,-0.4578265196426959,-0.3634572935813448,-0.4878416539928497,-0.4164100951469269,-0.1947554594655676,-0.13240341983563816,-0.37894345563782833,-0.14412774260402297,-0.17776069782996928,-0.38957312467875976,-0.2337231665363858,-0.3297634746848648,-0.054195449565135605,-0.046838565530404705,-0.0965203546755788,-0.1414452425023157,-0.17724256454553136,-0.061315624524747016,-0.25147920922516054,0.0
C400694,64.84878,13.83662,-0.4911670699848345,-0.4578265196426959,-0.3634572935813448,-0.4878416539928497,-0.4164100951469269,-0.1947554594655676,-0.13240341983563816,-0.37894345563782833,-0.14412774260402297,-0.17776069782996928,-0.38957312467875976,-0.2337231665363858,-0.3297634746848648,-0.054195449565135605,-0.046838565530404705,-0.0965203546755788,-0.1414452425023157,-0.17724256454553136,-0.061315624524747016,-0.25147920922516054,0.0
C400695,-11.5942,-76.1248,-0.4911670699848345,-0.4578265196426959,-0.3634572935813448,-0.4878416539928497,-0.4164100951469269,-0.1947554594655676,-0.13240341983563816,-0.37894345563782833,-0.14412774260402297,-0.17776069782996928,-0.38957312467875976,-0.2337231665363858,-0.3297634746848648,-0.054195449565135605,-0.046838565530404705,-0.0965203546755788,-0.1414452425023157,-0.17724256454553136,-0.061315624524747016,-0.25147920922516054,0.0
C400696,-11.5942,-76.1248,-0.8756697822092995,-0.5564827680564269,1.267535005562064,-0.6387103489388025,-0.5600496568941248,0.2582755539478726,-0.18896087877123147,-0.6802902657179898,-0.06785985649104305,0.714894693453636,0.05737144331475449,0.25808035456412115,0.28201306599995485,-0.05515360233744372,-0.04872791935195721,-0.09169601846782197,-0.17064677651806504,-0.16347380769714595,-0.06766408493950772,-0.3340504503973679,0.0
C400697,-31.52961,145.84865,-0.4911670699848345,-0.4578265196426959,-0.3634572935813448,-0.4878416539928497,-0.4164100951469269,-0.1947554594655676,-0.13240341983563816,-0.37894345563782833,-0.14412774260402297,-0.17776069782996928,-0.38957312467875976,-0.2337231665363858,-0.3297634746848648,-0.054195449565135605,-0.046838565530404705,-0.0965203546755788,-0.1414452425023157,-0.17724256454553136,-0.061315624524747016,-0.25147920922516054,0.0
C400698,36.63333,139.44444,-0.4911670699848345,-0.4578265196426959,-0.3634572935813448,-0.4878416539928497,-0.4164100951469269,-0.1947554594655676,-0.13240341983563816,-0.37894345563782833,-0.14412774260402297,-0.17776069782996928,-0.38957312467875976,-0.2337231665363858,-0.3297634746848648,-0.054195449565135605,-0.046838565530404705,-0.0965203546755788,-0.1414452425023157,-0.17724256454553136,-0.061315624524747016,-0.25147920922516054,0.0
C447033,38.94021,-119.05178,-0.6443164553623756,0.312079105233087,2.380512058894971,-0.5754428317034029,0.5275070249060875,-0.17825116172241692,-0.11826405510173986,-0.4650425442321601,-0.1452729060591728,-0.16710566000297664,-0.3303566424737457,-0.2340775191930548,-0.33122481889722855,-0.044265502652124235,-0.04438240556238646,0.024835482888558056,-0.1446898573929545,-0.20061321761713283,-0.061844662892643745,-0.3340504503973679,0.0
C447034,38.94021,-119.05178,-0.8202753236684867,-0.21215311673007167,1.13013043107652,-0.5657093675133414,-0.32407037688087115,-0.20043628658730425,-0.14654278456953648,-0.6802902657179898,-0.13153094459737463,-0.1781158657575357,1.5277115491631768,-0.2339509646728159,-0.3144377807602431,-0.04892560931744098,-0.04872791935195721,0.05880968153473299,-0.1446898573929545,-0.21130212095995832,-0.0692512000431979,-0.4074471092171078,0.0
C447035,38.94021,-119.05178,-0.7453298797603282,-0.07287370720480442,2.7583746387302175,-0.5754428317034029,0.029898543139009227,-0.1913469631925256,0.616982911060973,-0.6802902657179898,-0.14344064453093305,-0.17835264437591333,-0.19037210120679054,-0.23428000642543712,-0.33014416099228727,-0.049317580906112476,-0.04561048554639558,-0.023407879189010352,-0.13820062761167687,-0.17814840381187247,-0.0692512000431979,-0.25147920922516054,0.0
C447036,38.94021,-119.05178,-0.8137583285460382,-0.49264637202401274,2.902649441940039,-0.5949097600835258,-0.5036198290648685,-0.20318700287782937,-0.18896087877123147,-0.5511416328264921,-0.13908902340136364,-0.16929586222296958,0.38366522629079525,-0.23409017464507872,-0.32337776888293907,-0.03263701218820302,-0.04872791935195721,-0.023407879189010352,-0.1446898573929545,-0.21093978525342189,-0.0692512000431979,-0.08174943570451204,0.0
C447037,38.94021,-119.05178,-0.8072413334235895,-0.3804490699064363,2.5110464046562386,-0.5754428317034029,-0.5036198290648685,-0.20390458104057504,-0.16068214930343483,-0.5941911771236579,-0.1340503041987043,-0.176103247501326,1.0543825247353429,-0.2341407964531743,-0.320835766765634,-0.045180103025691074,-0.04872791935195721,-0.010497683703463875,-0.1446898573929545,-0.19771453196484118,-0.0692512000431979,-0.1826698415816544,0.0
C447038,38.94021,-119.05178,-0.6964524163419641,0.016110359991894113,2.6415807504175053,-0.5851762958934644,-0.539529719501668,-0.20061568112799066,-0.18896087877123147,-0.5511416328264921,-0.13840192532827372,-0.17710955662943084,0.5226426845270529,-0.2341281410011504,-0.3255268044893564,-0.042784721094920784,-0.04872791935195721,0.020758579051017065,-0.1446898573929545,-0.0024155861416907233,-0.0692512000431979,0.12926595840224014,0.0
C447039,38.94021,-119.05178,-0.7876903480562439,-0.15412002942787698,3.4179165962608296,-0.5949097600835258,-0.5138797977610968,-0.19625041397128778,-0.18896087877123147,-0.4650425442321601,-0.14366967722196303,-0.17622163681051478,-0.17526585574632775,-0.2341281410011504,-0.32983715590565627,-0.0500579716847142,-0.04570495323747321,-0.06852561499113066,-0.1446898573929545,-0.12597206207062264,-0.062373701260540475,0.34028135250899233,0.0
C447040,38.94021,-119.05178,-0.40318763583177897,-0.37851463366302984,3.232420420705345,-0.38564027999720424,0.5941968214315722,-0.20402417740103268,-0.16068214930343483,-0.4650425442321601,-0.14550193875020279,-0.1781750604121301,-0.38957312467875976,-0.23428000642543712,-0.33126165950762426,-0.05328084919156877,-0.04872791935195721,-0.06472050474275907,-0.1446898573929545,-0.20387423897596094,-0.06819312330740444,0.1567897054596426,1.0
C447041,38.94021,-119.05178,-0.3575686699746391,-0.3669080162025909,3.5278402558492648,-0.45864126142266526,0.2607478388041487,-0.20205083745348204,-0.13240341983563816,-0.2928443670434965,-0.1448148406771129,-0.1780566711029413,-0.3011512345835176,-0.23428000642543712,-0.3306476493343622,-0.053193744394086216,-0.04674409783932708,-0.06539998871568257,-0.1446898573929545,-0.2080410996011302,-0.0692512000431979,0.11091679369730517,0.0
C447043,38.94021,-119.05178,-0.6149899773113571,0.9988039716423911,0.6079930480314522,-0.5949097600835258,3.061719292874507,-0.20647590279041375,-0.18896087877123147,0.6111960631969877,-0.13679869649106394,-0.17450499182727708,0.3665448147689374,-0.23415345190519818,-0.32972663407446906,-0.051146781653246154,-0.041642842521135336,0.08055316866828495,-0.1446898573929545,-0.19209832851352612,-0.06607696983581755,0.05128200840626651,0.0
C447044,38.94021,-119.05178,0.3071648325151139,1.571397099690712,0.3400541277846412,-0.5949097600835258,3.415688212894387,-0.19194494499481368,-0.13240341983563816,0.525096974602656,-0.14298257914887313,-0.17924056419482937,-0.1732516896849327,-0.23428000642543712,-0.3311756980833676,-0.05140809604569382,-0.03843094102449608,-0.06302179481045032,-0.1446898573929545,-0.18285876799684642,-0.05126389553470925,0.2944084407466549,0.0
C447045,38.94021,-119.05178,-0.6117314797501329,0.3024069240160546,0.5805121331343435,-0.5949097600835258,1.743313315409155,-0.19415747766327954,-0.13240341983563816,-0.4650425442321601,-0.13519546765385415,-0.17924056419482937,1.5679948703910773,-0.23428000642543712,-0.32981259549872577,-0.03572923249883376,-0.04872791935195721,-0.08388195277920174,-0.1446898573929545,-0.18847497144816153,-0.067135046571611,-0.31570128569243294,0.0
C447046,38.94021,-119.05178,-0.8463433041582809,-0.0303161098498616,1.7415807875371911,-0.5851762958934644,-0.21634070557047275,-0.21030298632505737,-0.18896087877123147,-0.6802902657179898,-0.14206644838475324,-0.17065733927864085,0.2910135874666235,-0.23428000642543712,-0.33084413258980605,0.03739524498777193,-0.04872791935195721,0.13966827431262935,-0.1446898573929545,-0.20949044242727605,-0.0692512000431979,-0.3982725268646403,0.0
C447047,38.94021,-119.05178,-0.31520820167872343,0.714441843861637,2.1537945109938237,-0.5803095637984337,0.30691769793717655,-0.1903303941286359,1.7198533603050423,-0.24979482274633058,-0.14412774260402297,-0.17515613302781552,-0.11886920602726671,-0.23415345190519818,-0.32981259549872577,-0.04478813143701957,-0.03975348869958283,-0.05147056727075085,-0.14198601165075547,-0.09553586272156023,-0.061844662892643745,0.9182800407144439,0.0
C447048,38.94021,-119.05178,-0.7160034017093098,-0.37271132493281034,2.937000585561425,-0.5705760996083722,-0.4471900012356122,-0.20240962653485486,0.1645232395762266,-0.4650425442321601,-0.1416083830026933,-0.17740552990240285,0.16210695953734106,-0.23428000642543712,-0.3269144674809287,-0.038037509632121484,-0.04872791935195721,0.1593733095274108,-0.1446898573929545,-0.18738796432855215,-0.06078658615685029,0.21183719957444752,0.0
C447049,28.8008,-110.5696,0.6851505496171302,-0.4442854659388505,-0.1958237127089809,-0.3515731553319891,-0.539529719501668,-0.2124557208132944,0.7866552878677529,0.13765107592816264,-0.1166438196804266,0.3236180265846286,1.386719924865524,-0.23312836029126285,-0.30056115084451995,-0.05393413517268794,-0.046838565530404705,-0.09305498641366897,1.9491682853659613,0.17875226712653794,0.007459363301827245,-0.13220963864308322,0.0
C447050,-12.3171,-75.7221,0.07255300810696574,-0.5100562982146711,-0.18208325526042657,-0.5316422428481262,-0.5703096255903531,-0.2007950756686771,-0.07584596090004486,-0.5511416328264921,-0.14550193875020279,-0.16035746937921463,3.833931689460495,-0.22256105785131217,-0.04095764958930971,-0.054108344767653055,-0.04655516245717183,-0.10358698799398319,-0.14036370420543606,0.7747945043790101,-0.0650188931000241,0.18431345251704506,0.0
C447051,-21.0309,-68.74951,-0.6866769236582912,-0.529400660648736,-0.9185717745029431,-0.5267755107530956,-0.5600496568941248,-0.21472805166198908,-0.11826405510173986,-0.5511416328264921,-0.05068240466379532,0.10045417876372732,6.351639266204293,-0.23072382440672318,-0.3306108087239665,-0.05515360233744372,-0.04872791935195721,-0.10528569792629194,-0.14209416548044343,-0.18811263574162507,-0.039625051440981295,-0.46708189450814647,0.0
C447053,-19.22534,17.71367,-0.5824050016991144,0.02191366872211363,-0.7749839941655494,-0.3515731553319891,-0.43693003253938373,-0.21287430807489607,-0.07584596090004486,-0.42199299993499423,-0.09740507363390914,3.2543453755535476,2.7865653375350754,-0.108294981527582,-0.20796841671659727,-0.051495200843176374,-0.04872791935195721,0.0037714797279295976,-0.12251832230692258,-0.11727600511374767,-0.06448985473212737,-0.1413842209955507,0.0
C447054,-11.58118,-76.18302,-0.8365678114746081,-0.525531788161923,0.26448161181759183,-0.5803095637984337,-0.5703096255903531,-0.21018338996459976,-0.13240341983563816,-0.6802902657179898,-0.0939695832684596,-0.16562579363811655,-0.415857991779965,2.284218223589395,2.8608544292473117,-0.05515360233744372,-0.04872791935195721,-0.10453826555607611,-0.1446898573929545,0.14433037500557447,-0.06766408493950772,-0.4166216915695753,0.0
C447055,-11.58118,-76.18302,-0.7648808651276738,-0.5235973519185165,1.0820388300065793,-0.536508974943157,-0.5703096255903531,-0.1989413320815841,-0.14654278456953648,-0.5511416328264921,-0.10542121781995809,1.9283851126389084,0.5226426845270529,-0.22526932458442528,-0.22061702628579627,-0.05515360233744372,-0.04872791935195721,-0.10311134921293676,-0.13549678186947786,-0.09734754125424251,-0.05602524084577977,-0.38909794451217283,2.0
C447056,-13.41448,-74.99968,-0.5433030309644229,-0.52166291567511,-0.11338096801765449,-0.5511091712282492,-0.5343997351535537,-0.028755711150399973,-0.16068214930343483,-0.6802902657179898,-0.05892758154087423,-0.16426431658244528,0.7824701064470126,0.4226012308747305,2.6889315807339274,-0.05515360233744372,-0.04872791935195721,-0.037473197428526776,-0.1446898573929545,-0.21130212095995832,-0.0692512000431979,-0.3982725268646403,0.0
C447057,-13.41448,-74.99968,-0.6475749529235999,-0.529400660648736,-0.030938223326328063,-0.4781081898027882,-0.5703096255903531,-0.18997160504726307,-0.16068214930343483,-0.6802902657179898,1.507656025104119,-0.07476199883570714,-0.02017506901890985,0.3643861515648226,-0.3200375535403933,-0.05467452595128967,-0.04872791935195721,-0.08415374636837114,-0.13820062761167687,-0.18159059302396882,-0.06607696983581755,-0.3845106533359391,0.0
C447058,62.74842,29.00282,-0.7583638700052253,-0.446219902182257,0.6629548778256699,-0.5803095637984337,-0.48309989167241163,-0.21257531717375203,-0.18896087877123147,-0.6802902657179898,-0.14183741569372327,-0.15011679413438284,0.048306577068521435,-0.23345740204388407,-0.2698606421814156,-0.002672961854203788,-0.04532708247316271,3.829266247287227,-0.10413217125996929,-0.11147863380916435,-0.06819312330740444,-0.35698690627853663,0.0
C447059,-12.5248,27.8549,-0.26958923582158356,-0.533269533135549,-0.8478084186428878,-0.13257021105560596,-0.47283992297618327,-0.21353208805741294,-0.16068214930343483,-0.5080920885293261,-0.14137935031166335,-0.17924056419482937,2.031253064511936,-0.23300180577102392,-0.33205987273286497,-0.05454386875506583,-0.04872791935195721,-0.0976075290322564,-0.14090447335387588,-0.1212616978856487,0.01169167024500104,-0.3661614886310041,0.0
C447060,62.74842,29.00282,-0.7974658407399167,-0.4965152445108257,0.6629548778256699,-0.5949097600835258,-0.3907601734063558,-0.19601122125037254,-0.18896087877123147,-0.6802902657179898,-0.14298257914887313,-0.17924056419482937,0.4390547929791588,-0.2339003428647203,-0.24947550442911434,-0.024013637237429986,-0.04627175938393896,1.0977406761347626,-0.13387447442415845,-0.08937615571044047,-0.067135046571611,-0.3753360709834716,0.0
C447061,62.74842,29.00282,-0.7909488456174681,-0.46943313710313483,1.233183861940678,-0.5754428317034029,-0.24712061165915802,-0.14416619899199706,-0.18896087877123147,-0.6802902657179898,-0.14550193875020279,-0.1781750604121301,-0.29712290246072753,-0.23403955283698313,-0.3220392267052277,0.002117802007336787,-0.04872791935195721,1.2879961885533422,-0.1446898573929545,-0.15713293283275795,-0.06819312330740444,-0.16890796805295316,0.0
C447063,46.53832,-80.99422,0.7112185301069244,-0.010971747415796684,0.9102831118996492,-0.371040083712112,0.9532957257995669,-0.14596014439886126,-0.11826405510173986,0.3098492531168264,-0.14229548107578321,-0.17752391921159166,-0.0705292205537858,-0.23328022571554954,-0.32896526145962407,0.3605540436480543,-0.02067101510190259,0.2082961555779027,-0.14252678079919529,-0.1997073783507917,-0.0523219722705027,-0.0771621445282783,1.0
C447064,46.52499,-81.00808,-0.8789282797705237,-0.5274662244053295,1.6247868992244785,-0.5851762958934644,-0.5703096255903531,-0.21072157358665902,-0.18896087877123147,-0.6802902657179898,-0.11962124466381621,-0.1761624421559204,1.4974990582422512,-0.23074913531077096,-0.3200007129299976,2.1226840967201603,-0.04872791935195721,0.40670547567156434,-0.1446898573929545,-0.21057744954688543,-0.0692512000431979,-0.46708189450814647,0.0
C447065,46.52499,-81.00808,-0.8756697822092995,-0.5274662244053295,2.1331838248209922,-0.5851762958934644,-0.5703096255903531,-0.21347228987718414,-0.18896087877123147,-0.6802902657179898,-0.1370277291820939,-0.17699116732024203,0.1530432122610634,-0.23402689738495924,-0.3217322216185967,1.600055311824825,-0.04872791935195721,0.3700133411336954,-0.1414452425023157,-0.21347613519917708,-0.0692512000431979,-0.46708189450814647,0.0
C447066,-12.96453,-74.80798,0.988190822810988,-0.5119907344580776,-0.030938223326328063,0.28110201702200666,-0.4061501264506985,-0.19780516665723674,-0.11826405510173986,0.6111960631969877,-0.0857244063913807,0.032380325980163265,-0.24475458486445656,-0.22316851954845904,-0.32813020762398765,-0.05397768757142922,-0.04589388861962846,-0.09679214826474822,-0.1414452425023157,-0.1511543936749064,-0.02904428408304679,-0.2881775386350305,0.0
C447067,-22.2871,-68.8991,0.8220074471885499,-0.5100562982146711,-0.549640492009257,0.2616350886418837,-0.5446597038497821,-0.21293410625512485,0.20694133377792162,-0.42199299993499423,-0.10816961011231772,0.395835505189801,-0.0010404914356569926,-0.22080195001999103,-0.33045116607891833,-0.05458742115380711,-0.04872791935195721,-0.104130575172322,-0.13062985953351963,0.033817984511955,-0.034863706129910764,-0.22395546216775808,0.0
C447068,28.8008,-110.5696,-0.29565721631137776,-0.5081218619712646,-0.23017485633036694,-0.5949097600835258,-0.5703096255903531,-0.21472805166198908,0.093826415906735,-0.24979482274633058,-0.0712953468564926,-0.1392249776890126,4.61945645340456,-0.23403955283698313,-0.3286950969833888,-0.054151897166394326,-0.04872791935195721,-0.08143581047667714,-0.028965259626836725,-0.10586243035784927,-0.03856697470518784,-0.26524108275386177,0.0
C447069,30.99182,-110.35483,-0.00239243580119266,2.4612377716576974,0.20951978202337415,-0.5705760996083722,-0.041921237734589646,0.14465901151313967,-0.13240341983563816,-0.20674527844916463,-0.07083728147443266,-0.17207801098890654,0.6213368215354097,-0.21333523332589416,-0.3208603271725645,-0.05188717243184788,-0.045799420928550834,-0.07803839061205965,-0.1446898573929545,-0.18467044652952874,-0.058141394317366674,-0.33863774157360166,0.0
C447070,34.66364,-112.18494,-0.859377294403178,-0.5235973519185165,-0.2164343988818126,-0.5949097600835258,-0.5497896881978963,-0.20324680105805817,-0.13240341983563816,-0.6802902657179898,0.03886937752892285,-0.15727934734030566,6.069656017608987,-0.23406486374103092,-0.3141921766909383,-0.05454386875506583,-0.04872791935195721,-0.09842290979976462,-0.14090447335387588,-0.1859386215024063,-0.0692512000431979,-0.3753360709834716,0.0
C447071,31.43234,-109.90705,-0.02520191872976256,-0.4674987008597284,-0.8979610883301115,-0.44890779723260377,-0.5703096255903531,-0.21472805166198908,0.5038679931897864,-0.5941911771236579,0.004743506565457357,-0.1765768047380812,4.901439701999865,-0.21966295933784066,-0.3220146662982973,-0.05515360233744372,-0.021804627394834093,-0.10528569792629194,-0.1414452425023157,-0.09843454837385189,-0.03697985960149767,0.05128200840626651,0.0
C447073,34.66364,-112.18494,0.02041704712737724,1.2657561732324867,-0.7578084223548563,-0.2688387097164665,-0.35998026731767063,-0.10589536364556072,-0.11826405510173986,-0.07759664555766689,-0.0568662873216045,0.3058596302063076,1.5679948703910773,-0.2339509646728159,-0.3260916938487575,-0.05515360233744372,-0.04872791935195721,-0.09509343833243947,-0.1446898573929545,-0.011473978805102154,-0.062373701260540475,-0.22395546216775808,0.0
C447074,32.10012,-110.06506,0.13120596420900282,1.1284111999506257,-0.05154890949915961,-0.5803095637984337,0.3017877135890623,0.002339342568579548,1.055303217811821,0.22375016452249455,-0.13519546765385415,-0.1763400261197036,0.7522576155260872,-0.23428000642543712,0.8297087760963292,-0.05423900196387688,-0.04617729169286133,-0.02952323494532184,-0.13657832016635746,-0.038649156795336446,0.0037560947265501635,-0.33863774157360166,0.0
C447075,34.66364,-112.18494,-0.7648808651276738,0.8691967433341561,-0.23704508505464425,-0.5657093675133414,-0.2984204551403001,-0.12443279951649083,-0.11826405510173986,-0.5941911771236579,-0.02388557981328886,0.0021910521370174588,4.206552410818577,-0.23406486374103092,-0.31591140517607214,-0.05463097355254839,-0.04872791935195721,-0.09251139923533017,-0.13279293612727883,1.0320528560198947,-0.067135046571611,-0.37074877980723786,0.0
C447076,34.06446,-112.54074,-0.8430848065970566,-0.5061874257278581,-0.3462817217706518,-0.5851762958934644,-0.5549196725460106,-0.2113195553889471,-0.14654278456953648,-0.6802902657179898,-0.1461890368232927,-0.17586646888294838,3.733223386390743,-0.23383706560460085,-0.3314949833734639,-0.05454386875506583,-0.04872791935195721,-0.1024998136373056,-0.1446898573929545,0.2222325519109128,-0.0692512000431979,-0.4166216915695753,0.0
C447077,32.10012,-110.06506,-0.5009425626685073,0.48811280338307766,-0.7378847590544525,-0.07903615801026781,-0.31381040818464273,-0.032941583766416455,-0.08998532563394321,-0.4650425442321601,0.11742759055220246,0.2070045570336537,0.9234617307446653,-0.23252089859411598,-0.19568821325135555,-0.05454386875506583,-0.04872791935195721,-0.08653194027360338,-0.1273852446428808,-0.20278723185635159,-0.0629027396284372,-0.42120898274580904,0.0
C447078,34.584346,-113.21008,-0.461840591933816,-0.4636298283729154,-0.8883427681161233,-0.2250381208611899,-0.5036198290648685,-0.21036278450528614,0.093826415906735,-0.37894345563782833,-0.1452729060591728,-0.16544820967433335,2.343448804028167,-0.23428000642543712,-0.33205987273286497,-0.054718078350030945,-0.04872791935195721,-0.10426647196690669,-0.10034678722089067,0.3418033350679437,-0.06343177799633393,-0.31570128569243294,0.0
C447079,31.43404,-109.92035,-0.11969834800526666,-0.525531788161923,-0.8354420069391889,-0.4781081898027882,-0.5446597038497821,-0.21472805166198908,-0.07584596090004486,-0.5941911771236579,-0.14115031762063338,-0.17272915218944498,6.291214284362441,-0.2341154855491265,-0.3290021020700198,-0.05515360233744372,-0.046838565530404705,-0.10528569792629194,-0.14252678079919529,-0.11256564092877373,-0.06078658615685029,-0.22395546216775808,0.0
C447080,32.10012,-110.06506,-0.8104998309848138,0.6970319176709786,-0.5283427829639977,-0.5851762958934644,1.0302454910212802,0.04180614151959203,0.093826415906735,-0.4650425442321601,-0.14435677529505295,-0.17924056419482937,0.15203612923036589,-0.23428000642543712,3.511705212905124,-0.05436965916010072,-0.04872791935195721,0.036386710428257536,-0.13549678186947786,-0.18104708946416415,-0.03380562939411732,-0.3523996151023029,0.0
C447081,32.10012,-110.06506,-0.5009425626685073,1.5520527372566473,0.23013046819620583,-0.5851762958934644,0.614716758824029,-0.004238457256589204,3.1196504689609763,-0.12064618985483284,-0.12992771576016485,-0.17847103368510212,0.8831784095167646,-0.2341407964531743,-0.09621856518289751,-0.052366248818001934,-0.04872791935195721,-0.0477334054196716,-0.13982293505699628,-0.13176943337520597,-0.014760248149835216,-0.37074877980723786,0.0
C447083,33.30306,-111.09944,-0.8658942895256265,-0.5313350968921425,0.8209701384840457,-0.5754428317034029,-0.5703096255903531,-0.15809917498530904,-0.16068214930343483,-0.6802902657179898,-0.06396630074353356,-0.17734633524780846,2.3233071434142167,-0.23254620949816376,-0.327184631957164,-0.05515360233744372,-0.04872791935195721,-0.09835496140247227,-0.1446898573929545,-0.20894693886747137,-0.06607696983581755,-0.46708189450814647,0.0
C447084,33.30306,-111.09944,-0.7355543870766554,-0.5235973519185165,-0.14773211163904051,-0.5316422428481262,-0.5703096255903531,-0.2113793535691759,-0.14654278456953648,-0.5941911771236579,-0.11916317928175627,2.739351880582237,1.3967907551724992,-0.2339509646728159,-0.2698606421814156,-0.05450031635632455,-0.04872791935195721,-0.0948895931405624,-0.13874139676011668,-0.2017002247367422,-0.06554793146792082,-0.37074877980723786,0.0
C447085,34.584346,-113.21008,-0.8300508163521595,-0.5197284794317036,0.23013046819620583,-0.5754428317034029,-0.5497896881978963,-0.20898742636002363,-0.14654278456953648,-0.6802902657179898,-0.14458580798608292,-0.16189653039866914,0.4189131323652084,-0.23428000642543712,-0.33177742805316446,-0.05458742115380711,-0.04872791935195721,-0.10331519440481379,1.2083145520034317,0.5157244742054432,-0.067135046571611,-0.11386047393814824,0.0
C447086,37.97,-107.72594,-0.6573504456072726,-0.4810397545635738,0.08585566498638451,-0.55597590332328,-0.48309989167241163,-0.025765802138959633,-0.16068214930343483,-0.6802902657179898,-0.012662977952820344,-0.17734633524780846,1.0946658459632435,-0.11069951741212168,2.332805680241917,-0.05458742115380711,-0.04872791935195721,0.11928375512492438,-0.1446898573929545,-0.21347613519917708,-0.06819312330740444,-0.34781232392606914,2.0
C447087,38.5018,-120.96772,-0.26958923582158356,0.9388364480967898,0.26448161181759183,-0.5949097600835258,0.6916665240457424,-0.18058329075134041,-0.04756723143224824,-0.37894345563782833,-0.07221147762061247,-0.17107170186080167,1.3967907551724992,-0.16954736932322426,0.2611353556556369,-0.05201782962807171,-0.04598835631070608,-0.09291908961908428,0.30198545921832254,0.039253020110001875,-0.067135046571611,0.4228525936811997,1.0
C447088,46.02073,-112.50506,-0.8398263090358323,-0.529400660648736,0.3469243565089183,-0.5754428317034029,-0.5703096255903531,-0.21084116994711663,-0.14654278456953648,-0.6802902657179898,-0.0644243661255935,0.5728275224270675,3.501594289330314,-0.23254620949816376,-0.32525664001312105,-0.05515360233744372,-0.04872791935195721,-0.10447031715878376,-0.12197755315848278,0.03744134157731959,-0.06025754778895357,-0.4074471092171078,0.0
C447089,44.44908,-114.25453,-0.18812679679097652,-0.4965152445108257,0.2507411543690375,-0.08390289010529856,-0.40102014210258424,-0.20240962653485486,-0.11826405510173986,-0.42199299993499423,-0.1416083830026933,0.5254717987515446,0.8126825973679382,-0.23428000642543712,-0.3294319091913033,-0.044570369443313176,-0.04655516245717183,5.3581051863650995,-0.1446898573929545,-0.17126402538767982,-0.05919947105316012,-0.3753360709834716,1.0
C447090,40.36554,-112.2705,0.5613276422906076,-0.0071028749289837,0.17516863840198812,2.149927141513809,1.0507654284137369,-0.15193996242174196,-0.13240341983563816,-0.03454710126050093,-0.06053081037808402,-0.17367626666295544,0.046292411007126395,-0.1730908958899143,-0.3200252733369281,-0.05406479236891178,-0.04419347018023121,-0.0745730223501498,-0.1446898573929545,-0.041004338887823406,-0.039625051440981295,-0.3432250327498354,0.0
C447091,35.69967,-118.83453,-0.8724112846480752,-0.5313350968921425,1.1370006598007971,-0.5949097600835258,-0.5703096255903531,-0.21472805166198908,-0.14654278456953648,-0.6802902657179898,-0.10977283894952751,-0.17924056419482937,2.3233071434142167,-0.2341281410011504,-0.31468338482954794,-0.0518436200331066,-0.04872791935195721,0.016681675213476074,-0.1446898573929545,-0.21347613519917708,-0.0692512000431979,-0.42120898274580904,0.0
C447093,61.6652,-144.1248,0.33649131056613235,-0.245038532867982,-0.3071214180422717,-0.3077725664767125,-0.539529719501668,-0.2113195553889471,-0.08998532563394321,2.462326467975122,-0.10335992360068835,-0.16396834330947327,2.6556445435443976,-0.23401424193293535,-0.33175286764623396,-0.053803477976464106,-0.04117050406574721,-0.10039341332124276,-0.1446898573929545,-0.20967161028054426,-0.06660600820371428,0.31275760545158987,0.0
C447094,39.03069,-121.28914,-0.5433030309644229,-0.5197284794317036,0.8621915108297088,-0.3223727627618046,-0.4061501264506985,-0.17579943633303585,-0.18896087877123147,-0.37894345563782833,-0.14023418685651348,-0.17568888491916515,-0.42975573760359076,-0.1617009890684106,1.5100320480707212,-0.053803477976464106,-0.04872791935195721,-0.1007331553077045,-0.13117062868195942,-0.20767876389459378,-0.06819312330740444,-0.19643171511035562,0.0
C447095,38.23321,-120.86492,0.16053244226002128,-0.31467823763061564,0.36066481395747263,-0.5754428317034029,1.5894137849657288,-0.19427707402373715,-0.16068214930343483,-0.16369573415199873,-0.06740179110898312,-0.1714268697883681,0.478331031176362,-0.2199160683783185,1.7679163208407973,-0.05306308719786238,-0.04872791935195721,-0.0997818777456116,-0.09061294254897423,-0.17488738245304436,-0.06660600820371428,0.000821805467695334,0.0
C447096,40.07378,-120.71714,-0.8267923187909352,-0.3707768886894039,-0.030938223326328063,-0.5705760996083722,-0.5292697508054395,-0.20402417740103268,0.008990227503345067,-0.5941911771236579,-0.036711410510967164,3.6864663540926936,3.5922317620930904,-0.22787634770134724,-0.31787623773051077,-0.05515360233744372,-0.04655516245717183,-0.10229596844542854,-0.14090447335387588,-0.07379572032937279,-0.06819312330740444,-0.23313004452022557,0.0
C447097,38.23321,-120.86492,-0.19464379191342507,-0.52166291567511,-0.43078553507926143,-0.4878416539928497,-0.5446597038497821,-0.21472805166198908,-0.11826405510173986,-0.37894345563782833,0.8136869712833105,0.1099253234988319,3.2699651922698845,-0.11803967958597963,0.8825136509968686,-0.0540212399701705,-0.042965390196222086,-0.10127674248604329,-0.10196909466621008,-0.14644402948993246,-0.06766408493950772,1.4320566524526233,0.0
C447098,40.76295,-122.4555,-0.8398263090358323,-0.5139251707014841,1.858374675849904,-0.5851762958934644,-0.5703096255903531,-0.2053995355462952,-0.18896087877123147,-0.4650425442321601,0.023524187229914874,0.05428234818009257,-0.06347963933890316,-0.2266614243070535,-0.30989410547810364,-0.05245335361548449,-0.04872791935195721,-0.09944213575914986,-0.08358294361925679,-0.13919731535920335,-0.06660600820371428,-0.4074471092171078,0.0
C447099,36.35277,-117.11119,-0.8039828358623653,-0.529400660648736,0.5599014469615118,-0.5511091712282492,-0.5703096255903531,-0.2019312410930244,-0.16068214930343483,-0.6802902657179898,-0.10038249861729875,-0.1750377437186267,0.45113978934752896,-0.12386118751697044,0.856725223719861,-0.05306308719786238,-0.04872791935195721,-0.08259093323064709,-0.085746020213016,-0.19427234275274485,-0.0692512000431979,-0.2927648298112642,0.0
C447100,54.9,-133.0,-0.6899354212195155,0.4049320449165986,1.2125731757678464,-0.5949097600835258,-0.15991087774121646,-0.034735529173280655,-0.14654278456953648,-0.42199299993499423,-0.11320832931497705,-0.17924056419482937,1.175232488419045,-0.2341281410011504,-0.07043013790588987,-0.05362926838149899,-0.04872791935195721,0.1654886652837223,-0.13874139676011668,-0.1922794963667943,-0.06766408493950772,-0.37992336215970535,0.0
C447101,38.04241,-120.64521,-0.3054327089950506,-0.5158596069448906,-0.3105565324044103,-0.22990485295622065,-0.4882298760205258,-0.21185773901100632,-0.14654278456953648,-0.24979482274633058,-0.13725676187312388,-0.11146268468423733,0.6414784821493601,-0.17891240382090512,2.7257721911296526,-0.054413211558841997,-0.046082824001783707,-0.10148058767792036,-0.11062140104124693,-0.16836533973538814,-0.06819312330740444,0.019170970172630305,0.0
C447103,39.7392,-120.54883,-0.39341214314810613,-0.04579159979711353,-0.7949076574659534,-0.37590681580714275,-0.4061501264506985,0.2451199542975351,-0.16068214930343483,-0.4650425442321601,0.1792664171302943,0.39405966555196886,1.5780657006980525,-0.22381394760167758,-0.21668736117691892,-0.05515360233744372,-0.04872791935195721,-0.08931782456258973,-0.13117062868195942,-0.207859931747862,-0.067135046571611,-0.33863774157360166,0.0
C447104,38.23321,-120.86492,-0.8430848065970566,-0.5313350968921425,-0.14773211163904051,-0.5754428317034029,-0.5600496568941248,-0.21084116994711663,-0.16068214930343483,-0.6802902657179898,-0.12259866964720582,-0.106135165770741,-0.006075906589144587,-0.046916039211700816,4.273077827750111,-0.0522355916217781,-0.04872791935195721,-0.10419852356961436,-0.09385755743961305,-0.15133556152817468,-0.0692512000431979,-0.260653791577628,0.0
C447105,55.3,-131.8,-0.869152787086851,-0.4771708820767608,1.72097010136436,-0.5851762958934644,0.7686162892674554,0.7605802678698494,-0.16068214930343483,-0.6802902657179898,-0.1461890368232927,-0.1779974764483469,-0.043337978724952785,-0.23410283009710262,-0.33171602703583825,-0.054413211558841997,-0.04872791935195721,-0.09434600596222362,-0.14198601165075547,-0.20532358180210677,-0.0692512000431979,-0.35698690627853663,0.0
C447106,37.98211,-120.63881,-0.3771196553419847,-0.4868430632937933,1.240054090664955,-0.5949097600835258,0.014508590094666587,-0.18781887055902602,-0.16068214930343483,-0.4650425442321601,-0.14183741569372327,-0.17924056419482937,1.759340646223606,-0.23428000642543712,-0.33175286764623396,-0.05284532520415599,-0.043059857887299706,0.7851780485899531,-0.1035914021115295,-0.21075861740015364,-0.0692512000431979,-0.22854275334399182,0.0
C447107,40.2032,-120.77465,-0.882186777331748,-0.5313350968921425,1.3224968353562816,-0.5803095637984337,-0.5703096255903531,-0.21299390443535365,-0.08998532563394321,-0.37894345563782833,-0.11962124466381621,-0.1427174623100824,1.9003322705212586,-0.23383706560460085,-0.3295915518363514,-0.05515360233744372,-0.04872791935195721,-0.101412639280628,-0.13279293612727883,-0.20713526033478905,-0.0692512000431979,-0.3982725268646403,1.0
C447108,35.52108,-118.43152,-0.8756697822092995,-0.5313350968921425,1.7278403300886367,-0.5949097600835258,-0.5703096255903531,-0.20635630642995612,-0.16068214930343483,-0.6802902657179898,-0.11939221197278624,-0.05226803008983379,0.2587869304843029,-0.17131913260656928,-0.13183115523209854,-0.05436965916010072,-0.04872791935195721,0.0017330278091591013,-0.13928216590855647,-0.21148328881322656,-0.0692512000431979,-0.3936852356884066,0.0
C447109,40.76295,-122.4555,-0.869152787086851,-0.529400660648736,0.869061739553986,-0.5949097600835258,-0.5497896881978963,-0.20653570097064256,-0.16068214930343483,-0.6802902657179898,0.013904814206656147,-0.17722794593861965,2.4441571070979187,-0.21890363221640707,0.5767365847123495,-0.0534115063877926,-0.04872791935195721,-0.09774342582684112,-0.14036370420543606,-0.21093978525342189,-0.0692512000431979,-0.46708189450814647,0.0
C447110,40.22,-120.7,1.2977480911272945,0.18634074941166529,0.1339472660563249,-0.18610426410094405,0.1324982301012935,-0.15642482593890247,-0.14654278456953648,0.6542456074941536,-0.0946566813415495,-0.17178203771593453,0.31014816504987636,-0.22535791274859251,-0.32577240855866124,-0.04474457903827829,-0.046082824001783707,0.005130447673776595,-0.1414452425023157,-0.16981468256153398,-0.05972850942105685,-0.3111139945161992,0.0
C447111,37.93601,-120.5499,-0.7876903480562439,-0.5235973519185165,0.10646635115921606,-0.5949097600835258,-0.39589015775447006,-0.20898742636002363,-0.18896087877123147,-0.5511416328264921,-0.14321161183990308,-0.17924056419482937,0.802611767060963,-0.23409017464507872,-0.31947266418099224,-0.052584010811708326,-0.046460694766094206,-0.06315769160503502,-0.14198601165075547,-0.2111209531066901,-0.06766408493950772,-0.3936852356884066,0.0
C447113,61.515,-142.8367,-0.8756697822092995,-0.15412002942787698,-0.9171977287580876,-0.5754428317034029,-0.5549196725460106,-0.21299390443535365,-0.11826405510173986,-0.6802902657179898,-0.09099215828507,-0.17693197266564764,6.0394435266880615,-0.2339129983167442,-0.3315686645942553,-0.05436965916010072,-0.04636622707501658,-0.10433442036419904,-0.14198601165075547,-0.2011567211769375,-0.0692512000431979,-0.40285981804087406,0.0
C447114,60.0493,-147.8995,-0.06104539190322973,-0.5061874257278581,-0.26109088558961446,-0.5851762958934644,1.1790150371165922,-0.19021079776817829,-0.10412469036784153,-0.07759664555766689,-0.1409212849296034,-0.1762808314651092,0.06844823768247181,-0.2339256537687681,-0.3244093059740194,-0.054195449565135605,-0.04438240556238646,-0.037948836209573227,-0.1414452425023157,-0.18376460726318758,-0.05549620247788305,-0.260653791577628,0.0
C447115,40.16657,-120.91775,-0.7485883773215526,0.8750000520643756,-0.3978084372027308,-0.5803095637984337,0.3787374788107755,1.3406226160892754,-0.14654278456953648,-0.5511416328264921,-0.06648566034486324,-0.17699116732024203,1.1047366762702187,-0.2320906132253036,-0.0741141989454624,-0.05389058277394666,-0.04872791935195721,-0.06064360090521808,-0.1446898573929545,-0.1719886968007527,-0.03750889796939439,-0.41203440039334155,0.0
C447116,40.0,-120.9,0.37885177886204796,-0.5235973519185165,0.7453976225169963,-0.5949097600835258,1.102065271894879,-0.14596014439886126,-0.16068214930343483,-0.5080920885293261,-0.13450836958076423,-0.17776069782996928,1.487428227935276,-0.2245099974629917,-0.3173850295919011,-0.0441348454559004,-0.04428793787130883,0.06900194112858547,-0.12954832123664003,-0.21093978525342189,-0.0692512000431979,0.042107426053799024,0.0
C447117,37.87354,-107.74688,-0.8789282797705237,-0.5313350968921425,-0.5139153026430157,-0.5851762958934644,-0.5703096255903531,-0.1638995984675033,-0.16068214930343483,-0.6802902657179898,-0.11068896971364739,-0.1765768047380812,-0.19641459939097566,1.3224038697735248,4.432720472798254,-0.05467452595128967,-0.04872791935195721,-0.07063201530719351,-0.14252678079919529,-0.21347613519917708,-0.0692512000431979,-0.37992336215970535,0.0
C447118,46.0305,-112.51899,-0.6736429334133941,-0.5139251707014841,0.8553212821054317,-0.43430760094751153,-0.5549196725460106,-0.18177925435591655,-0.08998532563394321,-0.6802902657179898,0.015966108425925874,1.0463847591822957,1.6082781916189781,-0.20801994347585906,-0.15025146042996113,-0.05467452595128967,-0.04872791935195721,-0.07790249381747495,-0.13062985953351963,-0.20858460316093488,-0.0692512000431979,0.1567897054596426,2.0
C447119,40.5473,-117.1247,-0.47161608461748883,2.94484683250932,0.5530312182372344,-0.371040083712112,-0.24199062731104382,-0.12144289050505049,-0.18896087877123147,-0.5080920885293261,-0.14504387336814284,-0.1610678052343475,-0.4439253958455049,-0.2339636201248398,-0.33172830723930347,-0.052584010811708326,-0.04617729169286133,-0.09454985115410065,-0.14252678079919529,-0.11981235505950287,-0.06343177799633393,-0.2377173356964593,0.0
C447120,41.81242,-115.98172,-0.895220767576645,-0.5274662244053295,-0.14086188291476334,-0.5851762958934644,-0.5703096255903531,-0.21472805166198908,-0.13240341983563816,-0.6802902657179898,-0.14366967722196303,-0.1778790871391581,4.851085550464989,-0.2341281410011504,-0.3289407010526936,-0.05454386875506583,-0.04872791935195721,0.08666852442459644,-0.12035524571316338,-0.21347613519917708,-0.06766408493950772,-0.46708189450814647,0.0
C447121,46.0407,-112.51919,-0.869152787086851,-0.5313350968921425,-0.3950603457130199,-0.5754428317034029,-0.5703096255903531,-0.08496600056547834,-0.16068214930343483,-0.6802902657179898,-0.10862767549437766,0.06552933255302924,0.852965918595839,-0.23068585805065148,3.278381347065531,-0.05458742115380711,-0.04872791935195721,-0.10528569792629194,-0.13928216590855647,9.642960921858801,-0.06396081636423065,0.07880575546366897,0.0
C447122,46.0149,-112.48509,-0.8333093139133837,-0.5197284794317036,0.7660083086898279,-0.5608426354183107,-0.5703096255903531,-0.19182534863435607,-0.13240341983563816,-0.6802902657179898,-0.1274083561588352,0.5254717987515446,0.3182048292954565,-0.23365988927626635,-0.3015435671217393,-0.05432610676135944,-0.04655516245717183,-0.08952166975446678,-0.13549678186947786,-0.15677059712622152,-0.067135046571611,7.99647032564311,0.0
C447123,40.5199,-117.12124,-0.42599711876034896,-0.4945808082674192,-0.43078553507926143,-0.2542385134313744,-0.5138797977610968,-0.21472805166198908,-0.08998532563394321,-0.2928443670434965,-0.13359223881664437,0.06671322564491731,2.3132363131072413,-0.23128066429577446,-0.3303283640442659,-0.046356017791705575,-0.04589388861962846,-0.036997558647480326,-0.13982293505699628,-0.15314724006085695,-0.05285101063839942,-0.3936852356884066,0.0
C447124,46.023087,-112.522884,-0.8170168261072625,-0.5313350968921425,1.6866189577429738,-0.5511091712282492,-0.5703096255903531,-0.20145285565119397,-0.18896087877123147,-0.6802902657179898,-0.136340631109004,0.9694317082095711,0.25173734926942026,-0.23322960390745398,-0.31542019703746244,-0.05450031635632455,-0.04872791935195721,-0.10032546492395039,-0.14252678079919529,-0.007850621739737563,-0.05919947105316012,0.03293284370133154,0.0
C447125,41.81242,-115.98172,-0.895220767576645,-0.5313350968921425,-0.02406799460205076,-0.5949097600835258,-0.5703096255903531,-0.21472805166198908,-0.14654278456953648,-0.6802902657179898,-0.14366967722196303,-0.17823425506672452,4.488535659413882,-0.2341281410011504,-0.3276758400957737,-0.05515360233744372,-0.04872791935195721,-0.0030233600013053895,-0.10683601700216831,-0.20822226745439842,-0.0692512000431979,-0.46708189450814647,0.0
C447126,36.1,-115.1,-0.44880660168891884,-0.5042529894844516,-0.9048313170543887,-0.2347715850512514,-0.44206001688749796,-0.21347228987718414,-0.13240341983563816,-0.07759664555766689,-0.14023418685651348,0.12413204060148873,4.377756526037155,-0.23297649486697614,-0.3272951537883512,-0.05328084919156877,-0.04183177790329058,-0.0981511162105952,-0.11711063082252456,1.1842338527652065,-0.057083317581573215,1.0788352318826249,0.0
C447127,36.47079,-114.16331,-0.8658942895256265,-0.517794043188297,0.3400541277846412,-0.5949097600835258,-0.5703096255903531,-0.18949321960543258,-0.16068214930343483,-0.42199299993499423,-0.1370277291820939,-0.17651761008348682,3.2296818710419837,-0.23168563876053905,-0.33164234581504676,-0.05389058277394666,-0.04381559941592071,-0.09842290979976462,-0.08953140425209462,0.6878339348102605,-0.06025754778895357,0.6384552789641856,0.0
C447128,46.0227,-112.53259,-0.6377994602399271,-0.525531788161923,-0.7969687260832364,-0.4781081898027882,-0.5549196725460106,-0.17358690366457,-0.07584596090004486,-0.3358939113406624,0.43578303108386035,3.710144215930455,1.225586639953921,-0.22572492085728543,1.424070623814029,-0.05463097355254839,-0.04872791935195721,-0.10324724600752144,-0.1414452425023157,1.0954616046637748,-0.042270243280464914,-0.21936817099152434,0.0
C447129,46.0407,-112.51919,-0.8039828358623653,-0.3765801974196233,0.037764063916444,-0.5316422428481262,-0.4164100951469269,-0.18781887055902602,-0.08998532563394321,-0.5511416328264921,0.15407282111699763,-0.14703867209547386,5.223706271823071,-0.23005308544945682,-0.3282652898621053,-0.05467452595128967,-0.04872791935195721,-0.10365493639127554,-0.1446898573929545,0.39253033398304765,-0.05919947105316012,-0.40285981804087406,0.0
C447130,41.81242,-115.98172,-0.859377294403178,-0.5313350968921425,-0.39231225422330906,-0.55597590332328,-0.5446597038497821,-0.21472805166198908,-0.14654278456953648,-0.4650425442321601,-0.14206644838475324,-0.17776069782996928,2.6153612223164973,-0.2341407964531743,-0.3311265772695066,-0.05454386875506583,-0.04872791935195721,0.07511729688489696,-0.12630370634600122,-0.20333073541615626,-0.0650188931000241,-0.4166216915695753,0.0
C447132,46.0227,-112.53259,-0.6931939187807399,-0.5235973519185165,0.5942525905828978,-0.4781081898027882,-0.5600496568941248,-0.21257531717375203,-0.13240341983563816,-0.5511416328264921,-0.09419861595948957,1.200290861127745,1.2054449793399706,-0.2280914903857534,-0.31664821738398663,-0.05454386875506583,-0.04872791935195721,-0.09611266429182472,-0.13874139676011668,-0.0687230204378624,-0.05338004900629614,-0.3111139945161992,0.0
C447133,46.023087,-112.522884,-0.8756697822092995,-0.529400660648736,0.4224968724759677,-0.5949097600835258,-0.5703096255903531,-0.21299390443535365,-0.14654278456953648,-0.6802902657179898,-0.020679122138869285,-0.1025834864950768,3.3908151559535864,-0.2314072188160134,-0.3220883475190887,-0.05515360233744372,-0.04872791935195721,-0.10528569792629194,-0.1446898573929545,0.2838296220221105,-0.06766408493950772,-0.3936852356884066,0.0
C447134,38.08186,-114.61694,-0.8496018017195052,4.2989522028938625,-0.9295641404617867,-0.5851762958934644,4.52889481643517,0.011907051405188641,-0.18896087877123147,-0.5941911771236579,-0.1448148406771129,-0.10317543304102084,-0.3001441515528201,-0.23297649486697614,-0.2592996672013077,-0.05515360233744372,-0.04872791935195721,-0.10419852356961436,-0.1446898573929545,-0.09879688408038835,-0.06766408493950772,-0.46708189450814647,0.0
C447135,46.0227,-112.53259,-0.7322958895154312,-0.5023185532410451,0.42936710120024474,-0.4927083860878804,-0.5600496568941248,-0.2053397373660664,-0.07584596090004486,-0.5941911771236579,-0.06190500652426384,3.1181976699864196,1.5277115491631768,-0.2273954405244393,-0.3240286196665969,-0.054718078350030945,-0.04872791935195721,-0.10419852356961436,-0.13928216590855647,0.546523009261042,-0.05972850942105685,0.6430425701404193,0.0
C447136,38.98351,-119.19408,-0.1457663284950609,-0.5158596069448906,-0.6849839978775181,-0.27370544181149725,-0.4574499699318406,-0.21191753719123516,-0.07584596090004486,-0.16369573415199873,-0.1416083830026933,-0.17480096510024912,0.7723992761400376,-0.23410283009710262,-0.3318511092739559,-0.05432610676135944,-0.04872791935195721,-0.10236391684272089,-0.1414452425023157,0.3653551559928134,-0.06078658615685029,0.000821805467695334,0.0
C447137,46.0305,-112.51899,-0.5074595577909559,-0.517794043188297,1.0889090587308565,-0.31750603066677385,-0.5446597038497821,-0.2115587481098623,-0.10412469036784153,-0.5511416328264921,-0.13519546765385415,-0.1443157179841313,-0.40165812104713,-0.21966295933784066,-0.31271855227510925,-0.05515360233744372,-0.04674409783932708,-0.10263571043189029,-0.13765985846323706,-0.15749526853929444,-0.062373701260540475,-0.3845106533359391,0.0
C447138,46.0305,-112.51899,-0.40644613339300323,-0.529400660648736,-0.030938223326328063,-0.5705760996083722,-0.5703096255903531,-0.21347228987718414,-0.019288501964451584,-0.24979482274633058,-0.13519546765385415,3.0471640844731356,0.8831784095167646,-0.2252060473243058,-0.33169146662890775,-0.05458742115380711,-0.04872791935195721,-0.10025751652665806,-0.1414452425023157,-0.10242024114575292,-0.050205818798915794,-0.3661614886310041,0.0
C447139,46.023087,-112.522884,-0.5107180553521802,-0.529400660648736,0.33318389906036394,-0.48297492189781893,-0.5703096255903531,-0.20211063563371084,-0.16068214930343483,-0.24979482274633058,0.10368562909040428,0.22476295341197475,1.819765628065457,-0.23115410977553552,-0.10481470760856673,-0.05515360233744372,-0.04872791935195721,-0.1022280200481362,-0.14036370420543606,1.8346264459981474,-0.04438639675205182,-0.3982725268646403,0.0
C447140,46.0407,-112.51919,-0.6117314797501329,-0.52166291567511,-0.3607092020916339,-0.4294408688524808,-0.5549196725460106,-0.2106019772262014,-0.11826405510173986,-0.4650425442321601,0.506783165303151,-0.059963335187106254,4.559031471562709,-0.22843318759039852,-0.330586248317036,-0.05467452595128967,-0.04872791935195721,-0.10372288478856789,-0.1446898573929545,-0.12995775484252367,-0.05549620247788305,-0.4166216915695753,0.0
C447142,46.0149,-112.48509,-0.5367860358419744,-0.529400660648736,1.4736418672903804,-0.5949097600835258,-0.5703096255903531,-0.21472805166198908,-0.18896087877123147,-0.5941911771236579,-0.14023418685651348,1.318680170316552,0.3514385693084746,-0.23406486374103092,-0.3287319375937845,-0.054413211558841997,-0.04598835631070608,-0.0989664969781034,-0.13820062761167687,-0.19916387479098702,-0.06660600820371428,1.629310173030674,0.0
C447143,38.98351,-119.19408,0.3039063349538895,2.2291054224489186,0.25761138309331455,-0.5949097600835258,0.5223770405579734,-0.1771149962980696,-0.13240341983563816,-0.16369573415199873,-0.14321161183990308,-0.17758311386618608,0.1107457249717676,-0.2340775191930548,-0.3307458909620841,-0.043394454677298674,-0.04664963014824946,0.3197315271373565,-0.14090447335387588,-0.11437731946145602,-0.054967164109986325,-0.26524108275386177,0.0
C447144,40.5473,-117.1247,-0.8072413334235895,-0.3939901236102817,0.47745870227018533,-0.47324145770775744,0.4095173848994607,-0.2037251864998886,-0.14654278456953648,-0.5511416328264921,-0.1416083830026933,-0.14922887431546678,-0.43776204769763605,-0.23183750418482577,-0.33101605543831947,-0.05423900196387688,-0.04598835631070608,-0.10005367133478102,-0.1446898573929545,-0.19427234275274485,-0.06607696983581755,-0.46708189450814647,0.0
C447145,36.1,-115.1,-0.8887037724541966,-0.5197284794317036,-0.832693915449478,-0.5949097600835258,-0.5549196725460106,-0.21472805166198908,-0.13240341983563816,-0.6802902657179898,-0.1251180292485355,0.16497635227162719,6.683976666334474,-0.23225513410161422,-0.32051648147553774,-0.054151897166394326,-0.04872791935195721,-0.10243186524001326,-0.10953986274436732,-0.09372418418887796,-0.0692512000431979,-0.46708189450814647,0.0
C447146,41.81242,-115.98172,-0.8854452748929722,-0.5313350968921425,0.1408174947806021,-0.5949097600835258,-0.5703096255903531,-0.21472805166198908,-0.14654278456953648,-0.5941911771236579,-0.14435677529505295,-0.1765768047380812,4.1159149380558,-0.23369785563233803,-0.32814248782745287,-0.054413211558841997,-0.04872791935195721,0.13695033842093535,-0.124140629752242,-0.2047800782423021,-0.06766408493950772,-0.46708189450814647,0.0
C447147,46.0305,-112.51899,-0.8626357919644023,-0.5313350968921425,-0.40811378028914663,-0.5949097600835258,-0.5703096255903531,-0.21472805166198908,-0.13240341983563816,-0.6802902657179898,-0.028695266324918225,0.06197765327736503,6.321426775283367,-0.23259683130625933,-0.3315674365739088,-0.05432610676135944,-0.04872791935195721,-0.10528569792629194,-0.13820062761167687,-0.20858460316093488,-0.0692512000431979,-0.46708189450814647,0.0
C447148,46.0227,-112.53259,-0.869152787086851,-0.5313350968921425,1.2744052342863414,-0.5851762958934644,-0.5703096255903531,-0.21197733537146396,-0.14654278456953648,-0.6802902657179898,-0.12557609463059544,2.4552175385291,0.852965918595839,-0.23187547054089744,-0.32808108681012665,-0.054456763957583275,-0.045799420928550834,-0.1038587815831526,-0.13820062761167687,-0.16021278633831784,-0.06766408493950772,-0.19184442393412188,0.0
C447149,41.81242,-115.98172,-0.8887037724541966,-0.5313350968921425,-0.5180374398775819,-0.5949097600835258,-0.5703096255903531,-0.21472805166198908,-0.14654278456953648,-0.6802902657179898,-0.14366967722196303,-0.17450499182727708,4.146127428976726,-0.23402689738495924,-0.33090553360713226,-0.05428255436261816,-0.04872791935195721,-0.059012839370201686,-0.11548832337720516,-0.21347613519917708,-0.0692512000431979,-0.46708189450814647,1.0
C447150,46.94161,-110.74254,-0.7518468748827768,-0.48877749953719973,-0.12712142546620886,-0.49757511818291117,-0.10348104991196015,4.342491263575376,-0.14654278456953648,-0.6802902657179898,7.114376301517778,-0.06825058683032274,-0.31827164610537545,1.1452275414390225,-0.14411135869734026,-0.05349861118527516,-0.04872791935195721,-0.09774342582684112,-0.14252678079919529,-0.20278723185635159,-0.06554793146792082,-0.38909794451217283,0.0
C447152,46.018,-112.51029,-0.8072413334235895,-0.5274662244053295,-0.5207855313672928,-0.5949097600835258,-0.5703096255903531,-0.21353208805741294,-0.11826405510173986,-0.6802902657179898,-0.12053737542793609,1.519941995937524,0.7824701064470126,-0.2310148998032727,-0.32813020762398765,-0.05467452595128967,-0.04872791935195721,-0.10365493639127554,-0.11278447763500614,1.7259257340372103,-0.06396081636423065,-0.3982725268646403,0.0
C447153,47.51694,-116.14855,1.1445987057497535,-0.5139251707014841,-0.9144496372683768,3.1427404889000794,-0.5446597038497821,-0.21472805166198908,-0.18896087877123147,-0.6802902657179898,4.549210161982116,-0.17604405284673158,-0.36157621642536875,-0.23136925245994172,-0.33120025849029805,-0.05454386875506583,-0.04872791935195721,-0.10528569792629194,-0.14036370420543606,-0.20840343530766667,-0.0692512000431979,-0.38909794451217283,1.0
C447154,47.47957,-115.96382,-0.8887037724541966,0.48037505840945166,-0.6059763675483302,-0.5949097600835258,-0.44206001688749796,0.3192696977812555,-0.13240341983563816,-0.6802902657179898,0.23194393606718733,-0.1695326408413472,-0.4448720538943605,5.207627641108685,-0.32697586849825494,-0.05436965916010072,-0.04872791935195721,-0.10100494889687389,-0.14252678079919529,-0.20586708536191148,-0.06766408493950772,-0.4074471092171078,0.0
C447155,47.52547,-116.20163,0.2582873690967496,-0.21795642546029115,-0.6575030829804093,0.22270123188163776,-0.27790051774784325,-0.08616196417005449,-0.11826405510173986,-0.03454710126050093,-0.0939695832684596,-0.17278834684403938,-0.4148509087492675,3.043545345022977,1.0925051302525022,-0.05371637317898155,-0.046082824001783707,-0.06927304736134651,-0.14252678079919529,-0.17996008234455477,-0.036450821233600945,-0.32946315922113417,0.0
C447156,45.9932,-112.56059,0.8317829398722227,-0.5274662244053295,-0.22330462760608977,0.6509736562443424,-0.4266700638431553,-0.21197733537146396,-0.14654278456953648,0.22375016452249455,-0.12374383310235566,-0.17699116732024203,-0.2910804042765424,-0.23162236150041957,-0.33124937930415904,-0.054413211558841997,-0.04655516245717183,-0.09964598095102689,-0.12251832230692258,-0.0978910448140472,0.02174339923503883,-0.0771621445282783,0.0
C447157,47.53377,-116.13913,-0.8267923187909352,-0.525531788161923,-0.8292588010873394,-0.5754428317034029,-0.5292697508054395,-0.108287290854713,-0.10412469036784153,-0.6802902657179898,0.08146945806049721,-0.1765768047380812,-0.417066491416802,8.447423359225299,-0.2661765811418431,-0.05458742115380711,-0.04872791935195721,-0.10351903959669086,-0.1446898573929545,-0.2060482532151797,-0.06660600820371428,-0.46708189450814647,0.0
C447158,65.067,-147.315,-0.3575686699746391,-0.529400660648736,-0.9027702484371055,-0.32723949485683534,-0.5292697508054395,-0.21030298632505737,-0.18896087877123147,-0.37894345563782833,-0.1448148406771129,-0.15266216428194218,-0.44611076602211847,-0.23306508303114337,-0.3314851592106917,-0.054413211558841997,-0.04589388861962846,-0.10304340081564439,-0.14198601165075547,-0.19137365710045318,-0.05919947105316012,-0.38909794451217283,0.0
C447159,36.17789,-86.93329,-0.8887037724541966,-0.5352039693789555,-0.9364343691860638,-0.5949097600835258,-0.5703096255903531,-0.21472805166198908,-0.08998532563394321,-0.6802902657179898,-0.143898709912993,-0.17924056419482937,-0.44580864111290924,11.307555516625124,0.1371053006566954,-0.05515360233744372,-0.04872791935195721,-0.10528569792629194,-0.1446898573929545,-0.21347613519917708,-0.0692512000431979,-0.46708189450814647,2.0
C447160,39.24,-106.26,-0.8658942895256265,-0.529400660648736,-0.5036099595565998,-0.5949097600835258,-0.5703096255903531,-0.19242333043664414,-0.14654278456953648,-0.6802902657179898,0.024669350685064723,-0.16408673261866208,-0.4455467995249279,1.9678319229920693,-0.30178917119104415,-0.05467452595128967,-0.04674409783932708,-0.10447031715878376,-0.13603755101791765,-0.0674548454649848,-0.0692512000431979,-0.46708189450814647,0.0
C447162,44.35607,-103.76501,-0.2076777821583222,0.18827518565507173,0.3469243565089183,-0.5803095637984337,0.8814759449259679,0.20445719174194646,-0.18896087877123147,-0.37894345563782833,-0.12351480041132569,1.7685595452340188,-0.4448720538943605,-0.2332169484554301,-0.33013188078882205,-0.053585715982757715,-0.04589388861962846,-0.06730254383986836,-0.14252678079919529,-0.2002508819105964,-0.058141394317366674,-0.279002956282563,0.0
C447163,44.35607,-103.76501,0.32019882276001105,-0.0999558146124953,0.8347105959326,-0.5657093675133414,1.3534345049524752,0.031042469078406795,-0.10412469036784153,1.6443851263289697,-0.14435677529505295,12.074348910119674,-0.44542594956124415,-0.23331819207162124,-0.32975119448139956,-0.05423900196387688,-0.04447687325346408,-0.07103970569094761,-0.13820062761167687,-0.20061321761713283,-0.058141394317366674,0.399916137800031,0.0
C447164,39.3141,-119.6463,-0.823533821229711,-0.517794043188297,-0.8759763564124243,-0.5949097600835258,-0.43693003253938373,-0.19242333043664414,-0.14654278456953648,-0.6802902657179898,0.6464931068314326,-0.17557049560997637,-0.3843362929191327,1.6514456223947436,2.701211784199169,-0.054456763957583275,-0.04872791935195721,-0.1038587815831526,-0.1446898573929545,-0.21347613519917708,-0.0692512000431979,-0.46708189450814647,0.0
C447165,39.24889,-106.24311,-0.1457663284950609,-0.4984496807542321,0.4431075586487993,0.15943371464623826,-0.519009782109211,-0.21293410625512485,0.1645232395762266,-0.6802902657179898,-0.1356535330359141,-0.16160055712569713,-0.4375002061096547,-0.22985059821707454,-0.32890386044229786,-0.05467452595128967,-0.04655516245717183,-0.10460621395336844,-0.12630370634600122,-0.09571703057482846,-0.05285101063839942,-0.4074471092171078,0.0
C447166,47.48987,-116.19383,-0.8724112846480752,-0.5313350968921425,-0.43147255795168915,-0.5949097600835258,-0.5703096255903531,-0.20336639741851578,-0.18896087877123147,-0.6802902657179898,-0.11504059084321681,-0.17924056419482937,-0.44571800364014647,0.8516210544847042,6.311591602980239,-0.05458742115380711,-0.04872791935195721,-0.06315769160503502,-0.1446898573929545,-0.21347613519917708,-0.0692512000431979,-0.46708189450814647,0.0
C447167,44.28331,-75.33292,-0.8430848065970566,-0.5003841169976386,-0.7990297947005197,-0.536508974943157,1.5535038945289292,-0.1875796778381108,-0.14654278456953648,-0.5941911771236579,-0.14550193875020279,-0.17047975531485765,-0.44604027020996967,-0.219030186736646,4.813406780220747,-0.05423900196387688,-0.04872791935195721,-0.10161648447250504,-0.1446898573929545,-0.16909001114846106,-0.0692512000431979,0.0925676289923702,0.0
C447168,41.1181,-74.58599,-0.8658942895256265,0.6370643941253774,-0.6987244553260724,-0.5949097600835258,-0.3651102516657848,11.027927813155975,-0.13240341983563816,-0.6802902657179898,-0.1461890368232927,-0.17539291164619314,-0.4461208368524255,-0.23058461443446035,4.113435182701969,-0.0534115063877926,-0.04872791935195721,-0.09835496140247227,-0.1446898573929545,-0.18938081071450266,-0.0692512000431979,-0.4074471092171078,0.0
C447169,47.52547,-116.20163,-0.6052144846276843,-0.13477566699381205,-0.7626175824618504,-0.4781081898027882,-0.37537022036201323,0.02745457826467842,-0.10412469036784153,-0.5080920885293261,0.10368562909040428,-0.17355787735376663,-0.4425759045843702,7.5741971695766805,0.44165434659469044,-0.05371637317898155,-0.04872791935195721,-0.0745730223501498,-0.1446898573929545,-0.2067729246282526,-0.061844662892643745,-0.46708189450814647,1.0
C447170,47.48987,-116.19383,-0.8626357919644023,-0.5313350968921425,-0.4974267537047503,-0.5949097600835258,-0.5703096255903531,-0.2098246008832269,-0.11826405510173986,-0.6802902657179898,0.11055660982130337,-0.14313182489224321,-0.43933309722552416,6.359273775282951,2.148602628263291,-0.05332440159031005,-0.04872791935195721,-0.08823065020591213,-0.1446898573929545,-0.21347613519917708,-0.067135046571611,-0.3661614886310041,0.0
C447172,46.00601,-112.54172,-0.461840591933816,-0.5235973519185165,-0.8752893335399967,-0.44890779723260377,-0.48309989167241163,-0.12802069033021923,-0.14654278456953648,-0.5511416328264921,-0.13931805609239362,-0.1779974764483469,-0.443864970863663,0.7680950711270101,1.6205538792578966,-0.05436965916010072,-0.04872791935195721,-0.10304340081564439,-0.1414452425023157,-0.17235103250728917,-0.047031588591535445,-0.35698690627853663,0.0
C447173,60.77453,-149.54701,0.8969528910967084,-0.18120213683556782,-0.8052130005523692,0.062099072745623554,-0.27277053339972906,-0.18638371423353464,-0.13240341983563816,0.5681465188998219,-0.14550193875020279,0.24607302906596001,-0.44599998688874176,-0.23168563876053905,-0.3303529244511964,-0.05406479236891178,-0.04381559941592071,-0.09971392934831927,-0.14198601165075547,-0.18032241805109125,-0.04174120491256819,-0.09551130923321327,0.0
C447174,44.35607,-103.76501,-0.10992285532159389,-0.2856616939795183,0.5805121331343435,-0.36617335161708126,1.0866753188505365,0.04001219611272782,-0.005149137230553268,-0.2928443670434965,-0.14573097144123276,-0.17716875128402526,-0.44463035396699313,-0.23365988927626635,-0.329824875702191,-0.05389058277394666,-0.04485474401777458,-0.1005972585131198,-0.1446898573929545,-0.19463467845928129,-0.05126389553470925,-0.22395546216775808,0.0
C447175,38.48365,-92.67238,-0.6736429334133941,5.614368848410276,-0.8993351340749669,-0.5657093675133414,-0.4779699073242974,-0.1948750558260252,-0.18896087877123147,-0.5080920885293261,-0.1452729060591728,-0.17924056419482937,-0.4460604118705836,-0.23260948675828322,-0.33086869299673655,-0.054151897166394326,-0.04872791935195721,-0.10365493639127554,-0.1446898573929545,-0.19934504264425523,-0.0650188931000241,-0.4166216915695753,0.0
C447176,36.01729,-91.23233,-0.8267923187909352,3.3704228060587478,-0.9213198659926539,-0.536508974943157,5.0265032982022495,-0.19930012116295692,-0.18896087877123147,-0.6802902657179898,-0.1461890368232927,-0.17924056419482937,-0.445496445373393,-0.23400158648091146,-0.04095764958930971,-0.05463097355254839,-0.04872791935195721,-0.10399467837773729,-0.14198601165075547,-0.19608402128542712,-0.067135046571611,-0.3936852356884066,0.0
C447177,46.0118,-112.47779,-0.8658942895256265,-0.5235973519185165,0.15455795222915658,-0.5949097600835258,-0.5703096255903531,-0.18596512697193301,-0.14654278456953648,-0.6802902657179898,-0.07450180453091217,0.25317638761728845,1.4672865673213256,-0.22905330473956928,0.9083020782738763,-0.054456763957583275,-0.04872791935195721,-0.1044023687614914,-0.14252678079919529,1.4161287049485394,-0.06448985473212737,0.4457890495623684,0.0
C447178,47.52427,-115.83742,-0.8398263090358323,-0.3804490699064363,0.7453976225169963,-0.5608426354183107,-0.041921237734589646,1.8429273300112523,-0.14654278456953648,-0.6802902657179898,-0.08824376599271036,-0.17853022833969653,-0.4450533288398861,2.5752936201389347,0.5460360760492452,-0.054195449565135605,-0.04872791935195721,-0.09740368384037937,-0.1446898573929545,-0.21021511384034894,-0.067135046571611,-0.46708189450814647,0.0
C447179,34.56976,-113.23299,-0.882186777331748,-0.31467823763061564,1.6247868992244785,-0.5949097600835258,0.7840062423117979,-0.16222524942109673,-0.18896087877123147,-0.6802902657179898,-0.1452729060591728,-0.17858942299429093,-0.41746932462908104,-0.23349536839995574,-0.022537344391447115,-0.05158230564065893,-0.04872791935195721,-0.04494752113068526,-0.1446898573929545,-0.21347613519917708,-0.0692512000431979,-0.46708189450814647,0.0
C447180,44.35607,-103.76501,0.15727394469879707,-0.5100562982146711,-0.14086188291476334,-0.536508974943157,0.614716758824029,-0.17777277628058646,-0.11826405510173986,-0.5080920885293261,-0.14573097144123276,2.2657946438270087,-0.4458589952644441,-0.23381175470055307,-0.3307950117759451,-0.05436965916010072,-0.04523261478208508,-0.09495754153785477,-0.1414452425023157,-0.20930927457400783,-0.061315624524747016,-0.1505588033480182,1.0
C447182,39.1857,-121.07493,-0.7518468748827768,-0.533269533135549,-0.02406799460205076,-0.5073085823729726,-0.5600496568941248,-0.21472805166198908,-0.18896087877123147,-0.6802902657179898,0.1930083785920925,-0.17580727422835396,-0.23266958849608632,0.001174678479092691,-0.3311756980833676,-0.054108344767653055,-0.04872791935195721,-0.09563702551077827,-0.126844475494441,-0.21347613519917708,-0.06660600820371428,-0.38909794451217283,0.0
C447183,37.2,-94.3,-0.6703844358521698,0.19988180311551068,-0.9275030718445034,-0.4927083860878804,-0.5343997351535537,-0.21161854629009114,-0.08998532563394321,-0.3358939113406624,-0.1448148406771129,-0.1781750604121301,-0.44516410797326283,-0.2310148998032727,1.5100320480707212,-0.051712962836882766,-0.046838565530404705,-0.09842290979976462,-0.1446898573929545,-0.16383614340368244,-0.057083317581573215,-0.3936852356884066,0.0
C447184,34.56976,-113.23299,1.8484341789741976,-0.245038532867982,0.0446342926407213,-0.5803095637984337,4.0723262094530055,-0.09632765480895163,-0.04756723143224824,1.0847410504658128,-0.1448148406771129,-0.17568888491916515,-0.3989389968642467,-0.2337737883444814,0.2623633760021611,-0.05458742115380711,-0.04872791935195721,-0.1001895681293657,-0.1446898573929545,-0.13539279044057054,0.00851744003762069,-0.42120898274580904,0.0
C447185,34.56976,-113.23299,0.2126684032396098,-0.3378914725514935,-0.12025119674193167,-0.44890779723260377,1.4149943171298458,-0.117257017889034,-0.11826405510173986,0.13765107592816264,-0.1452729060591728,-0.17764230852078047,-0.35563442654425337,-0.2337484774404336,1.3258289960920953,-0.05436965916010072,-0.04589388861962846,-0.07763070022830555,-0.1446898573929545,-0.18159059302396882,-0.03380562939411732,-0.28359024745879674,1.0
C447186,39.95855,-112.07079,-0.8658942895256265,-0.5274662244053295,-0.9336862776963529,-0.5949097600835258,-0.5703096255903531,-0.21472805166198908,-0.10412469036784153,-0.5941911771236579,0.4861702231104537,-0.1681119691310815,-0.3931986235892708,10.725404723526045,-0.32844949291408393,-0.05450031635632455,-0.04872791935195721,-0.10528569792629194,-0.14252678079919529,0.21136248071481903,-0.05285101063839942,-0.46708189450814647,0.0
C447187,47.34377,-115.60241,-0.48139157730116167,-0.5023185532410451,-0.13399165419048617,-0.3467064232369583,-0.19582076817801594,0.21641682778770782,-0.14654278456953648,-0.42199299993499423,-0.08755666791962045,-0.17355787735376663,-0.4458187119432162,2.3981172918044322,1.3626696064878203,-0.0534115063877926,-0.04674409783932708,-0.07002047973156236,-0.1446898573929545,-0.19934504264425523,-0.054967164109986325,-0.38909794451217283,0.0
C447188,44.35607,-103.76501,0.27783835446409527,-0.5139251707014841,0.738527393792719,-0.5413757070381877,1.599673753661957,0.0651274318088267,-0.16068214930343483,1.386087860545974,-0.1452729060591728,-0.08068146429514748,-0.445093612161114,-0.22948359010838165,-0.3300336391611001,-0.05375992557772283,-0.043059857887299706,-0.08585245630067989,-0.1446898573929545,-0.2004320497638646,-0.061844662892643745,0.11550408487353891,1.0
C447189,44.28331,-75.33292,-0.882186777331748,-0.5042529894844516,-0.8148313207663573,-0.5803095637984337,-0.5703096255903531,-0.18542694334987375,-0.13240341983563816,-0.6802902657179898,-0.1189341465907263,-0.17841183903050772,-0.43509327766628764,2.9549571808557253,5.157252477247516,-0.05458742115380711,-0.04872791935195721,-0.10528569792629194,-0.1446898573929545,-0.21347613519917708,-0.0692512000431979,-0.46708189450814647,0.0
C447190,46.023087,-112.522884,-0.8333093139133837,-0.5274662244053295,-0.40399164305458035,-0.5949097600835258,-0.5446597038497821,0.6828426335724007,-0.16068214930343483,-0.6802902657179898,2.968884593875326,-0.16840794240405352,-0.41283674268787246,0.5390313894945463,1.1784665545091944,-0.054151897166394326,-0.04570495323747321,-0.10324724600752144,-0.14036370420543606,-0.205504749655375,-0.06766408493950772,-0.4166216915695753,0.0
C447192,34.584346,-113.21008,2.226419896076214,-0.52166291567511,-0.599106138824053,1.6924543245809203,-0.3292003612289854,-0.2002568920466178,-0.11826405510173986,1.1708401390601448,-0.14550193875020279,-0.17858942299429093,-0.4459294910765929,-0.2336092674681708,-0.3310897366591109,-0.05288887760289727,-0.03833647333341846,-0.08659988867089573,-0.1446898573929545,-0.15206023294124757,0.007459363301827245,0.014583678996396563,0.0
C447193,42.85561,-90.172,-0.5530785236480957,2.809436295470866,-0.4747549989146355,-0.06930269382020633,3.369518353761359,0.08486083128433292,-0.0334278666983499,-0.42199299993499423,-0.14573097144123276,-0.16882230498621434,-0.4458690660947511,-0.2335586456600752,-0.19568821325135555,-0.05040639087464443,-0.04872791935195721,-0.06376922718066617,-0.1446898573929545,-0.19572168557889066,-0.05549620247788305,-0.32487586804490043,0.0
C447194,68.0704,-162.8379,-0.8789282797705237,-0.5390728418657684,0.03089383519216682,-0.5949097600835258,-0.5703096255903531,-0.21341249169695534,-0.18896087877123147,-0.6802902657179898,-0.12695029077677525,-0.16574418294730536,-0.44391532501519787,0.07963848102722947,1.3626696064878203,-0.05288887760289727,-0.04872791935195721,-0.04739366343320985,-0.13928216590855647,-0.19988854620405994,-0.0692512000431979,-0.3982725268646403,1.0
C447195,41.1181,-74.58599,-0.8072413334235895,-0.31467823763061564,1.0889090587308565,-0.5705760996083722,-0.15478089339310222,3.3438616537543027,-0.13240341983563816,-0.5941911771236579,-0.05732435270366444,-0.17053894996945204,0.5458055942330957,-0.22862301937075694,0.3372726171401357,-0.05188717243184788,-0.04872791935195721,-0.09176396686511432,-0.1446898573929545,-0.20260606400308334,-0.06819312330740444,-0.1826698415816544,0.0
C447196,68.0704,-162.8379,-0.895220767576645,-0.5390728418657684,0.46371824482163077,-0.5949097600835258,-0.5703096255903531,-0.2109607663075742,-0.14654278456953648,-0.6802902657179898,-0.12786642154089511,-0.16183733574407475,-0.44442893736085365,-0.027932861175861273,3.2538209401350473,-0.053803477976464106,-0.04872791935195721,-0.06968073774510061,-0.1414452425023157,-0.21130212095995832,-0.0692512000431979,-0.46708189450814647,0.0
C447197,34.56976,-113.23299,1.8679851643415435,-0.27598951276248584,0.24387092564476018,-0.4927083860878804,3.6106276181227273,-0.08795590957691869,0.008990227503345067,1.386087860545974,-0.14298257914887313,-0.17841183903050772,-0.3384133067193258,-0.2326221422103071,0.1383333210032196,-0.05454386875506583,-0.04664963014824946,-0.08795885661674273,-0.1446898573929545,-0.13339994405462002,-0.0052375575276941595,-0.16432067687671942,1.0
C447198,36.97,-94.84,-0.8756697822092995,2.5192708589598922,-0.8519305558774541,-0.5705760996083722,-0.48309989167241163,-0.18901483416360215,-0.18896087877123147,-0.6802902657179898,-0.1448148406771129,-0.17853022833969653,-0.4458187119432162,-0.2328499403467372,4.69060474556833,-0.054456763957583275,-0.04872791935195721,-0.10216007165084386,-0.1446898573929545,-0.21148328881322656,-0.06819312330740444,-0.46708189450814647,1.0
C447199,68.0704,-162.8379,-0.7192618992705341,-0.5390728418657684,-0.8162053665112128,-0.5073085823729726,-0.5703096255903531,-0.21347228987718414,-0.14654278456953648,-0.6802902657179898,-0.10358895629171833,-0.17776069782996928,-0.4434117834998491,-0.12095043355147503,6.213349975258305,-0.05463097355254839,-0.04872791935195721,-0.08150375887396949,-0.1446898573929545,-0.21057744954688543,-0.0692512000431979,-0.27441566510632925,0.0
C447200,34.584346,-113.21008,1.509550432606873,-0.4771708820767608,-0.8031519319350859,1.4296507914492604,-0.3035504394884143,-0.19744637757586392,-0.13240341983563816,0.13765107592816264,-0.1452729060591728,-0.17924056419482937,-0.42472032245010316,-0.23398893102888757,-0.329873996516052,-0.05450031635632455,-0.04872791935195721,-0.09203576045428372,-0.14036370420543606,0.0102661635870853,-0.006824672631384338,-0.2468919180489268,1.0
C447202,34.584346,-113.21008,1.0142588033007822,-0.5061874257278581,-0.7481901021408683,1.2836488285983383,-0.3343303455770996,-0.2115587481098623,-0.08998532563394321,0.5681465188998219,-0.14504387336814284,-0.1763400261197036,-0.3459664294495572,-0.23376113289245748,-0.33083185238634083,-0.0540212399701705,-0.04523261478208508,-0.09645240627828647,-0.1284667829397604,-0.15604592571314857,0.012220708612897773,-0.1826698415816544,0.0
C447203,47.49395,-115.81485,-0.5270105431583015,-0.4636298283729154,-0.3971214143303031,-0.3613066195220505,-0.40102014210258424,0.17216617441839083,-0.16068214930343483,-0.4650425442321601,-0.1274083561588352,-0.17740552990240285,-0.44372397923936535,0.6972245397932092,3.106458498552146,-0.05423900196387688,-0.04872791935195721,-0.08483323034129464,-0.1446898573929545,-0.20441774253576564,-0.05972850942105685,-0.38909794451217283,0.0
C447204,44.35607,-103.76501,0.2648043642191982,0.07414344729408887,-0.08590005312054565,-0.3321062269518661,0.9532957257995669,0.31627978876981516,-0.16068214930343483,1.041691506168647,-0.1448148406771129,-0.1712492858245849,-0.4441570249425653,-0.23382441015257696,-0.329419628987838,-0.052104934425554264,-0.03578584567432259,-0.08184350086043124,-0.1446898573929545,-0.12470388709774505,0.027562821281902794,-0.11844776511438199,0.0
C447205,46.018454,-112.511696,-0.777914855372571,-0.5390728418657684,1.3431075215291135,-0.55597590332328,-0.5703096255903531,-0.21472805166198908,-0.13240341983563816,-0.6802902657179898,-0.14069225223857343,0.05428234818009257,-0.2044712636365558,-0.2330271166750717,-0.32339004908640434,-0.054456763957583275,-0.046838565530404705,-0.08632809508172633,-0.1414452425023157,-0.2047800782423021,-0.06396081636423065,3.294496870003523,1.0
C447206,47.48987,-116.19383,-0.36082716753586336,-0.28953056646633124,-0.11338096801765449,-0.20557119248106695,-0.2984204551403001,-0.16497596571162182,-0.16068214930343483,-0.24979482274633058,-0.1448148406771129,-0.1679343851672983,-0.44075308429880766,-0.2023249900651072,0.6983105990182427,-0.053193744394086216,-0.04617729169286133,-0.09196781205699138,-0.1446898573929545,-0.19572168557889066,-0.05126389553470925,-0.37992336215970535,0.0
C447207,36.96587,-94.85694,-0.859377294403178,-0.4965152445108257,-0.9206328431202262,-0.5754428317034029,-0.5036198290648685,-0.21347228987718414,-0.14654278456953648,-0.6802902657179898,-0.1461890368232927,-0.17924056419482937,-0.44380454588182117,-0.2335713011120991,7.208046455942885,-0.05450031635632455,-0.04872791935195721,-0.10358698799398319,-0.1446898573929545,-0.2047800782423021,-0.067135046571611,-0.42120898274580904,0.0
C447222,32.793831,-108.068326,1.5453939057803399,-0.4539576471558829,-0.18895348398470374,0.7969756190952647,0.5839368527353439,-0.19284191769824577,-0.10412469036784153,1.2569392276544766,-0.1452729060591728,-0.17924056419482937,-0.31726456307467793,-0.2341407964531743,-0.32919858532546364,-0.05053704807086826,-0.038997747170961834,0.07579678085782046,-0.11062140104124693,-0.13919731535920335,-0.007353710999281062,0.37239239074262853,1.0
C447223,58.079,-134.6312,-0.8170168261072625,-0.4172033585311596,-0.879411470774563,-0.5462424391332185,-0.4061501264506985,19.28007668473131,-0.13240341983563816,-0.5511416328264921,-0.1356535330359141,-0.17574807957375957,-0.42310898960098714,-0.2250794928040669,-0.2688782259041963,-0.05371637317898155,-0.04872791935195721,-0.10379083318586026,-0.13982293505699628,-0.19807686767137764,-0.0650188931000241,-0.29735212098749797,0.0
C447224,58.079,-134.6312,-0.7648808651276738,-0.5352039693789555,0.07211520753783003,-0.536508974943157,-0.5703096255903531,-0.21090096812734543,-0.14654278456953648,-0.6802902657179898,-0.13359223881664437,-0.1780566711029413,-0.4333812365141019,-0.20612162567227513,-0.3014207650870869,-0.05367282078024027,-0.04872791935195721,-0.09298703801637662,-0.13765985846323706,-0.20405540682922918,-0.06607696983581755,-0.4074471092171078,1.0
C447225,40.782287,-116.212994,1.186959174045669,-0.5390728418657684,-0.5517015606265402,0.023165215985377633,-0.49335986036864005,-0.21472805166198908,-0.11826405510173986,0.6542456074941536,-0.1452729060591728,-0.13981692423495662,-0.44510368299142095,-0.2328372848947133,-0.33002135895763485,-0.04883850451995842,-0.04107603637466958,-0.09122037968677553,-0.12954832123664003,-0.04136667459435989,-0.030631399186736963,2.8495296259088496,0.0
C447226,32.793831,-108.068326,-0.2272287675256679,-0.09415250588227578,-0.49055652498047314,-0.0060351765848068095,-0.11887100295630279,-0.15756099136324977,-0.13240341983563816,-0.24979482274633058,-0.03213075669036777,-0.17373546131754986,-0.4314677787557766,3.524452521930912,0.46375871283212555,-0.051712962836882766,-0.04589388861962846,-0.0770191646526744,-0.1446898573929545,-0.12995775484252367,-0.058670432685263396,-0.3111139945161992,0.0
C447227,32.793831,-108.068326,1.265163115515052,-0.1695955193751289,-0.8704801734330025,2.4857316560709304,-0.43180004819126955,-0.1958916248899149,-0.13240341983563816,0.1807006202253286,-0.1452729060591728,-0.17924056419482937,-0.4242167809347544,-0.23353333475602742,-0.3310406158452499,-0.05436965916010072,-0.04872791935195721,-0.10358698799398319,2.338522072242619,-0.19209832851352612,-0.050205818798915794,-0.3202885768686667,1.0
C447228,58.079,-134.6312,-0.8561187968419538,-0.5390728418657684,0.05150452136499849,-0.5803095637984337,-0.5600496568941248,-0.20498094828469357,-0.14654278456953648,-0.5941911771236579,-0.0962599101787593,-0.12324242094852363,-0.4240153643286149,0.704817811007545,4.69060474556833,-0.04831587573506308,-0.04598835631070608,-0.1029075040210597,-0.05221833300974824,-0.1408278260386174,-0.06819312330740444,-0.06340027099957707,0.0
C447229,32.793831,-108.068326,-0.859377294403178,-0.533269533135549,0.11333657988349337,-0.5851762958934644,-0.5703096255903531,-0.13639243556225217,-0.18896087877123147,-0.6802902657179898,-0.12969868306913487,0.3745254295358157,-0.4365434772304921,-0.21118380648183233,2.7748930049906195,-0.054151897166394326,-0.04872791935195721,-0.10195622645896679,-0.1446898573929545,-0.1415524974516903,-0.06660600820371428,-0.4074471092171078,0.0
C447230,34.95281,-116.88897,-0.10666435776036953,-0.5313350968921425,-0.9020832255646778,0.7872421549052032,-0.5549196725460106,-0.2122165280923792,-0.14654278456953648,-0.07759664555766689,-0.08755666791962045,-0.1663361294932494,-0.4459496327372069,-0.2330397721270956,-0.3303652046546616,-0.054413211558841997,-0.04523261478208508,-0.104130575172322,-0.14198601165075547,-0.19101132139391672,-0.04756062695943217,-0.3019394121637317,1.0
C447232,68.0704,-162.8379,-0.7388128846378796,-0.52166291567511,0.08585566498638451,-0.5267755107530956,-0.5600496568941248,-0.19349969768076264,-0.10412469036784153,-0.5080920885293261,-0.14137935031166335,-0.17622163681051478,-0.4452849579369465,-0.07096139805709757,-0.3303283640442659,-0.05389058277394666,-0.035219039527856835,-0.10127674248604329,-0.13008909038507982,-0.17977891449128652,-0.062373701260540475,0.32193218780405736,0.0
C447233,68.0704,-162.8379,-0.5824050016991144,-0.5313350968921425,-0.5194114856224374,-0.41970740466241935,-0.5497896881978963,-0.21185773901100632,-0.16068214930343483,-0.37894345563782833,-0.13290514074355445,-0.16213330901704676,-0.4453856662400163,0.18974091363509882,0.09780864956792187,-0.051712962836882766,-0.038997747170961834,-0.08829859860320448,-0.13603755101791765,0.04106469864268415,-0.062373701260540475,0.11550408487353891,0.0
C447234,32.793831,-108.068326,0.21592690080083402,-0.517794043188297,0.1476877235048794,0.10103292950586937,-0.5087498134129826,-0.21472805166198908,0.0372689569711417,1.7304842149233017,-0.1461890368232927,-0.17924056419482937,-0.35563442654425337,-0.23409017464507872,-0.3318511092739559,-0.05428255436261816,-0.046460694766094206,-0.0462385406792399,-0.13711908931479727,-0.1408278260386174,0.21061009657416965,0.03752013487756528,0.0
C447235,58.079,-134.6312,-0.7127449041480853,0.6602776290462553,-0.8800984936469908,-0.45864126142266526,-0.5446597038497821,-0.11606105428445787,-0.16068214930343483,-0.6802902657179898,-0.1356535330359141,-0.1780566711029413,-0.4196849072966156,0.6174951920426831,1.5223122515359628,-0.05467452595128967,-0.04872791935195721,-0.10528569792629194,-0.1414452425023157,-0.20822226745439842,-0.061844662892643745,-0.40285981804087406,0.0
C447236,32.63622,-108.37312,-0.5172350504746288,0.01224148750508113,-0.7399458276717358,-0.4391743330425423,-0.41128011079881266,-0.06702654649683631,-0.16068214930343483,-0.5080920885293261,3.1750140158022986,-0.1781158657575357,-0.16015961028586498,-0.22105505906046888,-0.32483911309530283,-0.054456763957583275,-0.04674409783932708,-0.09917034216998045,0.09378933706899849,-0.1478933723160783,-0.06660600820371428,-0.35698690627853663,1.0
C447237,35.33866,-106.13617,-0.26633073826035925,-0.4771708820767608,2.5591380057261786,0.5049716933934205,-0.5292697508054395,0.0011433789640034114,-0.06170659616614655,-0.16369573415199873,-0.14550193875020279,-0.1781158657575357,-0.4454058079006302,-0.23397627557686368,-0.3307213305551536,-0.054108344767653055,-0.04872791935195721,-0.07301020921242575,-0.10899909359592752,-0.16637249334943763,-0.0523219722705027,0.5467094554395108,0.0
C447238,58.079,-134.6312,0.20615140811716123,-0.4307444122350051,-0.4562053813590871,-0.5705760996083722,-0.4625799542799548,-0.20569852644743924,-0.06170659616614655,0.22375016452249455,-0.029153331706978165,-0.16852633171324233,-0.38927099976955054,-0.108294981527582,0.008163164271657218,-0.05240980121674321,-0.03663605489402121,-0.0978793226214258,-0.11386601593188575,0.13708366087484533,-0.0629027396284372,1.3403108289279484,0.0
C447239,32.63622,-108.37312,1.9657400911782716,-0.529400660648736,-0.8162053665112128,1.380983470498953,-0.32407037688087115,-0.21042258268551498,-0.13240341983563816,0.7403446960884855,-0.1448148406771129,-0.17924056419482937,-0.4446605664579141,-0.23352067930400353,-0.33166690622197725,-0.05454386875506583,-0.04636622707501658,-0.10528569792629194,-0.14252678079919529,-0.18159059302396882,-0.05390908737419287,-0.25147920922516054,1.0
C447240,32.63622,-108.37312,-0.6866769236582912,0.4919816758698907,0.5530312182372344,-0.536508974943157,-0.49335986036864005,-0.18799826509971243,-0.13240341983563816,-0.5511416328264921,-0.14550193875020279,-0.1762808314651092,-0.4317699036649858,-0.23288790670280887,-0.3292108655289289,-0.05463097355254839,-0.04872791935195721,-0.08802680501403508,-0.1046729404084091,-0.18521395008933342,-0.06554793146792082,-0.3753360709834716,1.0
C447242,34.62752,-116.16775,0.2876138471477682,-0.4945808082674192,-0.4871214106183345,-0.1715040678158518,-0.5549196725460106,-0.21472805166198908,-0.14654278456953648,-0.24979482274633058,-0.14023418685651348,-0.17924056419482937,-0.15915252725516746,-0.23352067930400353,-0.3318265488670254,-0.05458742115380711,-0.04664963014824946,-0.10447031715878376,-0.14198601165075547,-0.19209832851352612,-0.057083317581573215,-0.28359024745879674,0.0
C447243,39.2907,-119.661,1.9852910765456173,0.12830766210947053,-0.6767397234083854,1.176580722507662,0.22483794836734922,-0.1558866423168432,-0.06170659616614655,0.8694933289799832,-0.1461890368232927,-0.17864861764888534,-0.4421831422023982,-0.2339636201248398,-0.32535488164084303,-0.054151897166394326,-0.04872791935195721,-0.09563702551077827,-0.1446898573929545,-0.17814840381187247,-0.04808966532732889,0.12926595840224014,0.0
C447244,39.04741,-119.2407,1.7637132423823665,-0.36884245244599734,-0.5681901095648056,-0.5316422428481262,1.102065271894879,-0.1947554594655676,0.0372689569711417,1.558286037734638,-0.1461890368232927,-0.17924056419482937,-0.0765717187379709,-0.2340775191930548,-0.33124937930415904,-0.04984020969100781,-0.020954418175135468,-0.07090380889636291,-0.1446898573929545,-0.12977658698925543,-0.054967164109986325,0.33110677015652484,1.0
C447245,68.0704,-162.8379,-0.882186777331748,-0.5274662244053295,-0.5187244627500097,-0.5705760996083722,-0.5703096255903531,-0.21472805166198908,-0.14654278456953648,-0.6802902657179898,-0.11549865622527676,-0.17278834684403938,-0.44084372177157044,0.01383013050298572,5.280054511899934,-0.054456763957583275,-0.04872791935195721,-0.06934099575863886,-0.1273852446428808,-0.18322110370338288,-0.06660600820371428,-0.4166216915695753,1.0
C447246,41.1149,-116.56177,-0.8756697822092995,-0.533269533135549,-0.9185717745029431,-0.5608426354183107,-0.5703096255903531,-0.21472805166198908,-0.18896087877123147,-0.4650425442321601,-0.1461890368232927,-0.17924056419482937,-0.4462215451554952,-0.23415345190519818,-0.3318756696808864,-0.05454386875506583,-0.04872791935195721,-0.10528569792629194,-0.14198601165075547,-0.10658710177092219,-0.0629027396284372,-0.3982725268646403,0.0
C447247,41.14469,-105.18615,1.4867409496783028,-0.29726831143995724,-0.6121595734001797,0.30056894540212964,-0.2676405490516149,-0.189373623244975,-0.10412469036784153,0.13765107592816264,-0.1452729060591728,-0.17924056419482937,-0.34546288793420843,-0.23397627557686368,-0.33051256709624455,-0.05450031635632455,-0.046460694766094206,-0.0974716322376717,-0.14198601165075547,-0.19445351060601307,-0.05126389553470925,-0.26524108275386177,1.0
C447248,64.992,-147.3614,1.2879725984436219,-0.4868430632937933,-0.9034572713095332,2.115860016848594,-0.4882298760205258,-0.207014086412473,-0.13240341983563816,-0.24979482274633058,-0.1461890368232927,-0.17924056419482937,-0.4460100577190487,-0.2337484774404336,-0.3317651478496992,-0.05450031635632455,-0.04617729169286133,-0.1044023687614914,-0.1446898573929545,-0.11582666228760184,0.0021689796228599937,-0.3753360709834716,0.0
C447249,41.81242,-115.98172,-0.895220767576645,-0.533269533135549,-0.24391531377892145,-0.5705760996083722,-0.5703096255903531,-0.21472805166198908,-0.13240341983563816,-0.6802902657179898,-0.14321161183990308,-0.17823425506672452,4.347544035116229,-0.2339003428647203,-0.3282652898621053,-0.05515360233744372,-0.04872791935195721,0.20014234790282073,-0.13225216697883904,-0.21057744954688543,-0.06396081636423065,-0.46708189450814647,1.0
C447250,38.6107,-120.90522,1.0044833106171096,0.5538836356588983,-0.34971683613279037,-0.5316422428481262,0.7173164457863133,0.0776850496568761,0.06554768643893837,3.667713708295768,-0.1461890368232927,-0.11974993632745382,-0.44523460378541163,-0.2341281410011504,-0.3311265772695066,-0.046399570190446854,-0.02256036892345509,-0.07695121625538205,-0.13333370527571864,-0.20224372829654688,-0.06448985473212737,0.5191857083821083,1.0
C447252,40.25741,-116.74343,-0.6638674407297214,-0.4442854659388505,-0.03780845205060525,-0.38564027999720424,-0.3343303455770996,-0.19523384490739804,-0.07584596090004486,0.3528987974139923,-0.14550193875020279,-0.17793828179375248,-0.4413271216263053,-0.23187547054089744,-0.24124776810740237,-0.054456763957583275,-0.045799420928550834,-0.10195622645896679,-0.13387447442415845,-0.1719886968007527,-0.05338004900629614,0.3494559348614598,0.0
C447253,40.91184,-116.32399,1.4508974765048361,0.5500147631720854,-0.3462817217706518,-0.40510720837732717,0.3325676196777476,-0.11606105428445787,-0.10412469036784153,2.634524645163786,-0.1461890368232927,-0.019119023516967815,-0.4427672503602027,-0.2340775191930548,-0.33042660567198784,-0.05423900196387688,-0.04494921170885221,-0.08442553995754053,-0.1446898573929545,-0.20840343530766667,-0.067135046571611,1.454993108333792,0.0
C447254,40.25741,-116.74343,0.5873956227804018,3.0028799198115146,-0.7701748340585555,-0.5705760996083722,2.528200920670629,0.1500408477337323,-0.11826405510173986,0.39594834171115817,-0.1461890368232927,-0.17924056419482937,-0.44597984522812784,-0.2341407964531743,-0.3186130499384253,-0.053847030375205385,-0.03644711951186596,-0.1038587815831526,-0.1446898573929545,-0.11329031234184662,-0.03433466776201404,0.15220241428340886,1.0
C447255,32.77541,-108.10621,-0.8496018017195052,-0.529400660648736,-0.4555183584866594,-0.5608426354183107,-0.5703096255903531,-0.13160858114394763,-0.13240341983563816,-0.6802902657179898,0.01092738922326654,-0.17924056419482937,-0.24878291698724664,2.5626381681150416,3.6590676544880245,-0.05515360233744372,-0.04872791935195721,-0.04066677210126722,-0.1446898573929545,-0.20749759604132553,-0.06660600820371428,-0.41203440039334155,0.0
C447256,40.91184,-116.32399,-0.6377994602399271,-0.5197284794317036,-0.896587042585256,-0.4537745293276345,-0.539529719501668,-0.21472805166198908,-0.13240341983563816,-0.4650425442321601,-0.14573097144123276,-0.12720846280634868,-0.44604027020996967,-0.2337484774404336,-0.33139674174574196,-0.054108344767653055,-0.045799420928550834,-0.10331519440481379,-0.1414452425023157,-0.1471687009030054,-0.058670432685263396,-0.34781232392606914,0.0
C447257,39.48396,-119.46595,2.102596988749691,-0.35143252625533894,-0.6657473574495418,0.5731059427238508,0.07093841792392294,-0.1647367729907066,-0.06170659616614655,1.6013355820318038,-0.1461890368232927,-0.1781158657575357,-0.4457079328098395,-0.2339256537687681,-0.33078273157247984,-0.053803477976464106,-0.04400453479807596,-0.0935306251947154,-0.1446898573929545,-0.16582898978963295,-0.04068312817677474,0.16137699663587635,1.0
C447258,33.3212,-107.70393,-0.8496018017195052,-0.4945808082674192,-0.7371977361820248,-0.5608426354183107,-0.5549196725460106,-0.19314090859938982,-0.14654278456953648,-0.6802902657179898,0.5640413380606434,-0.17924056419482937,2.2628821615723655,0.3238887050883649,0.2992039863978863,-0.05515360233744372,-0.046838565530404705,-0.0995100841564422,-0.1446898573929545,-0.21347613519917708,-0.06766408493950772,-0.46708189450814647,1.0
C447259,41.14469,-105.18615,0.19963441299471266,-0.40946561355753364,-0.42803744358955054,-0.2493717813363436,-0.38563018905824165,-0.19625041397128778,-0.14654278456953648,-0.24979482274633058,-0.14435677529505295,-0.17924056419482937,-0.3263283103509556,-0.2339256537687681,-0.33089325340366704,-0.054456763957583275,-0.04674409783932708,-0.09665625147016352,-0.14252678079919529,-0.2060482532151797,-0.05919947105316012,-0.19184442393412188,1.0
C447260,41.1149,-116.56177,-0.7485883773215526,-0.5119907344580776,-0.9288771175893589,-0.5316422428481262,-0.5446597038497821,-0.21269491353420963,-0.14654278456953648,4.48565504994192,-0.14573097144123276,-0.17924056419482937,-0.4461006951918115,-0.23400158648091146,-0.3318633894774211,-0.05467452595128967,-0.04872791935195721,-0.1044023687614914,-0.14036370420543606,-0.05749061353523221,0.02333051433872899,-0.30652670333996546,1.0
C447262,33.3212,-107.70393,0.16704943738246986,-0.40559674107072063,-0.8004038404453752,0.12536658998102307,-0.2676405490516149,-0.019785984116078948,-0.10412469036784153,0.2667997088196604,-0.13496643496282418,-0.17924056419482937,-0.3586556756363459,-0.22191562979809362,-0.30645564850783596,-0.053193744394086216,-0.03975348869958283,-0.09930623896456515,-0.1446898573929545,-0.18485161438279696,-0.05919947105316012,-0.22854275334399182,0.0
C447263,32.7076,-110.68758,0.09536249103553565,-0.42494110350478553,-0.7928465888486702,0.3151691416872218,-0.37537022036201323,-0.17723459265852723,-0.04756723143224824,0.8264437846828174,-0.14573097144123276,-0.17858942299429093,-0.44587913692505804,-0.23115410977553552,-0.32733199439874694,-0.054456763957583275,-0.04655516245717183,-0.1018203296643821,-0.1446898573929545,-0.15695176497948973,0.01698205392396829,-0.20101900628658936,1.0
C447264,40.91184,-116.32399,0.27132135934164675,1.4166422002181929,-0.827884755342484,0.164300446741269,1.743313315409155,-0.19912072662227048,-0.10412469036784153,0.3528987974139923,-0.1461890368232927,-0.07535394538165117,-0.44599998688874176,-0.23400158648091146,-0.33158094479772054,-0.05389058277394666,-0.043059857887299706,-0.1008690521022892,-0.14090447335387588,-0.07470155959571394,-0.026928130611459888,-0.12303505629061573,0.0
C447265,38.08186,-114.61694,-0.6964524163419641,-0.5061874257278581,-0.9020832255646778,-0.5754428317034029,0.07606840227203715,0.21223095517169135,-0.13240341983563816,-0.5511416328264921,-0.05892758154087423,-0.1743866025180883,-0.4327769866956833,1.373025677869097,4.322198641611078,-0.05515360233744372,-0.04872791935195721,-0.10453826555607611,-0.14252678079919529,0.5048544030093495,-0.054967164109986325,-0.17808255040542065,1.0
C447266,45.8988,-112.01417,0.5613276422906076,-0.48877749953719973,0.06524497881355285,0.4076370514928057,-0.052181206430818076,-0.20486135192423593,-0.07584596090004486,0.3098492531168264,-0.14573097144123276,-0.1715452590975569,-0.44404624580918856,-0.22890143931528256,-0.30277158746826344,-0.05010152408345548,-0.04013135946389333,-0.08374605598461704,-0.13874139676011668,-0.15079205796836997,-0.03274755265832387,0.17055157898834383,1.0
C447267,38.14883,-118.08814,-0.31520820167872343,-0.4500887746690699,0.6973060214470559,-0.31263929857174316,-0.5292697508054395,2.309353135795945,0.3483349811169048,-0.20674527844916463,-0.14412774260402297,0.11170116313666399,-0.44494254970650937,-0.2337484774404336,0.05605595778609997,-0.04343800707603995,-0.03965902100850521,-0.01321561959515787,-0.13928216590855647,-0.15278490435432046,-0.05443812574208959,-0.008352776884772152,1.0
C447268,45.8988,-112.01417,1.0794287545252679,-0.29920274768336375,-0.7701748340585555,0.33950280216237544,-0.07270114382327493,-0.1901509995879495,-0.13240341983563816,0.6111960631969877,-0.1461890368232927,-0.17924056419482937,-0.4453655245794023,-0.2341281410011504,-0.3312370991006938,-0.053542163584016436,-0.03890327947988421,-0.09794727101871815,-0.14252678079919529,-0.14879921158241946,-0.016876401621422107,-0.13679692981931696,0.0
C447269,40.91184,-116.32399,1.665958315545638,-0.0535293447707395,-0.3936862999681645,-0.5121753144680034,-0.26251056470350065,-0.18249683251866222,0.17866260431012496,1.2569392276544766,-0.1461890368232927,0.3763012691736478,-0.44501304551865817,-0.23405220828900702,-0.33099149503138897,-0.054108344767653055,-0.04532708247316271,-0.09346267679742307,-0.13820062761167687,-0.20514241394883856,-0.06396081636423065,-0.10468589158568076,1.0
C447270,40.783442,-116.224342,0.8545924228007928,-0.5235973519185165,-0.9275030718445034,-0.010901908679837551,-0.5241397664573253,-0.2132928953364977,-0.11826405510173986,0.6111960631969877,-0.14573097144123276,-0.16574418294730536,-0.44599998688874176,-0.23188812599292133,-0.3309792148279237,-0.05428255436261816,-0.038619876406651335,-0.1034510911993985,-0.13928216590855647,-0.055135431442745256,-0.03750889796939439,2.0880392906540486,0.0
C447272,38.74936,-117.97066,-0.8658942895256265,-0.5390728418657684,-0.8952129968404007,-0.5219087786580647,-0.5703096255903531,-0.21472805166198908,-0.18896087877123147,1.902682392111965,-0.11183413316879724,-0.17716875128402526,-0.44605034104027663,-0.23386237650864863,-0.3318879498843516,-0.0540212399701705,-0.04438240556238646,-0.1038587815831526,-0.14090447335387588,-0.1795977466380183,-0.06448985473212737,-0.3936852356884066,1.0
C447273,38.74936,-117.97066,-0.869152787086851,-0.533269533135549,-0.7646786510791337,-0.371040083712112,-0.5703096255903531,-0.21472805166198908,-0.16068214930343483,6.724231353394548,-0.11526962353424679,-0.1761624421559204,-0.4454561620521651,-0.23257152040221155,-0.3319370706982126,-0.05454386875506583,-0.04598835631070608,-0.10297545241835204,-0.13171139783039923,-0.13176943337520597,-0.062373701260540475,-0.34781232392606914,0.0
C447274,38.74936,-117.97066,-0.8658942895256265,-0.533269533135549,-0.8010908633178029,-0.40510720837732717,-0.5703096255903531,-0.21472805166198908,-0.18896087877123147,1.2138896833573107,-0.1461890368232927,-0.17480096510024912,-0.4454561620521651,-0.23052133717434087,-0.3318265488670254,-0.054108344767653055,-0.04457134094454171,-0.10392672998044494,-0.13711908931479727,-0.18104708946416415,-0.061844662892643745,-0.3845106533359391,1.0
C447275,39.48396,-119.46595,0.1409814568926756,2.2484497848829834,-0.8855946766264124,0.5098384254884512,-0.3651102516657848,-0.18088228165248443,-0.14654278456953648,-0.12064618985483284,-0.13931805609239362,-0.17858942299429093,-0.4461006951918115,-0.2339636201248398,-0.33160550520465104,-0.054413211558841997,-0.046460694766094206,-0.10175238126708976,-0.14090447335387588,-0.2004320497638646,-0.06396081636423065,-0.2927648298112642,0.0
C447276,41.14469,-105.18615,-0.6084729821889086,-0.44815433842566343,-0.7598694909721396,-0.4927083860878804,-0.5292697508054395,-0.20396437922080385,-0.16068214930343483,-0.4650425442321601,-0.14412774260402297,-0.17924056419482937,-0.25482541517143176,-0.23386237650864863,-0.32574784815173075,-0.05432610676135944,-0.04872791935195721,-0.09767547742954877,-0.13549678186947786,-0.20695409248152083,-0.0629027396284372,-0.3753360709834716,1.0
C447277,32.7076,-110.68758,1.0501022764742494,-0.46169539212950883,-0.7942206345935257,1.7946556985765658,-0.3651102516657848,-0.15780018408416502,-0.08998532563394321,0.7403446960884855,-0.1452729060591728,-0.15840404577759934,-0.43438831954479934,-0.05071267481886873,-0.3160342072107245,-0.054456763957583275,-0.03928115024419471,-0.10175238126708976,-0.13603755101791765,-0.059845795627719196,-0.02057967019669919,10.932336678432705,0.0
C447278,32.77541,-108.10621,0.23221938860695548,-0.5197284794317036,-0.3902511856060259,-0.27370544181149725,-0.47283992297618327,-0.05387094684649881,-0.18896087877123147,-0.6802902657179898,-0.1317599772884046,-0.17924056419482937,-0.33438497459653577,-0.07855466927143338,1.792476727771281,-0.05463097355254839,-0.04428793787130883,-0.06315769160503502,-0.14036370420543606,-0.18992431427430734,-0.06607696983581755,-0.33863774157360166,0.0
C447279,39.31939,-119.59515,1.3759520325966774,-0.5061874257278581,-0.742006896289019,1.7021877887709815,-0.24712061165915802,-0.18429077792552642,-0.06170659616614655,0.5681465188998219,-0.14435677529505295,-0.17793828179375248,-0.4455770120158488,-0.23383706560460085,-0.3307213305551536,-0.053803477976464106,-0.04485474401777458,-0.09869470338893402,-0.13982293505699628,-0.1872067964752839,-0.05285101063839942,-0.1413842209955507,1.0
C447280,41.79268,-117.54128,-0.6801599285358427,-0.533269533135549,-0.9247549803547926,-0.5219087786580647,-0.5497896881978963,-0.21203713355169276,-0.18896087877123147,-0.5080920885293261,-0.1452729060591728,-0.1581080725046273,-0.4461208368524255,-0.2333688138797168,-0.3317897082566297,-0.05436965916010072,-0.046082824001783707,-0.10528569792629194,-0.1446898573929545,-0.20930927457400783,-0.06660600820371428,-0.4166216915695753,0.0
C447282,40.32909,-114.55226,-0.8626357919644023,0.31014466898968057,-0.7701748340585555,-0.5754428317034029,-0.5446597038497821,-0.20850904091819314,-0.18896087877123147,-0.6802902657179898,-0.14435677529505295,-0.1781750604121301,-0.35069971969383557,-0.22744606233253487,-0.3317897082566297,-0.053803477976464106,-0.04872791935195721,-0.10406262677502964,-0.1446898573929545,-0.18104708946416415,-0.061844662892643745,-0.46708189450814647,0.0
C447283,40.14991,-116.59282,0.14423995445389995,2.0163174356742046,-0.8787244479021353,0.08643273322077714,1.3944743797373889,-0.2044427646626343,-0.13240341983563816,0.1807006202253286,-0.1461890368232927,-0.17758311386618608,-0.44597984522812784,-0.23398893102888757,-0.33170374683237297,-0.05423900196387688,-0.04438240556238646,-0.10304340081564439,-0.1446898573929545,-0.17162636109421625,-0.03539274449780749,-0.2881775386350305,0.0
C447284,41.81242,-115.98172,-0.8170168261072625,-0.5313350968921425,0.9927258565909758,-0.536508974943157,-0.5703096255903531,-0.21472805166198908,-0.18896087877123147,-0.6802902657179898,-0.1448148406771129,-0.16870391567702556,-0.4421428588811703,-0.23330553661959735,-0.32615309486608374,-0.05375992557772283,-0.04872791935195721,-0.06329358839961972,-0.13333370527571864,-0.20496124609557032,-0.06448985473212737,-0.28359024745879674,1.0
C447285,32.7076,-110.68758,-0.8887037724541966,-0.5352039693789555,-0.9343733005687807,-0.5754428317034029,-0.5703096255903531,-0.2131732989760401,-0.11826405510173986,-0.6802902657179898,-0.1452729060591728,-0.17924056419482937,-0.25986083032491936,7.3970208412421785,-0.3311511376764371,-0.05515360233744372,-0.04872791935195721,-0.10528569792629194,-0.13765985846323706,-0.1978956998181094,-0.067135046571611,-0.46708189450814647,0.0
C447286,43.01348,-116.83347,-0.15554182117873383,-0.5274662244053295,-0.8093351377869354,-0.1812375320059133,-0.5036198290648685,-0.21185773901100632,-0.18896087877123147,0.22375016452249455,-0.136340631109004,-0.16580337760189978,-0.4460301993796627,-0.23317898209935842,-0.33099149503138897,-0.054413211558841997,-0.04617729169286133,-0.10236391684272089,-0.14198601165075547,-0.17651789313245841,-0.05179293390260596,-0.29735212098749797,1.0
C447287,31.50375,-110.71928,0.880660403290587,0.08381562851112127,-0.7262053702231813,0.9332441177561253,-0.49335986036864005,-0.12562876312106697,-0.10412469036784153,0.4820474303054901,-0.14573097144123276,-0.17858942299429093,-0.4461006951918115,-0.23214123503339917,-0.3290512228838808,-0.05436965916010072,-0.045516017855317954,-0.10066520691041214,-0.1446898573929545,-0.1795977466380183,-0.03539274449780749,-0.21936817099152434,0.0
C447288,41.67161,-114.27448,-0.7616223675664496,-0.42494110350478553,-0.7804801771449713,-0.48297492189781893,-0.39589015775447006,-0.21030298632505737,-0.10412469036784153,-0.4650425442321601,0.38539583905726704,-0.17355787735376663,-0.41434736723391874,3.258688029429158,0.23043484699253258,-0.053585715982757715,-0.04561048554639558,-0.10528569792629194,-0.12954832123664003,-0.11691366940721121,-0.06343177799633393,-0.40285981804087406,1.0
C447289,36.90216,-116.88059,1.2749386081987248,-0.52166291567511,-0.9048313170543887,3.14760722099511,-0.5036198290648685,-0.20886782999956602,-0.18896087877123147,-0.2928443670434965,-0.1452729060591728,-0.17853022833969653,-0.44595970356751385,-0.23296383941495225,-0.3308564127932713,-0.05458742115380711,-0.04872791935195721,-0.10528569792629194,-0.1446898573929545,-0.16764066832231522,0.05560185478042923,-0.46708189450814647,0.0
C447290,43.01348,-116.83347,0.09536249103553565,-0.5274662244053295,-0.8828465851367016,-0.5219087786580647,-0.5549196725460106,-0.21114016084826065,-0.18896087877123147,-0.6802902657179898,-0.009914585660460707,-0.17119009116999048,-0.44597984522812784,-0.2336092674681708,-0.33164234581504676,-0.054413211558841997,-0.04872791935195721,-0.10528569792629194,0.42419928676571794,-0.1969898605517683,-0.04438639675205182,-0.3661614886310041,0.0
C447292,37.99133,-117.27009,0.22570239348450694,-0.517794043188297,-0.8910908596058342,0.7239746376698037,-0.5497896881978963,-0.21215672991215037,-0.14654278456953648,-0.3358939113406624,-0.1425245137668132,-0.17699116732024203,-0.4460201285493557,-0.23384972105662474,-0.33171602703583825,-0.053803477976464106,-0.04362666403376546,-0.10372288478856789,-0.13982293505699628,-0.167459500469047,-0.035921782865704216,-0.40285981804087406,0.0
C447293,41.81242,-115.98172,-0.859377294403178,-0.5139251707014841,-0.3668924079434834,-0.5705760996083722,-0.5600496568941248,-0.20689449005201538,0.1645232395762266,-0.5941911771236579,-0.12855351961398503,-0.17622163681051478,2.5347945798606957,-0.2339509646728159,-0.33009504017842634,-0.05428255436261816,-0.04872791935195721,-0.0989664969781034,-0.12900755208820022,-0.17760490025206782,-0.05919947105316012,-0.46708189450814647,1.0
C447294,40.42629,-118.78429,-0.5335275382807501,-0.3243504188476481,-0.8168923893836404,-0.3953737441872657,-0.539529719501668,-0.20719348095315943,-0.18896087877123147,-0.6802902657179898,21.70375872012685,-0.1778198924845637,-0.2759741588160797,-0.1734705594506311,-0.2972454959089047,-0.053847030375205385,-0.04400453479807596,-0.10419852356961436,-0.11765139997096437,-0.21347613519917708,-0.06660600820371428,-0.46708189450814647,0.0
C447295,40.14991,-116.59282,-0.4422896065664704,0.8459835084132784,-0.9000221569473945,-0.27370544181149725,1.5586338788770433,-0.20605731552881207,-0.16068214930343483,-0.3358939113406624,-0.14504387336814284,-0.17101250720620728,-0.445909349415979,-0.23400158648091146,-0.33177742805316446,-0.054151897166394326,-0.04561048554639558,-0.10406262677502964,-0.1414452425023157,-0.16274913628407306,-0.05972850942105685,0.7302011024888605,1.0
C447296,40.14991,-116.59282,1.4117955057701443,-0.5197284794317036,-0.8361290298116165,0.9235106535660638,-0.5549196725460106,-0.1948152576457964,-0.18896087877123147,-0.4650425442321601,-0.14550193875020279,-0.17349868269917224,-0.44611076602211847,-0.2326601085663788,-0.3314213021526724,-0.05467452595128967,-0.04872791935195721,-0.10528569792629194,-0.1446898573929545,-0.11165980166243257,0.02174339923503883,-0.46708189450814647,1.0
C447297,41.1149,-116.56177,-0.7648808651276738,-0.46169539212950883,-0.930938186206642,-0.5511091712282492,-0.5497896881978963,-0.20856883909842197,-0.18896087877123147,0.09460153163099681,-0.1461890368232927,-0.17924056419482937,-0.4460201285493557,-0.23409017464507872,-0.3317897082566297,-0.053803477976464106,-0.04457134094454171,-0.10528569792629194,-0.13982293505699628,-0.03937382820840935,-0.04015408980887802,-0.3936852356884066,1.0
C447298,32.77541,-108.10621,0.8154904520661015,-0.28953056646633124,-0.8656710133260085,0.5974396031990045,-0.4164100951469269,-0.19792476301769435,-0.18896087877123147,-0.2928443670434965,-0.1461890368232927,-0.17924056419482937,-0.4460805535311976,-0.23403955283698313,-0.33128621991455476,-0.054456763957583275,-0.04655516245717183,-0.10372288478856789,-0.1446898573929545,-0.1770613966922631,-0.03327659102622059,-0.3202885768686667,1.0
C447299,32.793831,-108.068326,1.2097686569742392,-0.5061874257278581,-0.4362817180586832,0.534172085963605,-0.5446597038497821,-0.21472805166198908,0.093826415906735,-0.24979482274633058,-0.14573097144123276,-0.17924056419482937,-0.29812998549142505,-0.2341281410011504,-0.3319002300878168,-0.054151897166394326,-0.04211518097652346,-0.06159487846731098,-0.07763448298641897,-0.17289453606709387,-0.03803793633729112,0.2714719848654862,1.0
C447300,39.31129,-119.64767,2.22316139851499,-0.4674987008597284,-0.7186481186264764,4.958031560346544,-0.08296111251950336,-0.17843055626310333,-0.0334278666983499,0.9555924175743151,-0.1461890368232927,-0.17924056419482937,-0.44604027020996967,-0.23401424193293535,-0.3311020168625761,-0.054195449565135605,-0.04570495323747321,-0.0955690771134859,-0.14252678079919529,-0.17887307522494542,-0.046502550223638715,-0.09551130923321327,0.0
C447302,38.14883,-118.08814,0.02041704712737724,-0.29533387519655074,-0.9027702484371055,-0.0060351765848068095,-0.48309989167241163,-0.21233612445283678,0.5462860873914813,0.22375016452249455,-0.1400051541654835,-0.1742682132088995,-0.44595970356751385,-0.23196405870506467,-0.32736883500914266,-0.05436965916010072,-0.020859950484057845,-0.10528569792629194,-0.1446898573929545,-0.07415805603590926,-0.04491543511994854,0.042107426053799024,1.0
C447303,33.3212,-107.70393,0.2941308422702168,-0.39205568736687524,-0.4617015643385089,1.4637179161144753,-0.40102014210258424,-0.13758839916682833,-0.06170659616614655,0.39594834171115817,-0.08366311217211096,-0.17924056419482937,0.6515493124563353,1.0566393772717713,0.6491897851572758,-0.053847030375205385,-0.04249305174083396,-0.08048453291458424,-0.1446898573929545,0.4378222973001048,-0.05972850942105685,-0.2560665004013943,0.0
C447304,64.992,-147.3614,-0.8724112846480752,-0.529400660648736,-0.9350603234412084,-0.5657093675133414,-0.5600496568941248,-0.21472805166198908,-0.18896087877123147,-0.6802902657179898,-0.1395470887834236,-0.17841183903050772,-0.44593956190689993,-0.23307773848316726,-0.3318633894774211,-0.05423900196387688,-0.04589388861962846,-0.10528569792629194,-0.1252221680491216,0.6117434364376043,-0.06766408493950772,-0.2927648298112642,1.0
C447305,38.14883,-118.08814,1.5519109009027883,-0.41526892228775314,-0.7839152915071098,1.2057811150778466,-0.34459031427332804,6.543064295995467,0.07968705117283667,1.3430383162488087,-0.14366967722196303,-0.17225559495268974,-0.44593956190689993,-0.23217920138947087,-0.27219388083981155,-0.0449187886332434,-0.03701392565833171,-0.044403933952346465,-0.13603755101791765,-0.1306824262555966,-0.031689475922530415,0.3586305172139273,0.0
C447306,39.9076,-116.4525,-0.6377994602399271,-0.52166291567511,-0.8931519282231174,-0.4391743330425423,-0.5446597038497821,-0.21353208805741294,-0.14654278456953648,-0.07759664555766689,-0.14458580798608292,-0.1478082026052011,-0.44574821613106735,-0.23384972105662474,-0.3310528960487152,-0.054151897166394326,-0.04494921170885221,-0.10372288478856789,-0.14198601165075547,-0.18032241805109125,-0.05338004900629614,-0.32946315922113417,0.0
C447307,34.95281,-116.88897,0.37885177886204796,-0.5100562982146711,-0.9268160489720757,1.7751887701964428,-0.5497896881978963,-0.2131732989760401,-0.16068214930343483,0.4820474303054901,-0.1303857811422248,-0.17574807957375957,-0.44604027020996967,-0.2323184113617337,-0.33088097320020177,-0.05450031635632455,-0.04523261478208508,-0.10460621395336844,-0.1446898573929545,-0.16764066832231522,-0.04544447348784526,-0.2560665004013943,1.0
C447308,32.77541,-108.10621,-0.8007243383011411,2.1323836102785942,-0.37994584251961017,-0.45864126142266526,0.686536539697628,3.4455185601432743,-0.13240341983563816,-0.5941911771236579,-0.13221804267046455,-0.17858942299429093,-0.4447612747609838,-0.1722050142482418,-0.22626591987980746,-0.05450031635632455,-0.04872791935195721,-0.1007331553077045,-0.14252678079919529,-0.20749759604132553,-0.06554793146792082,-0.40285981804087406,0.0
C447309,33.3212,-107.70393,-0.18812679679097652,-0.4442854659388505,-0.7873504058692484,0.548772282248697,-0.49335986036864005,-0.1638398002872745,-0.13240341983563816,-0.07759664555766689,0.37394420450576854,-0.17924056419482937,-0.12289753815005677,0.3150298886716398,0.5755085643658253,-0.05406479236891178,-0.04485474401777458,-0.08014479092812249,-0.12630370634600122,-0.004227264674373003,-0.06448985473212737,-0.3019394121637317,1.0
C447310,40.783747,-116.214894,3.7025192913108125,-0.4868430632937933,-0.7213962101161873,0.6461069241493118,-0.37537022036201323,-0.21472805166198908,-0.08998532563394321,2.2470787464892927,-0.14344064453093305,0.04007563107743572,-0.4452144621247977,-0.23187547054089744,-0.3230830439997733,-0.046356017791705575,-0.03238500879552809,-0.09183191526240667,-0.1230590914553624,-0.018720692935831305,0.031795128225076595,0.6384552789641856,0.0
C447312,58.079,-134.6312,-0.5107180553521802,2.0163174356742046,-0.9103275000338104,-0.3467064232369583,2.8616499032980522,0.5572664550919065,-0.11826405510173986,-0.4650425442321601,8.99244436796353,0.3348650109575653,-0.42472032245010316,-0.1157616982216789,-0.24333540269649348,-0.05515360233744372,-0.045421550164240335,-0.10419852356961436,-0.13441524357259824,-0.09064433068331805,-0.067135046571611,0.8173596348373016,0.0
C447313,38.6107,-120.90522,0.3560422959334781,0.8034259110583355,-0.030938223326328063,-0.5121753144680034,0.8866059292740822,0.3348172246407453,0.10796578064063334,4.27040732845609,-0.14366967722196303,-0.07712978501948328,-0.4452144621247977,-0.23365988927626635,-0.3307581711655494,-0.04674798938037708,-0.03474670107246871,-0.06682690505882193,0.11217548811595177,-0.19825803552464588,-0.061315624524747016,0.12926595840224014,1.0
C447314,38.6107,-120.90522,-0.660608943168497,-0.533269533135549,-0.16147256908759489,-0.5705760996083722,-0.5292697508054395,0.46756918474869624,-0.08998532563394321,-0.24979482274633058,-0.1452729060591728,-0.14899209569708916,-0.4452849579369465,-0.2337864437965053,-0.330181001602683,-0.05280177280541471,-0.045516017855317954,-0.0995100841564422,-0.1446898573929545,-0.20568591750864323,-0.061315624524747016,-0.1413842209955507,0.0
C447315,34.95281,-116.88897,-0.8137583285460382,-0.517794043188297,-0.9192587973753709,-0.4878416539928497,-0.5703096255903531,-0.21036278450528614,-0.18896087877123147,-0.5511416328264921,-0.1448148406771129,-0.1726699575348506,-0.4462215451554952,-0.2337484774404336,-0.33160550520465104,-0.05428255436261816,-0.04674409783932708,-0.10528569792629194,-0.14198601165075547,-0.2017002247367422,-0.067135046571611,-0.46708189450814647,0.0
C447316,41.4088,-115.995,0.7633544910865129,1.6100858245588419,-0.7880374287416761,0.7288413697648344,2.6154106545885707,-0.1930213122389322,-0.08998532563394321,0.3528987974139923,-0.14550193875020279,-0.09962375376535662,-0.4458589952644441,-0.22836991033027906,-0.33128621991455476,-0.05367282078024027,-0.04258751943191158,-0.09876265178622635,-0.14252678079919529,-0.1555024221533439,-0.04068312817677474,-0.07257485335204455,0.0
C447317,68.0704,-162.8379,-0.8789282797705237,-0.5390728418657684,-0.9233809346099371,-0.5803095637984337,-0.5703096255903531,-0.2132330971562689,-0.18896087877123147,-0.6802902657179898,-0.1452729060591728,-0.17841183903050772,-0.4462215451554952,-0.21093069744135448,-0.279684804953609,-0.054413211558841997,-0.04664963014824946,-0.10453826555607611,-0.1446898573929545,-0.19246066422006256,-0.06819312330740444,-0.46708189450814647,0.0
C447318,35.80919,-116.10306,-0.895220767576645,-0.5352039693789555,-0.9123885686510936,-0.5803095637984337,-0.5703096255903531,-0.21472805166198908,-0.10412469036784153,-0.6802902657179898,0.028791939123604178,-0.04871635081416958,-0.4348918610601481,8.776465111846518,-0.32374617498689634,-0.05515360233744372,-0.04872791935195721,-0.10528569792629194,-0.1414452425023157,-0.20949044242727605,-0.0692512000431979,-0.46708189450814647,0.0
C447319,41.4088,-115.995,-0.42599711876034896,-0.4636298283729154,-0.904144294181961,-0.3077725664767125,-0.5343997351535537,-0.21341249169695534,0.023129592237243403,-0.12064618985483284,-0.1461890368232927,-0.1744457971726827,-0.4461006951918115,-0.2331916375513823,-0.33048800668931405,-0.052975982400379824,-0.03323521801522671,-0.10351903959669086,-0.14090447335387588,-0.14970505084876057,-0.05549620247788305,-0.12762234746684947,0.0
C447320,68.0704,-162.8379,-0.8626357919644023,-0.5313350968921425,1.2812754630106182,-0.5657093675133414,-0.5703096255903531,-0.21472805166198908,-0.18896087877123147,-0.6802902657179898,-0.13908902340136364,-0.11323852432206943,0.1047032267875825,0.036609944145993174,-0.004117039193584515,-0.04583338900681024,-0.04872791935195721,0.14646311404186432,-0.13549678186947786,-0.027779085599242737,-0.06819312330740444,-0.3019394121637317,1.0
C447322,43.01348,-116.83347,-0.8626357919644023,-0.525531788161923,-0.9343733005687807,-0.5608426354183107,-0.5703096255903531,-0.2132928953364977,-0.18896087877123147,-0.6802902657179898,-0.14550193875020279,-0.17924056419482937,-0.4462215451554952,-0.2341407964531743,-0.33166690622197725,-0.05450031635632455,-0.046460694766094206,-0.10528569792629194,-0.13982293505699628,-0.21003394598708072,-0.067135046571611,-0.46708189450814647,0.0
C447323,68.0704,-162.8379,-0.823533821229711,-0.529400660648736,-0.14086188291476334,-0.5462424391332185,-0.5703096255903531,-0.21472805166198908,-0.14654278456953648,-0.5941911771236579,-0.12717932346780522,-0.1445524966025089,-0.4425759045843702,-0.039322767997365,3.4503041955789153,-0.05254045841296705,-0.046082824001783707,-0.05323722560035195,-0.13387447442415845,-0.13611746185364346,-0.06660600820371428,-0.30652670333996546,1.0
C447324,68.0704,-162.8379,0.5645861398518318,-0.5158596069448906,-0.6526939228734152,0.17890064302636122,-0.5087498134129826,-0.21472805166198908,-0.08998532563394321,1.2999887719516425,-0.14183741569372327,-0.17178203771593453,-0.44511375382172796,-0.2255603999809748,0.9697030956000849,-0.052104934425554264,-0.024922061200395716,-0.05520772912183009,-0.14252678079919529,-0.13339994405462002,-0.06078658615685029,0.1338532495784739,0.0
C447325,58.079,-134.6312,-0.8430848065970566,-0.5235973519185165,-0.17521302653614937,-0.5705760996083722,-0.5703096255903531,-0.18913443052405976,-0.18896087877123147,-0.6802902657179898,1.1709779692900633,0.11406894932044014,-0.4098154935957799,-0.09627230210488363,-0.04832577166845475,-0.046660884582894524,-0.04627175938393896,-0.10379083318586026,0.07486241687360538,-0.09444885560195086,-0.06607696983581755,-0.18725713275788813,1.0
C447326,64.992,-147.3614,1.4834824521170786,-0.18120213683556782,-0.8237626181079176,0.9867781708014635,-0.39589015775447006,-0.18823745782062765,-0.08998532563394321,0.13765107592816264,-0.1452729060591728,-0.17924056419482937,-0.4462215451554952,-0.2337737883444814,-0.3314581427630682,-0.05458742115380711,-0.04872791935195721,-0.1034510911993985,-0.05762602449414627,-0.009662300272419875,-0.01899255509300901,-0.26524108275386177,1.0
C447327,40.2896,-118.15017,-0.7518468748827768,-0.5352039693789555,-0.8299458239597671,-0.4781081898027882,-0.5497896881978963,-0.21472805166198908,-0.18896087877123147,-0.6802902657179898,-0.10267282552759845,-0.16976941945972482,-0.4452950287672535,-0.20751372539490334,-0.2931930287653749,-0.053847030375205385,-0.04457134094454171,-0.10453826555607611,-0.1414452425023157,-0.21075861740015364,-0.06660600820371428,-0.46708189450814647,1.0
C447328,39.45413,-115.9792,1.6692168131068628,-0.48877749953719973,-0.7248313244783259,1.064645884321955,-0.2112107212223586,-0.21472805166198908,-0.08998532563394321,0.9555924175743151,-0.14550193875020279,0.7859282789669202,-0.4460301993796627,-0.2339636201248398,-0.3315563843907901,-0.054195449565135605,-0.04079263330143671,-0.10202417485625914,-0.1446898573929545,-0.17724256454553136,-0.0031214040561072572,-0.12303505629061573,1.0
C447329,40.783442,-116.224342,0.3560422959334781,-0.2875961302229248,-0.5613198808405283,-0.20557119248106695,-0.5497896881978963,-0.21472805166198908,1.889525737111822,0.1807006202253286,-0.14550193875020279,-0.12714926815175426,-0.4456676494886116,-0.2337737883444814,-0.32844949291408393,-0.05328084919156877,-0.022465901232377468,-0.10372288478856789,-0.09061294254897423,0.4813025820844797,-0.03750889796939439,20.29041067794954,0.0
C447330,41.14469,-105.18615,0.6264975935150933,-0.45202321091247644,-0.3387244701739468,0.057232340650592815,-0.3394603299252138,-0.18369279612323836,-0.18896087877123147,-0.07759664555766689,-0.1452729060591728,-0.17864861764888534,-0.3444558049035109,-0.23402689738495924,-0.3307704513690146,-0.054195449565135605,-0.04872791935195721,-0.09733573544308702,-0.14198601165075547,-0.08158593801990661,-0.057612355949469944,-0.06798756217581081,1.0
C447332,40.91184,-116.32399,0.7959394666987556,-0.5061874257278581,-0.8883427681161233,0.21783449978660704,-0.4523199855837264,-0.21472805166198908,-0.08998532563394321,0.5681465188998219,-0.14573097144123276,-0.02622238206829624,-0.4459496327372069,-0.23400158648091146,-0.33128621991455476,-0.05288887760289727,-0.04022582715497096,-0.10358698799398319,-0.14036370420543606,-0.11818184438008882,-0.01740543998931884,-0.03587652394217461,1.0
C447333,60.30865,16.16282,-0.7160034017093098,-0.525531788161923,-0.6368923968075777,-0.5705760996083722,-0.5703096255903531,-0.11964894509818629,-0.13240341983563816,-0.5941911771236579,-0.11939221197278624,-0.17924056419482937,0.6314076518423849,-0.2086527160770537,4.604643321311638,-0.054151897166394326,-0.04872791935195721,0.020758579051017065,-0.14198601165075547,-0.20858460316093488,-0.0650188931000241,-0.46708189450814647,1.0
C447334,38.7256,-105.13587,2.2655218668109054,-0.4597609558861024,-0.7303275074577477,4.422691029893163,-0.4779699073242974,-0.19684839577357585,0.008990227503345067,1.7304842149233017,0.01069835653223657,-0.1580488778500329,-0.4425759045843702,-0.23382441015257696,-0.3279705649789395,-0.054456763957583275,-0.04872791935195721,-0.09706394185391762,-0.13495601272103805,0.06280484103487158,0.12755107281438385,0.39532884662379725,0.0
C447336,40.55445,-75.40462,0.9262793691477269,-0.52166291567511,-0.7406328505441634,2.4857316560709304,-0.5446597038497821,-0.20934621544139645,-0.14654278456953648,-0.24979482274633058,-0.14183741569372327,-0.18072043055968945,-0.4453655245794023,-0.22711702057991365,-0.328658256372993,-0.054195449565135605,-0.04872791935195721,-0.1015485360752127,0.12082779449098861,-0.1926418320733308,-0.04015408980887802,-0.4074471092171078,0.0
C447337,39.70082,-105.73477,0.4668312130151035,-0.5235973519185165,-0.6513198771285598,0.3638364626375291,-0.4523199855837264,-0.03712745638243293,-0.14654278456953648,0.1807006202253286,-0.13198900997943458,-0.17527452233700433,-0.43005786251280004,-0.1266453869622269,0.5484921167422935,-0.05280177280541471,-0.04872791935195721,-0.08924987616529738,-0.14198601165075547,-0.11999352291277109,0.3121854632103409,-0.34781232392606914,1.0
C447338,37.9142,-107.70344,-0.7648808651276738,2.03566179810827,1.2881456917348955,-0.5949097600835258,-0.48309989167241163,0.3742840235917577,-0.13240341983563816,-0.6802902657179898,-0.14550193875020279,-0.17592566353754277,-0.4446102123063792,-0.23341943568781237,-0.3172622275572487,-0.05275822040667343,-0.04664963014824946,-0.0978793226214258,-0.14252678079919529,-0.19807686767137764,-0.06554793146792082,-0.42120898274580904,1.0
C447339,44.48805,-68.64496,-0.859377294403178,-0.5313350968921425,0.8278403672083228,-0.5754428317034029,-0.5600496568941248,-0.21185773901100632,-0.18896087877123147,-0.6802902657179898,-0.13588256572694407,-0.1709533125516129,-0.43623128149097584,-0.2324449658819726,2.7748930049906195,-0.05454386875506583,-0.04872791935195721,-0.10528569792629194,-0.1446898573929545,-0.21347613519917708,-0.06819312330740444,-0.46708189450814647,0.0
C447340,40.62244,-111.49408,1.7050602862803297,-0.2082842442432587,-0.6410145340421439,1.2203813113629387,0.3325676196777476,-0.1976855702967791,-0.019288501964451584,1.041691506168647,-0.14550193875020279,-0.17924056419482937,-0.44588920775536506,-0.23376113289245748,-0.33051256709624455,-0.05349861118527516,-0.03965902100850521,-0.09407421237305422,-0.14036370420543606,-0.1806847537576277,-0.04121216654467147,-0.06340027099957707,1.0
C447342,32.80678,-108.12283,1.5160674277293213,-0.4404165934520375,-0.23704508505464425,3.5223455923124765,0.3479575727220902,-0.16766688382191813,-0.005149137230553268,0.2667997088196604,-0.143898709912993,-0.17924056419482937,-0.2991370685221226,-0.23384972105662474,-0.32960383203981664,-0.054151897166394326,-0.04664963014824946,-0.1008690521022892,-0.08736832765833541,-0.16129979345792722,-0.001005250584520355,0.29899573192288864,0.0
C447343,37.69917,-108.00694,-0.823533821229711,-0.529400660648736,1.1438708885250743,-0.55597590332328,-0.5703096255903531,-0.16162726761880866,-0.16068214930343483,-0.6802902657179898,-0.054804993102334776,-0.17924056419482937,-0.43683553130939434,1.1452275414390225,0.16657778897327558,-0.05515360233744372,-0.046082824001783707,-0.06111923968626453,-0.11656986167408476,-0.21130212095995832,-0.06766408493950772,-0.46708189450814647,1.0
C447344,40.31855,-112.21024,0.48638219838244934,-0.14057897572403158,-0.726892393095609,-0.03523556915499125,-0.4266700638431553,-0.19876193754089766,0.023129592237243403,0.4820474303054901,-0.14550193875020279,2.253955712908128,-0.445909349415979,-0.23369785563233803,-0.3270618299225116,-0.05254045841296705,-0.04098156868359196,-0.10229596844542854,-0.14090447335387588,0.24759605136846477,-0.035921782865704216,0.11550408487353891,1.0
C447345,39.5333,-106.377,-0.8789282797705237,-0.5081218619712646,1.5492143832574297,-0.5949097600835258,-0.35998026731767063,0.6708829975266394,-0.18896087877123147,-0.6802902657179898,-0.136340631109004,-0.09252039521402819,-0.4391518222799986,-0.2206753954997521,0.7818159825818864,-0.054151897166394326,-0.04655516245717183,-0.10433442036419904,-0.1446898573929545,-0.20441774253576564,-0.06766408493950772,-0.3845106533359391,0.0
C447346,55.6339,-132.5602,0.6395315837599903,1.9776287108060748,-0.40399164305458035,-0.3223727627618046,2.6667104980697127,-0.1100812362615772,-0.13240341983563816,1.472186949140306,-0.13931805609239362,-0.17847103368510212,0.11980947224804528,-0.23398893102888757,-0.3306476493343622,-0.052975982400379824,-0.04627175938393896,-0.06349743359149677,-0.1446898573929545,-0.20822226745439842,-0.06554793146792082,1.5650880965634018,0.0
C447347,32.85011,-108.08391,1.750679252137469,1.339264750481933,-0.6994114781985001,-0.4781081898027882,0.7378363831787701,-0.1136691270753056,-0.07584596090004486,1.3430383162488087,-0.14573097144123276,-0.1781750604121301,-0.41666365820452306,-0.23397627557686368,-0.3299476777368434,-0.05275822040667343,-0.032479476486605714,-0.09067679250843673,-0.14090447335387588,-0.1288707477229143,-0.026928130611459888,-0.10009860040944701,0.0
C447348,40.62244,-111.49408,-0.5954389919440114,2.9835355573774494,-0.7887244516141039,-0.5121753144680034,1.1790150371165922,1.143288621334213,-0.14654278456953648,-0.3358939113406624,-0.1416083830026933,-0.1582264618138161,-0.44243491296007253,-0.14575511951830536,0.6737501920877592,-0.053847030375205385,-0.045799420928550834,-0.10188827806167446,-0.14198601165075547,-0.17289453606709387,-0.0565542792136765,-0.3615741974547704,1.0
C447349,36.77508,-85.33494,-0.8854452748929722,3.157634819284034,-0.9117015457786658,-0.5803095637984337,5.385602202570244,-0.18022450166996754,-0.18896087877123147,-0.6802902657179898,-0.13908902340136364,-0.17924056419482937,-0.44393546667581185,0.6276195536617976,0.0020230625390363515,-0.05432610676135944,-0.04872791935195721,-0.10379083318586026,-0.1414452425023157,-0.18249643229030998,-0.0692512000431979,-0.46708189450814647,0.0
C447350,40.266705,-76.41104,-0.5074595577909559,0.9369020118533834,1.5973059843273698,-0.43430760094751153,2.2204018597837765,-0.1417742717828448,-0.18896087877123147,-0.07759664555766689,-0.1461890368232927,-0.17924056419482937,-0.39178870734629434,-0.2339636201248398,-0.3287442177972497,-0.05245335361548449,-0.043437728651610205,-0.09223960564616078,-0.14198601165075547,-0.20296839970961983,-0.05602524084577977,-0.21936817099152434,0.0
C447352,32.80678,-108.12283,1.955964598494599,-0.2837272577361118,-0.6678084260668251,2.2229281229392703,-0.1804308151336733,-0.18991180686703427,-0.06170659616614655,0.6111960631969877,-0.14550193875020279,-0.17924056419482937,-0.4393633097164451,-0.2339003428647203,-0.3307213305551536,-0.054456763957583275,-0.04872791935195721,-0.10032546492395039,-0.1446898573929545,-0.12108053003238048,0.01169167024500104,-0.16432067687671942,1.0
C447353,40.62244,-111.49408,-0.859377294403178,-0.4578265196426959,-0.67536567766353,-0.5851762958934644,-0.5497896881978963,-0.13519647195767603,-0.13240341983563816,-0.6802902657179898,-0.05136950273688523,-0.16899988894999757,-0.4380238892856174,3.89146063062381,1.2767081822311284,-0.05432610676135944,-0.04872791935195721,-0.10426647196690669,-0.1446898573929545,-0.21347613519917708,-0.06819312330740444,-0.46708189450814647,0.0
C447354,46.0305,-112.51899,-0.8658942895256265,-0.529400660648736,-0.8484954415153155,-0.5851762958934644,-0.5703096255903531,-0.15708260592141934,-0.18896087877123147,-0.5941911771236579,-0.10038249861729875,0.4781160750760219,-0.049380476909137896,0.2935156202310217,2.9590960569692455,-0.05406479236891178,-0.04617729169286133,-0.104130575172322,-0.14252678079919529,-0.09336184848234148,-0.06766408493950772,-0.42120898274580904,0.0
C447355,32.79678,-108.10394,1.665958315545638,3.389767168492813,-0.52765576009157,-0.5657093675133414,-0.026531284690247008,0.67686281554952,0.023129592237243403,1.7735337592204676,-0.14550193875020279,-0.17924056419482937,-0.4443584415487048,-0.23345740204388407,-0.2292131687114655,-0.05423900196387688,-0.04400453479807596,-0.1029075040210597,-0.1446898573929545,0.10809680435192874,-0.01370217141404176,0.023758261348864048,0.0
C447356,39.23969,-106.26891,-0.8789282797705237,-0.5139251707014841,-0.8904038367334066,-0.5754428317034029,-0.46770993862806903,0.29176253487600434,-0.14654278456953648,-0.6802902657179898,-0.13611159841797404,-0.17551130095538195,-0.4439958916576537,-0.20751372539490334,6.25019058565403,-0.05432610676135944,-0.04872791935195721,-0.102771607226475,-0.14090447335387588,-0.1890184750079662,-0.0692512000431979,-0.46708189450814647,0.0
C447357,32.79678,-108.10394,-0.8626357919644023,1.3876256565670955,-0.4562053813590871,-0.5803095637984337,0.029898543139009227,2.219655865452735,-0.005149137230553268,-0.6802902657179898,-0.12488899655750552,-0.17752391921159166,-0.4243174892378242,-0.07096139805709757,2.3573660871724007,-0.05432610676135944,-0.04872791935195721,-0.036318074674556826,-0.1446898573929545,-0.20822226745439842,-0.06766408493950772,-0.46708189450814647,1.0
C447358,40.62604,-111.50388,-0.7453298797603282,2.7127144833005414,-0.8024649090626582,-0.5851762958934644,0.1376282144494077,0.02326870564866194,-0.06170659616614655,-0.5941911771236579,-0.04816304506246565,-0.11974993632745382,-0.37829379473494756,1.2464711576301666,1.5837132688621716,-0.05463097355254839,-0.04674409783932708,-0.1038587815831526,-0.1446898573929545,-0.180141250197823,-0.06660600820371428,-0.3845106533359391,0.0
C447359,39.22419,-106.25871,-0.7648808651276738,-0.47523644583335434,0.9995960853152529,-0.5219087786580647,-0.5703096255903531,-0.10469940004098459,0.023129592237243403,-0.5511416328264921,0.29378276264527914,-0.1647970684737949,2.3736612949490925,0.051796486574664805,-0.27931639884965176,-0.05450031635632455,-0.04872791935195721,-0.10351903959669086,-0.14252678079919529,0.4015887266464591,-0.0650188931000241,-0.3845106533359391,0.0
C447360,32.80678,-108.12283,1.7050602862803297,-0.3030716201701767,-0.8340679611943335,1.7751887701964428,-0.3907601734063558,-0.20647590279041375,-0.13240341983563816,0.1807006202253286,-0.14504387336814284,-0.17924056419482937,-0.38524266764676046,-0.23334350297566903,-0.330942374217528,-0.05454386875506583,-0.04872791935195721,-0.10351903959669086,-0.1235998606038022,0.07186323369828301,0.061950315195189926,-0.3202885768686667,0.0
C447362,39.5333,-106.377,-0.8658942895256265,-0.343694781281713,0.6286037342042838,-0.5754428317034029,3.148929026792448,5.885284313478591,-0.18896087877123147,-0.5511416328264921,-0.14275354645784316,-0.16710566000297664,-0.4453252412581744,-0.054509310426036635,-0.07902628033155909,-0.05432610676135944,-0.04598835631070608,-0.10379083318586026,-0.14198601165075547,-0.20713526033478905,-0.067135046571611,-0.3523996151023029,0.0
C447363,40.62604,-111.50388,-0.8463433041582809,-0.4810397545635738,-0.9281900947169311,-0.5949097600835258,-0.5549196725460106,-0.19343989950053384,-0.019288501964451584,-0.5511416328264921,-0.0811437525707813,-0.1759848581921372,-0.4456676494886116,2.182974607398251,2.2959650698461918,-0.04822877093758053,-0.04098156868359196,-0.10372288478856789,-0.1252221680491216,-0.15278490435432046,-0.06660600820371428,-0.46708189450814647,0.0
C447364,37.9561,-107.77534,-0.7355543870766554,-0.41140004980094014,-0.3524649276225013,-0.5851762958934644,-0.34459031427332804,-0.04191131080073748,-0.18896087877123147,-0.5080920885293261,-0.03213075669036777,-0.10021570031130066,-0.43257557008954384,-0.07349248846187618,0.9451426886696015,-0.054108344767653055,-0.04872791935195721,-0.09645240627828647,-0.11116217018968673,-0.20840343530766667,-0.067135046571611,-0.37992336215970535,0.0
C447365,39.70082,-105.73477,-0.4520650992501431,-0.529400660648736,-0.7007855239433557,-0.3515731553319891,-0.5497896881978963,-0.21036278450528614,-0.14654278456953648,-0.42199299993499423,-0.07816632758739168,-0.1709533125516129,-0.4183756993567088,-0.09121012129532642,0.7425193314931129,-0.05428255436261816,-0.04872791935195721,-0.0995100841564422,-0.1446898573929545,-0.19626518913869534,-0.058141394317366674,-0.41203440039334155,1.0
C447366,61.515,-142.8367,-0.6997109139031884,-0.38818681488006224,-0.8807855165194184,-0.55597590332328,-0.5497896881978963,-0.21233612445283678,-0.0334278666983499,-0.42199299993499423,0.03405969101729348,-0.15798968319543852,6.25093096313454,-0.23369785563233803,-0.33133534072841575,-0.054413211558841997,-0.046082824001783707,-0.1038587815831526,-0.13603755101791765,-0.14608169378339603,-0.06766408493950772,-0.34781232392606914,0.0
C447367,38.31082,-108.94957,-0.35431017241341484,-0.5274662244053295,-0.9316252090790698,0.17890064302636122,-0.49335986036864005,-0.21472805166198908,-0.16068214930343483,-0.37894345563782833,-0.07564696798606202,-0.1748601597548435,1.2960824521027474,-0.2310022443512488,-0.32771268070616943,-0.05436965916010072,-0.04872791935195721,-0.10453826555607611,-0.1446898573929545,-0.20278723185635159,-0.06448985473212737,-0.4166216915695753,0.0
C447368,37.9561,-107.77534,2.0243930472803084,-0.1328412307504056,-0.5984191159516252,1.0159785633716476,0.4249073379438033,-0.16360060756635925,0.05140832170504003,1.7304842149233017,-0.1461890368232927,-0.17829344972131891,-0.4456877911492255,-0.2339636201248398,-0.33034064424773113,-0.054195449565135605,-0.04636622707501658,-0.09264729602991487,-0.1446898573929545,-0.18865613930142974,-0.03221851429042714,0.23477365545561624,1.0
C447369,37.69917,-108.00694,0.0008660617600316943,4.318296565327928,-0.23017485633036694,0.12049985788599234,-0.41128011079881266,-0.19756597393632153,-0.14654278456953648,-0.6802902657179898,-0.12626319270368533,-0.17764230852078047,0.27892859109825324,-0.09753784730727293,-0.17849592840001713,-0.05450031635632455,-0.04872791935195721,-0.10392672998044494,-0.14252678079919529,-0.05966462777445097,-0.06554793146792082,-0.3432250327498354,0.0
C447370,38.05755,-90.9093,-0.7453298797603282,0.726048461322076,-0.6176557563796015,-0.4099739404723579,1.1533651153760212,-0.028755711150399973,-0.08998532563394321,-0.5080920885293261,-0.14550193875020279,-0.16615854552946618,-0.23266958849608632,-0.22616786167812167,-0.33166690622197725,-0.02327324645882826,-0.046082824001783707,0.5079485876371657,-0.1414452425023157,-0.19318533563313545,-0.058141394317366674,-0.46708189450814647,0.0
C447372,34.58012,-80.5442,2.259004871688457,-0.5313350968921425,-0.8821595622642738,0.3979035873027442,-0.4779699073242974,-0.21305370261558246,-0.16068214930343483,0.9555924175743151,-0.14573097144123276,-0.17858942299429093,-0.4460301993796627,-0.23405220828900702,-0.3318142686635602,-0.05450031635632455,-0.04872791935195721,-0.10433442036419904,-0.1446898573929545,-0.1795977466380183,-0.02428293877197626,-0.21936817099152434,0.0
C447373,37.9561,-107.77534,-0.32498369436239627,-0.33015372757786754,0.5599014469615118,-0.1909709961959748,-0.4984898447167543,-0.035931492777856795,-0.08998532563394321,-0.07759664555766689,-0.11023090433158746,-0.13886980976144617,-0.40618999468526884,-0.1696739238434632,-0.29061418603767414,-0.054413211558841997,-0.04872791935195721,-0.06872946018300771,-0.0846644819161364,-0.20314956756288804,-0.062373701260540475,-0.46708189450814647,0.0
C447374,39.17832,-106.8234,-0.19138529435220086,3.7573100547400458,-0.8196404808733513,0.12536658998102307,-0.46770993862806903,0.0699112862271312,-0.14654278456953648,-0.20674527844916463,-0.14504387336814284,-0.16834874774945913,-0.4425759045843702,-0.22673735701919687,-0.22909036667681307,-0.05450031635632455,-0.04561048554639558,-0.10127674248604329,-0.13225216697883904,-0.1875691321818204,-0.05179293390260596,-0.12303505629061573,0.0
C447375,39.17832,-106.8234,-0.8137583285460382,2.886813745207125,-0.9220068888650816,-0.5316422428481262,-0.13939094034875965,-0.15074399881716583,-0.13240341983563816,-0.5941911771236579,-0.11068896971364739,-0.17752391921159166,-0.4422939213357749,4.777342272296322,-0.30768366885436016,-0.054413211558841997,-0.04664963014824946,-0.10365493639127554,-0.14252678079919529,-0.15586475785988038,-0.06607696983581755,-0.42120898274580904,0.0
C447376,37.9142,-107.70344,0.07255300810696574,0.17666856819463278,-0.4431519467829604,0.7093744413847114,-0.519009782109211,0.009515124196036367,-0.16068214930343483,-0.24979482274633058,-0.12397286579338564,-0.1709533125516129,-0.266910411539802,-0.0038875023304645205,-0.3085432830969271,-0.05389058277394666,-0.04664963014824946,-0.058265406999985836,-0.13982293505699628,-0.18992431427430734,-0.03803793633729112,-0.41203440039334155,0.0
C447377,40.55445,-75.40462,-0.6931939187807399,2.7127144833005414,-0.8800984936469908,-0.259105245526405,4.544284769479514,-0.20785126093567627,-0.18896087877123147,-0.5080920885293261,-0.14573097144123276,-0.17693197266564764,-0.4457784286219883,-0.23371051108436192,0.6246293782267922,-0.05463097355254839,-0.04872791935195721,-0.104130575172322,-0.13874139676011668,-0.20314956756288804,-0.06448985473212737,-0.40285981804087406,0.0
C447378,44.42135,-68.75497,-0.21093627971954657,0.520998219520988,-0.10651073929337732,-0.55597590332328,2.5230709363225143,0.02924852367154259,-0.18896087877123147,-0.5511416328264921,-0.13519546765385415,-0.17864861764888534,0.8126825973679382,-0.22042228645927425,1.0065437059958102,-0.05515360233744372,-0.04872791935195721,-0.10426647196690669,-0.13765985846323706,0.032006305979272724,-0.06343177799633393,-0.3432250327498354,0.0
C447379,32.85011,-108.08391,-0.7160034017093098,-0.0303161098498616,3.1843288196354047,-0.5949097600835258,-0.19582076817801594,0.605104999274952,-0.16068214930343483,-0.6802902657179898,-0.143898709912993,-0.17924056419482937,-0.294101653368635,-0.23384972105662474,-0.29773670404751434,-0.05315019199534494,-0.04872791935195721,0.036386710428257536,-0.1446898573929545,-0.13122592981540127,-0.067135046571611,-0.3523996151023029,0.0
C447380,39.5333,-106.377,-0.8333093139133837,-0.529400660648736,0.5736419044100661,-0.5851762958934644,-0.5703096255903531,-0.15654442229936008,-0.14654278456953648,-0.6802902657179898,-0.10519218512892811,-0.10495127267885294,-0.4388899806920173,1.1199166373912364,2.5415691391510267,-0.05458742115380711,-0.04872791935195721,-0.10379083318586026,-0.1446898573929545,-0.13430578332096116,-0.0692512000431979,-0.4074471092171078,0.0
C447382,40.31855,-112.21024,-0.520493548035853,5.63371321084434,-0.8883427681161233,-0.47324145770775744,-0.38050020471012747,-0.19068918321000874,-0.14654278456953648,-0.2928443670434965,-0.14550193875020279,-0.1717228430613401,-0.4459697743978208,-0.2332169484554301,-0.33126165950762426,-0.05423900196387688,-0.046082824001783707,-0.1024998136373056,-0.1446898573929545,-0.17923541093148188,-0.058141394317366674,-0.37074877980723786,0.0
C447383,40.62604,-111.50388,-0.8072413334235895,2.751403208168671,-0.9171977287580876,-0.5219087786580647,-0.041921237734589646,0.14944286593144424,0.06554768643893837,-0.5511416328264921,-0.11526962353424679,-0.17823425506672452,-0.445899278585672,0.7858127039604604,2.0012401866803904,-0.054413211558841997,-0.04617729169286133,-0.10419852356961436,-0.12035524571316338,-0.1770613966922631,-0.06554793146792082,-0.3982725268646403,0.0
C447384,39.98139,-105.58333,-0.8430848065970566,-0.525531788161923,-0.896587042585256,-0.5803095637984337,-0.5703096255903531,-0.10350343643640846,-0.14654278456953648,-0.6802902657179898,0.0922339945389058,-0.1191579897815098,-0.30215831761421513,3.3093098375247303,-0.26507136282997135,-0.054195449565135605,-0.044099002489153584,-0.10188827806167446,-0.14036370420543606,-0.20731642818805732,-0.06660600820371428,-0.46708189450814647,0.0
C447385,44.42135,-68.75497,-0.8789282797705237,-0.533269533135549,0.33318389906036394,-0.5851762958934644,-0.5292697508054395,-0.2061769118892697,-0.14654278456953648,-0.6802902657179898,-0.07816632758739168,-0.1565098168305784,1.5176407188562016,-0.08614794048576921,2.443327511429093,-0.05467452595128967,-0.04872791935195721,-0.10433442036419904,-0.09439832658805285,-0.21093978525342189,-0.06819312330740444,-0.46708189450814647,0.0
C447386,45.02376,-117.19772,-0.8724112846480752,-0.434613284721818,1.8858555907470127,-0.5949097600835258,-0.5703096255903531,-0.21293410625512485,-0.18896087877123147,-0.6802902657179898,0.22049230151568885,-0.17924056419482937,-0.4201884488119644,-0.21384145140684988,-0.32776180152003037,-0.05515360233744372,-0.04872791935195721,-0.08537681751963344,-0.13982293505699628,-0.21347613519917708,-0.0692512000431979,-0.46708189450814647,0.0
C447387,39.22419,-106.25871,-0.8007243383011411,-0.5042529894844516,-0.12712142546620886,-0.5413757070381877,-0.5703096255903531,-0.1630624239443,-0.04756723143224824,-0.5511416328264921,3.2895303613172833,-0.04516467153850537,0.31518358020336396,4.650787752057392,0.2574512946160644,-0.05515360233744372,-0.04872791935195721,-0.10528569792629194,-0.14198601165075547,4.534027459694754,-0.05602524084577977,-0.37074877980723786,0.0
C447388,47.0233,-112.3627,-0.2793647285052564,-0.5313350968921425,-0.8120832292766463,-0.2007044603860362,-0.44206001688749796,-0.21281450989466727,-0.11826405510173986,-0.24979482274633058,-0.1452729060591728,-0.17823425506672452,-0.4072977860190361,-0.23296383941495225,-0.3311020168625761,-0.05219203922303682,-0.04447687325346408,-0.0965203546755788,5.426313909833892,-0.17615555742592198,-0.046502550223638715,-0.2881775386350305,0.0
C447389,34.65042,-80.4131,-0.859377294403178,-0.525531788161923,0.03089383519216682,-0.5949097600835258,-0.5703096255903531,-0.21472805166198908,-0.18896087877123147,0.1807006202253286,-0.1452729060591728,-0.1547339771927463,-0.4324748617864741,-0.23273604127852215,-0.3314090219492072,-0.05375992557772283,-0.04664963014824946,-0.08007684253083015,-0.11819216911940417,-0.1875691321818204,-0.04808966532732889,-0.41203440039334155,0.0
C447390,29.813,-104.32938,-0.882186777331748,3.467144618229072,-0.9123885686510936,-0.5803095637984337,5.590801576494812,-0.18321441068140787,-0.14654278456953648,-0.6802902657179898,-0.14458580798608292,-0.17823425506672452,-0.4461006951918115,-0.2332042930034062,-0.3212655738869175,-0.05454386875506583,-0.04872791935195721,-0.10399467837773729,-0.14036370420543606,-0.20369307112269272,-0.06819312330740444,-0.46708189450814647,0.0
C447392,39.23579,-106.25701,-0.8626357919644023,-0.5274662244053295,0.800359452311214,-0.5705760996083722,-0.5600496568941248,-0.047293147021330056,-0.18896087877123147,-0.6802902657179898,-0.13198900997943458,-0.14526283245764174,-0.4421428588811703,-0.12208942423362541,3.1187387020173882,-0.05432610676135944,-0.04872791935195721,-0.10419852356961436,-0.14198601165075547,-0.20985277813381248,-0.0692512000431979,-0.46708189450814647,0.0
C447393,39.22419,-106.25871,-0.5758880065766657,-0.52166291567511,0.47058847354590805,-0.40510720837732717,-0.5703096255903531,-0.20737287549384584,-0.11826405510173986,-0.5080920885293261,3.3353368995232775,0.9220759845340484,1.4370740764004,-9.086672329661193e-05,-0.2144769245531754,-0.0540212399701705,-0.04664963014824946,-0.10161648447250504,-0.1446898573929545,0.8545083598170307,-0.05390908737419287,-0.08633672688074578,0.0
C447394,35.03372,-84.36325,-0.8626357919644023,0.9659185555044806,1.432420494944717,-0.5949097600835258,2.3127415780498324,0.035826323496711346,-0.14654278456953648,-0.6802902657179898,-0.14550193875020279,-0.17764230852078047,-0.42693590511763774,-0.23363457837221857,0.014303266004278085,-0.05432610676135944,-0.04872791935195721,0.03366877453656354,-0.1446898573929545,-0.13376227976115648,-0.0692512000431979,-0.40285981804087406,0.0
C447395,35.03372,-84.36325,-0.895220767576645,2.5966483086961514,1.2537945481135095,-0.5754428317034029,-0.4574499699318406,0.33063135202472876,-0.18896087877123147,-0.6802902657179898,-0.1448148406771129,-0.17858942299429093,-0.31827164610537545,-0.2333814693317407,-0.15393552146953365,-0.05371637317898155,-0.04872791935195721,-0.09726778704579465,-0.1446898573929545,-0.19282299992659901,-0.0692512000431979,-0.46708189450814647,0.0
C447396,47.53377,-116.13913,-0.8854452748929722,-0.4500887746690699,0.6629548778256699,-0.5851762958934644,-0.09322108121573172,1.5439364288672184,-0.13240341983563816,-0.6802902657179898,-0.047934012371435686,-0.17722794593861965,-0.4425356212631423,4.701409560152964,-0.31001690751275607,-0.054108344767653055,-0.04872791935195721,-0.1008690521022892,-0.1446898573929545,-0.2042365746824974,-0.0692512000431979,-0.46708189450814647,1.0
C447397,47.53377,-116.13913,-0.4976840651072831,-0.48877749953719973,-0.15460234036331771,-0.3418396911419276,-0.24712061165915802,0.509427910908861,-0.11826405510173986,-0.20674527844916463,-0.07770826220533175,-0.17764230852078047,-0.4426967545480539,4.8912413405113595,-0.031133486817116328,-0.05423900196387688,-0.04664963014824946,-0.0965203546755788,-0.1446898573929545,-0.19209832851352612,-0.0523219722705027,-0.3936852356884066,0.0
C447398,40.31855,-112.21024,-0.6703844358521698,-0.517794043188297,-0.9096404771613827,-0.47324145770775744,-0.539529719501668,-0.21185773901100632,-0.18896087877123147,-0.3358939113406624,0.01115642191429651,0.0004152124991853527,-0.4433815710089282,-0.23115410977553552,-0.33019328180614826,-0.05515360233744372,-0.04627175938393896,-0.1038587815831526,-0.14198601165075547,-0.17090168968114333,-0.061844662892643745,-0.3523996151023029,1.0
C447399,32.80678,-108.12283,2.004842061912963,-0.5119907344580776,-0.8464343728980324,1.7557218418163199,-0.4523199855837264,-0.21287430807489607,-0.08998532563394321,0.3098492531168264,-0.14550193875020279,-0.17829344972131891,-0.38232212685773764,-0.23362192292019468,-0.3314704229665334,-0.054413211558841997,-0.04617729169286133,-0.10100494889687389,-0.09007217340053443,0.3653551559928134,0.07517627439260806,-0.28359024745879674,0.0
C447400,47.39543,-120.32616,-0.32498369436239627,1.532708374822582,-0.9034572713095332,0.11076639369593086,-0.5446597038497821,-0.11606105428445787,-0.14654278456953648,-0.5511416328264921,-0.14366967722196303,-0.17107170186080167,-0.4455467995249279,-0.2337484774404336,-0.3314458625596029,-0.054413211558841997,-0.04872791935195721,-0.10433442036419904,-0.1446898573929545,-0.20967161028054426,-0.06660600820371428,-0.46708189450814647,0.0
C447402,38.31082,-108.94957,0.6069466081477474,-0.525531788161923,-0.9151366601408044,0.8991769930909101,-0.38050020471012747,-0.21287430807489607,-0.11826405510173986,0.7403446960884855,-0.13427933688973429,-0.17835264437591333,0.3544598184005672,-0.23221716774554255,-0.3305985285205012,-0.053803477976464106,-0.04447687325346408,-0.10351903959669086,-0.14198601165075547,-0.18122825731743236,-0.03856697470518784,-0.3111139945161992,1.0
C447403,38.31082,-108.94957,-0.028460416290986914,-0.5274662244053295,-0.9178847516305154,0.5536390143437279,-0.5087498134129826,-0.21287430807489607,-0.14654278456953648,-0.16369573415199873,-0.12924061768707493,-0.17243317891647297,0.46121061965450416,-0.23322960390745398,-0.33063536913089697,-0.05397768757142922,-0.046082824001783707,-0.1031792976102291,-0.14252678079919529,-0.20006971405732815,-0.05919947105316012,-0.41203440039334155,1.0
C447404,33.410798,-110.964267,-0.6638674407297214,-0.5313350968921425,-0.15460234036331771,-0.43430760094751153,-0.5446597038497821,-0.20946581180185408,-0.10412469036784153,-0.5511416328264921,-0.12076640811896606,-0.17924056419482937,0.691832633684236,-0.04438494880692221,1.424070623814029,-0.05423900196387688,-0.04872791935195721,-0.09631650948370177,-0.12035524571316338,-0.09571703057482846,-0.024811977139872984,-0.41203440039334155,0.0
C447405,33.096508,-109.360288,0.7959394666987556,-0.5313350968921425,-0.5846786585030708,0.6509736562443424,-0.46770993862806903,-0.21209693173192157,-0.14654278456953648,-0.24979482274633058,-0.14550193875020279,-0.17864861764888534,-0.443452066821077,-0.23401424193293535,-0.3314090219492072,-0.05458742115380711,-0.04872791935195721,-0.10528569792629194,-0.07871602128329858,-0.15622709356641684,-0.03856697470518784,-0.3661614886310041,0.0
C447406,40.19021,-116.49342,4.777823486514824,-0.5235973519185165,-0.7873504058692484,-0.5608426354183107,-0.47283992297618327,-0.212276326272608,-0.11826405510173986,6.0354386446398935,-0.1452729060591728,-0.17651761008348682,-0.44604027020996967,-0.23381175470055307,-0.3306599295378274,-0.0540212399701705,-0.03937561793527233,-0.10372288478856789,-0.14090447335387588,-0.1276025727500367,-0.030631399186736963,1.2256285495221046,0.0
C447407,49.61,-123.14167,-0.25329674801546215,2.577303946262087,-0.3284191270875311,-0.5803095637984337,0.5941968214315722,-0.15881675314805474,-0.18896087877123147,-0.2928443670434965,-0.14550193875020279,-0.17924056419482937,-0.38040866909941234,-0.2339129983167442,-0.3310406158452499,-0.05467452595128967,-0.04872791935195721,-0.09611266429182472,-0.14090447335387588,-0.20659175677498437,-0.06448985473212737,-0.34781232392606914,0.0
C447409,-29.5,152.48972,-0.49442556754605876,-0.33015372757786754,0.8209701384840457,-0.41970740466241935,-0.22660067426670116,-0.19314090859938982,-0.14654278456953648,-0.42199299993499423,-0.14023418685651348,-0.1545563932289631,0.3242473274796416,-0.21131036100207126,-0.02867744612406798,-0.0534115063877926,-0.046838565530404705,-0.0064207798659228835,-0.1235998606038022,-0.1890184750079662,-0.06554793146792082,-0.3523996151023029,1.0
C447410,-20.72361,139.47833,-0.882186777331748,-0.52166291567511,-0.930938186206642,-0.5949097600835258,-0.5036198290648685,-0.21281450989466727,-0.14654278456953648,-0.6802902657179898,-0.10816961011231772,-0.1744457971726827,3.3807443256466114,-0.23241965497792483,-0.3269144674809287,-0.05454386875506583,-0.04872791935195721,-0.08843449539778916,-0.14252678079919529,-0.2091281067207396,-0.06607696983581755,-0.46708189450814647,0.0
C447413,34.54861,131.70278,-0.42599711876034896,2.0163174356742046,0.42936710120024474,-0.5803095637984337,-0.08809109686761751,0.7904793579842528,-0.16068214930343483,0.7833942403856515,-0.11504059084321681,-0.1747417704456547,0.029171999485268572,-0.23350802385197963,-0.293807038938637,-0.05375992557772283,-0.042020713285445835,-0.08021273932541484,-0.1446898573929545,-0.20314956756288804,-0.0629027396284372,-0.10468589158568076,1.0
C447414,34.26667,132.00833,1.6464073301782927,-0.02451280111964217,0.36066481395747263,1.419917327259199,1.2970046771232187,-0.12024692690047435,0.20694133377792162,8.48926266957835,-0.13679869649106394,-0.1778198924845637,-0.1823154369612104,-0.23428000642543712,-0.3187358519730777,-0.05288887760289727,-0.03465223338139109,-0.06193462045377273,-0.14252678079919529,-0.19644635699196358,-0.05443812574208959,0.5834077848493807,2.0
C447415,-31.93,146.82,0.4081782569130666,-0.5197284794317036,-0.05841913822343679,-0.5608426354183107,0.4249073379438033,-0.1597137258514868,-0.13240341983563816,0.1807006202253286,-0.1448148406771129,-0.17722794593861965,-0.29611581943003,-0.23410283009710262,-0.3307090503516884,-0.053847030375205385,-0.043721131724843085,-0.08653194027360338,-0.1446898573929545,-0.18430811082299225,-0.026399092243563165,-0.25147920922516054,0.0
C447416,49.07861,-117.80889,0.4212122471579637,-0.19474319053941325,1.2606647768377868,1.2982490248834304,0.06580843357580872,-0.1913469631925256,-0.06170659616614655,0.05155198733383086,-0.14504387336814284,-0.17693197266564764,-0.4210948235395921,-0.2337737883444814,-0.3311265772695066,-0.05036283847590315,-0.045421550164240335,0.03298929056364004,-0.11116217018968673,0.5320295809995838,-0.05602524084577977,-0.03587652394217461,0.0
C447417,29.0211,-110.8737,0.45705572033143055,-0.5313350968921425,0.1476877235048794,1.3031157569784613,-0.539529719501668,-0.2113793535691759,-0.13240341983563816,-0.2928443670434965,-0.11916317928175627,-0.17858942299429093,0.9133909004376901,-0.2333688138797168,-0.31677101941863905,-0.054108344767653055,-0.04872791935195721,-0.10188827806167446,-0.12197755315848278,0.20049240951872535,-0.02375390040407954,-0.4166216915695753,0.0
C447418,22.5172,86.47207,0.8089734569436527,-0.051594908527333054,0.20951978202337415,0.7483082981449574,1.6766235188836702,-0.18321441068140787,1.3380905124897875,0.6972951517913196,-0.14504387336814284,-0.17823425506672452,-0.2900733212458449,-0.23324225935947787,-0.3307336107586189,0.04392810479896362,-0.04872791935195721,0.18043731268803925,0.08838164558460046,7.559530609274172,0.06829877560995062,0.7439629760175617,0.0
C447419,-10.6766,-76.2595,-0.8463433041582809,-0.5313350968921425,-0.5805565212685045,-0.5754428317034029,-0.5703096255903531,-0.21251551899352322,-0.11826405510173986,-0.6802902657179898,-0.12099544080999602,0.0015991055910734235,5.223706271823071,-0.2266614243070535,-0.2818952415773525,-0.05463097355254839,-0.04872791935195721,-0.10528569792629194,-0.1414452425023157,0.07005155516560073,-0.06766408493950772,0.3081703142753561,0.0
C447420,40.17847,140.31861,-0.6834184260970669,-0.525531788161923,0.8484510533811543,-0.444041065137573,-0.5549196725460106,-0.2123959226330656,-0.16068214930343483,-0.5511416328264921,-0.14115031762063338,-0.15875921370516574,0.15707154438385348,-0.2312300424876789,-0.32663202280122816,-0.054108344767653055,-0.04674409783932708,-0.09509343833243947,-0.11062140104124693,-0.04390302454011506,-0.06343177799633393,-0.34781232392606914,1.0
C447422,49.61,-123.14167,-0.6475749529235999,-0.5235973519185165,0.5599014469615118,-0.55597590332328,-0.28816048644407166,-0.19194494499481368,-0.18896087877123147,-0.6802902657179898,-0.13679869649106394,-0.17924056419482937,1.7996239674515067,-0.2337484774404336,-0.3297634746848648,-0.05450031635632455,-0.04655516245717183,-0.10148058767792036,-0.1446898573929545,-0.2111209531066901,-0.06819312330740444,-0.3982725268646403,1.0
C447423,31.40181,-109.86121,0.77638848133141,-0.5235973519185165,0.738527393792719,-0.5803095637984337,-0.5703096255903531,-0.21472805166198908,-0.10412469036784153,0.2667997088196604,-0.1452729060591728,-0.1781158657575357,-0.008090072650539624,-0.23365988927626635,-0.3315686645942553,-0.05249690601422577,-0.044099002489153584,-0.08673578546548043,-0.11873293826784397,-0.16909001114846106,-0.046502550223638715,-0.46708189450814647,0.0
C447424,36.06121,-92.74052,-0.7909488456174681,1.3450680592121529,-0.9137626143959491,-0.5024418502779419,2.1434520945620634,-0.19732678121540628,-0.13240341983563816,-0.5941911771236579,-0.1461890368232927,-0.17858942299429093,-0.4449828330277373,-0.233938309220792,2.2959650698461918,-0.054108344767653055,-0.04674409783932708,-0.1034510911993985,-0.1446898573929545,-0.19300416777986723,-0.06607696983581755,-0.3753360709834716,1.0
C447425,-12.3215,27.7903,0.9686398374436425,-0.4965152445108257,-0.7502511707581515,1.4247840593542296,1.3380445519081325,-0.19941971752341453,-0.04756723143224824,0.8694933289799832,-0.1452729060591728,-0.17924056419482937,-0.10577712662819895,-0.23387503196067252,-0.3307581711655494,-0.05214848682429554,-0.042965390196222086,0.19606544406527973,-0.13982293505699628,-0.12470388709774505,0.02703378291400608,-0.045051106294642096,1.0
C447426,-12.3215,27.7903,1.9266381204435805,-0.20441537175644572,-0.763991628206706,3.040539114904434,1.0610253971099652,-0.18949321960543258,-0.005149137230553268,2.0748805693006287,-0.1461890368232927,-0.17924056419482937,-0.22259875818911115,-0.23405220828900702,-0.3316177854081163,-0.053237296792827495,-0.041264971756824836,0.3815645686733949,-0.14090447335387588,-0.011473978805102154,0.09210550216530325,0.019170970172630305,1.0
C447427,-12.2279,25.8119,0.24851187641307682,-0.5313350968921425,-0.05841913822343679,0.09616619741083864,-0.11374101860818858,-0.21293410625512485,-0.14654278456953648,-0.03454710126050093,-0.14504387336814284,-0.17864861764888534,2.887273640604827,-0.23381175470055307,-0.32057788249286395,-0.048751399722475865,-0.043721131724843085,0.22120635106344919,-0.14252678079919529,0.11534351848265792,-0.042270243280464914,-0.23313004452022557,1.0
C447428,-12.2279,25.8119,2.692385047331286,-0.5313350968921425,-0.7275794159680367,1.7459883776262581,0.660886617957057,-0.20934621544139645,-0.16068214930343483,1.386087860545974,-0.14573097144123276,-0.17829344972131891,-0.049380476909137896,-0.23409017464507872,-0.33163006561158154,-0.05219203922303682,-0.03446329799923584,0.2028602837945147,-0.1414452425023157,-0.0654619990790343,0.006401286566033789,0.20266261722198003,0.0
C447429,51.48194,16.18004,0.4049197593518422,2.171072335146724,-0.8505565101325988,0.3443695342574062,0.5941968214315722,-0.05088103783505847,-0.10412469036784153,0.2667997088196604,-0.038543672039206923,-0.17574807957375957,0.5518480924172808,-0.22626910529431282,-0.33048800668931405,-0.04539786501939746,-0.03512457183677921,-0.0003054241096113948,0.1765270167802883,0.12259023261338704,-0.036450821233600945,3.849559102327806,1.0
C447430,-12.55,27.83056,0.8382999349946711,-0.4133344860443466,-0.8340679611943335,2.0233921070430103,0.24535788575980608,-0.20139305747096517,-0.14654278456953648,0.09460153163099681,-0.1461890368232927,-0.17924056419482937,-0.35069971969383557,-0.2339256537687681,-0.3314704229665334,-0.05423900196387688,-0.04589388861962846,-0.01321561959515787,-0.14090447335387588,-0.14970505084876057,-0.0015342889524170874,-0.31570128569243294,1.0
C447432,51.48194,16.18004,0.3560422959334781,0.043192467399584995,-0.7131519356470546,0.422237247777898,-0.149650909044988,-0.164617176630249,-0.11826405510173986,0.1807006202253286,-0.13290514074355445,-0.14029048147171186,0.22454610744058723,-0.23314101574328674,-0.33166690622197725,-0.03673093766988315,-0.03540797491001209,0.021438063023940565,-0.11440678508032555,0.25846612256455853,-0.039625051440981295,3.702765784688326,1.0
C447433,51.48194,16.18004,-0.36082716753586336,0.9040165957154731,-0.9295641404617867,-0.32723949485683534,-0.47283992297618327,-0.12443279951649083,-0.14654278456953648,-0.42199299993499423,-0.1452729060591728,-0.17379465597214425,-0.37950229437178457,-0.23358395656412298,-0.3313599011353462,-0.05367282078024027,-0.045799420928550834,-0.09984982614290396,-0.13549678186947786,-0.09879688408038835,-0.05972850942105685,-0.2881775386350305,1.0
C447434,-12.6601,28.04565,1.0924627447701651,1.1690343610621623,-0.7371977361820248,2.188860998274055,1.2457048336420768,0.03821825070586362,-0.10412469036784153,0.6111960631969877,-0.14550193875020279,-0.17924056419482937,-0.25986083032491936,-0.23397627557686368,-0.3313844615422767,-0.05345505878653388,-0.043343260960532586,0.04793793796795701,-0.1446898573929545,0.01207784211976758,-0.0004762122166236317,-0.008352776884772152,1.0
C447435,51.5486,16.05225,0.9751568325660912,0.8556556896303108,-0.7797931542725435,0.7531750302399879,1.4816841136553305,-0.08855389137920676,-0.10412469036784153,0.6111960631969877,-0.1166438196804266,-0.1761624421559204,-0.2860449891230548,0.9705823035092986,-0.30989410547810364,-0.03995381517673772,-0.030873525738286087,0.01736115918639957,0.0364678073343794,0.10085009022119962,-0.026928130611459888,5.978062208100263,0.0
C447436,33.05899,-110.74239,1.61382235456605,-0.4404165934520375,0.2026495532990971,1.2739153644082768,-0.5241397664573253,-0.20898742636002363,-0.07584596090004486,0.8264437846828174,-0.14550193875020279,-0.17858942299429093,-0.35845425903020645,-0.23400158648091146,-0.3319125102912821,-0.054413211558841997,-0.04447687325346408,-0.09346267679742307,-0.13928216590855647,-0.18104708946416415,-0.02798620734725334,0.21183719957444752,1.0
C447437,-22.7969,-69.2543,2.239453886321111,-0.525531788161923,-0.8237626181079176,1.050045688036863,-0.42154007949504113,-0.2132330971562689,-0.06170659616614655,-0.03454710126050093,-0.1461890368232927,-0.17036136600566884,0.534727680895423,-0.23379909924852918,-0.3307950117759451,-0.05423900196387688,-0.04627175938393896,-0.09753958063496405,-0.09007217340053443,-0.09390535204214617,-0.03856697470518784,-0.012940068061005896,1.0
C447438,-25.8,-69.84,1.4313464911374902,-0.3050060564135832,-0.5015488909393166,0.23730142816673,0.3376976040258618,-0.11905096329589822,0.07968705117283667,4.012110062673095,-0.07541793529503205,-0.1779974764483469,0.742186785219112,-0.23402689738495924,-0.32930910715665085,-0.05389058277394666,-0.04523261478208508,-0.08836654700049683,-0.14198601165075547,-0.19282299992659901,-0.0565542792136765,0.7714867230749641,1.0
C447439,48.08419,-79.91753,-0.8789282797705237,-0.4868430632937933,0.8072296810354911,-0.5705760996083722,-0.15991087774121646,-0.21084116994711663,-0.11826405510173986,-0.6802902657179898,-0.14573097144123276,-0.17924056419482937,-0.44580864111290924,-0.23428000642543712,-0.33205987273286497,-0.05458742115380711,-0.04598835631070608,-0.10433442036419904,-0.14198601165075547,-0.21347613519917708,-0.0692512000431979,-0.4166216915695753,1.0
C447440,-10.5804,26.1899,-0.07082088458690251,2.538615221393957,-0.8059000234247969,-0.040102301250021996,4.8726037677588225,-0.17388589456571404,-0.16068214930343483,0.008502443036664904,-0.1461890368232927,-0.17924056419482937,-0.3051795667063077,-0.2341281410011504,-0.3318019884600949,-0.054456763957583275,-0.04438240556238646,-0.06730254383986836,-0.1446898573929545,-0.18883730715469796,-0.047031588591535445,-0.1413842209955507,0.0
C447442,-21.9182,-68.832,1.7637132423823665,-0.35530139874215194,-0.7509381936305792,1.2544484360281538,0.06067844922769451,-0.20396437922080385,-0.04756723143224824,1.6013355820318038,-0.14366967722196303,-0.17924056419482937,-0.214542093943531,-0.2339509646728159,-0.2994559325326482,-0.053542163584016436,-0.04523261478208508,-0.09237550244074547,-0.13928216590855647,-0.1149208230212607,0.08575704175054256,0.19348803486951255,1.0
C447443,-21.9182,-68.832,2.1286649692394857,-0.11543130455974715,-0.726892393095609,0.8602431363306642,0.24535788575980608,-0.19284191769824577,-0.0334278666983499,1.42913740484314,-0.14550193875020279,-0.17924056419482937,-0.4171671997198718,-0.23403955283698313,-0.3314213021526724,-0.05428255436261816,-0.04627175938393896,-0.09291908961908428,-0.05438140960350745,-0.11763834082028413,0.01698205392396829,0.13844054075470763,0.0
C447444,49.63,-125.66,0.6525655740048875,-0.33595703630808704,0.3057029841632552,0.028031948080408372,0.6249767275202575,-0.17759338173990005,0.0372689569711417,0.3098492531168264,-0.14550193875020279,-0.1748601597548435,-0.44272696703897485,-0.23329288116757346,-0.32966523305714285,-0.05428255436261816,-0.04570495323747321,-0.0971998386485023,-0.0852052510645762,-0.19880153908445056,-0.061315624524747016,-0.012940068061005896,1.0
C447445,37.63949,-91.12258,-0.7518468748827768,1.726151999163231,-0.7715488798034109,-0.4002404762822964,2.6923604198102833,-0.12562876312106697,-0.11826405510173986,-0.5511416328264921,-0.13427933688973429,-0.1679935798218927,-0.2769812418467772,5.030451312774183,-0.2775971703645179,0.0082151378311157,-0.04872791935195721,0.48960252036823115,-0.14090447335387588,-0.18104708946416415,-0.061844662892643745,-0.4074471092171078,1.0
C447446,-25.8,-69.84,1.5128089301680971,0.4823094946528581,-0.30231225793527766,0.2616350886418837,0.5428969779504302,-0.08197609155403801,0.15038387484232832,6.121537733234225,-0.14550193875020279,-0.17829344972131891,-0.44290824198450035,-0.2331916375513823,-0.3288547396284369,-0.05197427722933043,-0.04041476253712621,-0.08265888162793944,-0.1414452425023157,-0.19209832851352612,-0.050205818798915794,1.3127870818705458,0.0
C447447,47.47237,-115.77932,-0.7160034017093098,-0.5158596069448906,-0.3181137840011153,-0.4683747256127267,-0.4523199855837264,0.34976676969794696,-0.14654278456953648,-0.5511416328264921,0.17010510948909552,-0.16035746937921463,-0.4083048690497336,3.6003852340742704,-0.27722876426056065,-0.051146781653246154,-0.04664963014824946,-0.036997558647480326,-0.13820062761167687,-0.1948158463125495,-0.06025754778895357,-0.46708189450814647,0.0
C447448,-22.7969,-69.2543,2.985649827841471,-0.517794043188297,-0.7962817032108088,0.34923626635243693,-0.4523199855837264,-0.21472805166198908,-0.0334278666983499,1.7304842149233017,-0.14504387336814284,-0.16698727069378785,-0.1782871048384203,-0.23276135218256994,-0.3314827031699986,-0.053847030375205385,-0.04079263330143671,-0.09074474090572907,-0.11711063082252456,-0.1035072482653623,0.018040130659761736,0.221011781926915,0.0
C447449,-31.69246,-71.26454,1.6170808521272741,0.8189014010055874,0.0927258937106617,-0.20557119248106695,1.5688938475732719,-0.1568434132005041,-0.11826405510173986,1.1708401390601448,-0.14573097144123276,-0.17864861764888534,-0.4460100577190487,-0.23386237650864863,-0.3313844615422767,-0.05214848682429554,-0.01641996900340947,-0.09794727101871815,-0.1446898573929545,-0.20767876389459378,-0.061844662892643745,1.165993764231066,1.0
C447450,40.14927,-7.74815,-0.46509908949504025,-0.5390728418657684,0.024023606467889636,-0.2883056380965895,-0.5446597038497821,-0.2059377191683545,-0.14654278456953648,-0.5941911771236579,-0.017701697155479677,2.0112576290710735,0.8328242579818886,-0.2339256537687681,-0.27379030729029297,-0.054413211558841997,-0.046082824001783707,-0.10419852356961436,-0.14036370420543606,-0.21347613519917708,-0.0692512000431979,-0.46708189450814647,1.0
C447452,48.08419,-79.91753,-0.7811733529337954,2.7127144833005414,0.5392907607886801,-0.5949097600835258,-0.24199062731104382,-0.1561258350377584,-0.10412469036784153,-0.6802902657179898,-0.1461890368232927,-0.17924056419482937,-0.44593956190689993,-0.2341407964531743,-0.33205987273286497,-0.054413211558841997,-0.04872791935195721,-0.10379083318586026,-0.1446898573929545,-0.21130212095995832,-0.06819312330740444,-0.3753360709834716,0.0
C447453,47.50167,-116.07018,-0.8854452748929722,-0.48490862705038673,1.5973059843273698,-0.5949097600835258,-0.006011347297790154,2.1897567753383314,-0.16068214930343483,-0.6802902657179898,0.43578303108386035,0.032972272526107294,-0.31726456307467793,-0.23296383941495225,-0.3181218417998156,-0.05450031635632455,-0.04872791935195721,-0.09753958063496405,-0.1446898573929545,-0.20659175677498437,-0.06819312330740444,-0.33863774157360166,0.0
C447454,-10.5804,26.1899,0.22570239348450694,0.11283217216221861,-0.6671214031943974,0.3833033910176521,0.7070564770900849,-0.17950692350722186,-0.08998532563394321,0.4820474303054901,-0.1461890368232927,-0.17793828179375248,-0.06650088843099572,-0.23398893102888757,-0.3317897082566297,-0.053803477976464106,-0.04050923022820383,0.40670547567156434,-0.14198601165075547,-0.15187906508797935,-0.04174120491256819,-0.06340027099957707,1.0
C447455,40.14927,-7.74815,1.369435037474229,-0.47523644583335434,-0.5304038515812809,1.088979544797109,-0.4779699073242974,0.20146728273050613,0.0372689569711417,-0.37894345563782833,-0.1452729060591728,0.9694317082095711,-0.4454561620521651,-0.23402689738495924,-0.33014416099228727,-0.05515360233744372,-0.04872791935195721,-0.101412639280628,-0.14198601165075547,-0.19101132139391672,-0.06448985473212737,-0.32946315922113417,1.0
C447456,47.47237,-115.77932,-0.882186777331748,-0.4965152445108257,0.024023606467889636,-0.5949097600835258,-0.31894039253275697,0.8024389940300143,-0.11826405510173986,-0.6802902657179898,0.0354338871634733,-0.1781750604121301,-0.4442275207547141,6.473172843497988,0.52393170981181,-0.05432610676135944,-0.04872791935195721,-0.09339472840013072,-0.1446898573929545,-0.21347613519917708,-0.067135046571611,-0.3982725268646403,0.0
C447457,47.47237,-115.77932,-0.8365678114746081,-0.4268755397481921,0.3057029841632552,-0.5462424391332185,-0.2932904707921859,0.9579142626249119,-0.13240341983563816,-0.5941911771236579,-0.027321070178738405,-0.1778198924845637,-0.4437944750515142,4.321745999436173,0.36428906476366746,-0.054456763957583275,-0.04872791935195721,-0.09536523192160887,-0.1446898573929545,-0.20894693886747137,-0.06448985473212737,-0.40285981804087406,1.0
C447458,-22.7969,-69.2543,1.5291014179742182,-0.533269533135549,-0.7426939191614466,0.7823754228101724,-0.5087498134129826,-0.21197733537146396,-0.16068214930343483,-0.03454710126050093,-0.1452729060591728,-0.1767543887018644,-0.3809122106147611,-0.23344474659186018,-0.3314827031699986,-0.05458742115380711,-0.04872791935195721,-0.09794727101871815,-0.126844475494441,-0.2004320497638646,-0.05549620247788305,-0.2147808798152906,1.0
C447459,-23.4285,-70.0549,1.421570998453817,-0.4307444122350051,-0.7921595659762424,-0.5657093675133414,-0.37024023601389905,-0.2045025628428631,-0.14654278456953648,-0.24979482274633058,-0.13931805609239362,-0.17864861764888534,-0.2659033285091045,-0.23345740204388407,-0.33113885747297184,-0.05423900196387688,-0.04655516245717183,-0.102771607226475,-0.14252678079919529,-0.13339994405462002,-0.017934478357215563,-0.3615741974547704,1.0
C447460,47.47237,-115.77932,-0.7648808651276738,-0.5061874257278581,0.15455795222915658,-0.5413757070381877,-0.3651102516657848,0.8203784480986563,-0.14654278456953648,-0.5511416328264921,-0.10335992360068835,-0.1763400261197036,-0.4422234255236261,3.195410769309693,0.7388352704535404,-0.05397768757142922,-0.04872791935195721,-0.08768706302757333,-0.14252678079919529,-0.205504749655375,-0.06025754778895357,-0.41203440039334155,1.0
C447462,48.08419,-79.91753,1.0892042472089407,-0.26244845905864045,0.1476877235048794,-0.0060351765848068095,-0.19582076817801594,-0.17926773078630664,-0.11826405510173986,0.4389978860083241,-0.1461890368232927,-0.17864861764888534,-0.4460301993796627,-0.23345740204388407,-0.32977575488833005,-0.054413211558841997,-0.046838565530404705,-0.09957803255373456,-0.1446898573929545,-0.18050358590435947,-0.016876401621422107,0.16137699663587635,1.0
C447463,-22.7969,-69.2543,0.75357899840284,-0.529400660648736,-0.4046786659270081,0.5974396031990045,-0.4574499699318406,-0.2133526935167265,-0.18896087877123147,-0.16369573415199873,-0.14550193875020279,-0.1778198924845637,-0.3011512345835176,-0.2335586456600752,-0.33175286764623396,-0.05423900196387688,-0.04627175938393896,-0.0976075290322564,0.06566934135012874,-0.2004320497638646,-0.062373701260540475,-0.2147808798152906,1.0
C447464,-26.5709,-70.3101,1.1674081886783236,-0.150251156941064,0.41562664375169034,2.855603295293266,-0.03679125338647544,-0.1399803263759806,-0.16068214930343483,0.6972951517913196,-0.1461890368232927,-0.17841183903050772,-0.34939051175392877,-0.23381175470055307,-0.3318879498843516,-0.054151897166394326,-0.042398584049756334,-0.01797200740562236,-0.13982293505699628,-0.1902866499808438,-0.062373701260540475,0.29899573192288864,1.0
C447465,-23.4285,-70.0549,1.4574144716272845,-0.5042529894844516,-0.8835336080091294,-0.5754428317034029,-0.39589015775447006,-0.2059377191683545,-0.13240341983563816,-0.12064618985483284,-0.1461890368232927,-0.17924056419482937,-0.43388477802945064,-0.2339256537687681,-0.33166690622197725,-0.05454386875506583,-0.04664963014824946,-0.10392672998044494,-0.14252678079919529,-0.16202446487100017,-0.012115056310351589,-0.37074877980723786,1.0
C447466,-26.5709,-70.3101,1.2488706277089305,-0.5081218619712646,-0.38544202549903195,1.82385609114675,1.230314880597734,-0.19547303762831328,-0.07584596090004486,0.6111960631969877,-0.1461890368232927,-0.17847103368510212,-0.4305614040281488,-0.2341407964531743,-0.3315072635769291,-0.05180006763436532,-0.04532708247316271,-0.09285114122179192,-0.1446898573929545,-0.14970505084876057,-0.048618703695225626,0.13844054075470763,0.0
C447467,-10.5804,26.1899,1.8614681692190946,-0.4945808082674192,-0.6836099521326626,1.7216547171511045,2.0305924389035503,-0.20665529733110014,-0.04756723143224824,1.902682392111965,-0.1461890368232927,-0.176399220774298,-0.42190048996415014,-0.2339256537687681,-0.3314458625596029,-0.05275822040667343,-0.03701392565833171,-0.042093688444406564,-0.14198601165075547,-0.14173366530495854,0.007988401669723968,0.14761512310717512,0.0
C447468,-10.5804,26.1899,0.2908723447089924,1.002672844129204,-0.871854219177858,-0.0060351765848068095,2.4409911867526874,-0.19613081761083015,-0.11826405510173986,0.525096974602656,-0.14550193875020279,-0.17924056419482937,0.10369614375688498,-0.23428000642543712,-0.33205987273286497,-0.05454386875506583,-0.042965390196222086,-0.09217165724886842,-0.13982293505699628,-0.10405075182516697,-0.02428293877197626,-0.46708189450814647,1.0
C447469,-21.9182,-68.832,1.8191077009231793,-0.3765801974196233,-0.810709183531791,0.2665018207369144,-0.03166126903836122,-0.2037251864998886,-0.14654278456953648,0.4820474303054901,-0.1461890368232927,-0.17858942299429093,-0.41978561559968536,-0.23405220828900702,-0.33120025849029805,-0.054151897166394326,-0.04598835631070608,-0.09971392934831927,-0.14198601165075547,-0.1870256286220157,-0.034863706129910764,0.10174221134483769,1.0
C447470,-21.9182,-68.832,0.17030793494369406,-0.52166291567511,-0.37032752230562205,0.11076639369593086,-0.49335986036864005,-0.21287430807489607,-0.08998532563394321,0.05155198733383086,-0.1452729060591728,-0.12531423385932774,-0.3394203897500233,-0.23406486374103092,-0.33019328180614826,-0.05406479236891178,-0.04627175938393896,-0.08741526943840393,0.12028702534254881,-0.17162636109421625,-0.036450821233600945,-0.13679692981931696,1.0
C447472,48.08419,-79.91753,-0.5498200260868715,-0.517794043188297,0.0927258937106617,-0.4294408688524808,-0.4625799542799548,-0.21090096812734543,-0.18896087877123147,-0.42199299993499423,-0.14573097144123276,-0.17255156822566178,-0.4452849579369465,-0.2337358219884097,-0.3309792148279237,-0.05158230564065893,-0.045043679399929835,-0.08394990117649408,-0.1414452425023157,-0.20967161028054426,-0.06607696983581755,-0.32487586804490043,1.0
C447473,-25.8,-69.84,1.428087993576266,-0.39205568736687524,-0.2885718004867233,-0.09850308639039076,0.3787374788107755,-0.13938234457369253,0.06554768643893837,4.313456872753256,-0.10427605436480823,-0.1779974764483469,0.5609118396935585,-0.23405220828900702,-0.3286828167799235,-0.05393413517268794,-0.04485474401777458,-0.09176396686511432,-0.14198601165075547,-0.19608402128542712,-0.05443812574208959,0.7760740142511979,0.0
C447474,-26.5709,-70.3101,1.6105638570048253,-0.5313350968921425,-0.2789534802727352,3.0064719902392185,0.12223826140506507,-0.18692189785559393,-0.07584596090004486,0.8694933289799832,-0.14573097144123276,-0.17924056419482937,-0.4108225766264774,-0.23428000642543712,-0.3316791864254425,-0.05375992557772283,-0.046838565530404705,-0.09366652198930012,-0.14252678079919529,-0.1623868005775366,-0.04332832001625837,0.10632950252107143,1.0
C447475,40.14927,-7.74815,5.396938023147438,-0.52166291567511,-0.6259000308487341,-0.11310328267548299,-0.49335986036864005,0.1518347931405965,-0.06170659616614655,-0.5941911771236579,-0.14550193875020279,-0.055819709365498,-0.44056173852297514,-0.2341154855491265,-0.258194448889436,-0.05515360233744372,-0.04872791935195721,-0.10528569792629194,-0.1446898573929545,-0.19735219625830472,-0.061315624524747016,-0.3111139945161992,1.0
C447476,-31.69246,-71.26454,0.7470620032803916,0.46489956846219976,0.8553212821054317,-0.10823655058045226,0.6660166023051711,-0.1798657125885947,-0.13240341983563816,1.1277905947629787,-0.1461890368232927,-0.1767543887018644,-0.44580864111290924,-0.23428000642543712,-0.3315686645942553,-0.05031928607716187,-0.04627175938393896,-0.09441395435951597,-0.1446898573929545,-0.19119248924718496,-0.0629027396284372,0.8953435848332753,1.0
C447477,-23.4285,-70.0549,-0.8300508163521595,4.144197303421344,-0.8004038404453752,-0.5754428317034029,-0.4882298760205258,-0.0915438003906471,-0.18896087877123147,-0.6802902657179898,-0.048392077753495626,-0.1781158657575357,0.742186785219112,-0.22840787668635074,-0.33205987273286497,-0.05515360233744372,-0.04872791935195721,-0.10399467837773729,-0.14198601165075547,-0.16709716476251055,-0.06766408493950772,-0.3615741974547704,1.0
C447478,-25.8,-69.84,1.255387622831379,0.24824270920067285,-0.5551366749886788,0.3930368552077136,-0.13426095600064544,-0.1357944537599641,0.05140832170504003,3.8399118854844314,-0.11114703509570734,-0.17746472455699727,0.6112659912284345,-0.23341943568781237,-0.329873996516052,-0.05436965916010072,-0.04485474401777458,-0.09611266429182472,-0.14198601165075547,-0.18811263574162507,-0.057612355949469944,0.7852485966036654,1.0
C447479,-23.4285,-70.0549,1.9852910765456173,-0.15798890191468995,-0.5853656813754986,-0.5657093675133414,1.1944049901609348,-0.11247316347072946,-0.04756723143224824,3.1080696324326107,-0.14573097144123276,-0.1778790871391581,-0.44574821613106735,-0.22706639877181808,-0.324237383125506,-0.05249690601422577,-0.034179894926002964,-0.09312293481096132,-0.1446898573929545,-0.19300416777986723,-0.042799281648361644,0.4228525936811997,0.0
C447480,40.529973,-112.136459,1.6203393496884984,-0.4868430632937933,-0.8642969675811532,3.4785450034572,0.4454272753362602,-0.21185773901100632,0.023129592237243403,1.1277905947629787,-0.14344064453093305,-0.17924056419482937,-0.30316540064491265,-0.2339129983167442,-0.33172830723930347,-0.05227914402051938,-0.03805307026018558,-0.10304340081564439,0.0754031860220452,-0.15242256864778403,0.06512454540257029,0.25771011133678495,1.0
C447482,40.529973,-112.136459,1.1902176716068933,-0.4636298283729154,-0.8045259776799415,2.135326945228717,0.5685468996910013,-0.2113195553889471,0.05140832170504003,1.1708401390601448,-0.1452729060591728,-0.17924056419482937,-0.36157621642536875,-0.23401424193293535,-0.3317405874427687,-0.05288887760289727,-0.038997747170961834,-0.0992382905672728,-0.07060448405670153,-0.10694943747745864,0.14712549242656264,0.25771011133678495,1.0
C447483,40.529973,-112.136459,-0.04149440653588404,-0.5313350968921425,-0.9048313170543887,0.7142411734797423,-0.3394603299252138,-0.2133526935167265,-0.13240341983563816,-0.16369573415199873,-0.1448148406771129,-0.17924056419482937,-0.3655038402450891,-0.23397627557686368,-0.33177742805316446,-0.053585715982757715,-0.043437728651610205,-0.10365493639127554,0.060802419014170515,-0.17778606810533604,-0.002063327320313811,-0.28359024745879674,0.0
C447484,40.529973,-112.136459,-0.18812679679097652,-0.5119907344580776,-0.9048313170543887,0.42710397987292864,-0.2676405490516149,-0.2131732989760401,0.06554768643893837,-0.12064618985483284,-0.1461890368232927,-0.17924056419482937,-0.41414595062777926,-0.2340775191930548,-0.3318142686635602,-0.05367282078024027,-0.042965390196222086,-0.10379083318586026,-0.12197755315848278,-0.17796723595860425,-0.008411787735074509,-0.19184442393412188,1.0
C447485,40.529973,-112.136459,1.3531425496681075,-0.4210722310179726,-0.6987244553260724,2.393263746265346,0.6506266492608286,-0.21048238086574378,0.15038387484232832,1.42913740484314,-0.1461890368232927,-0.17835264437591333,-0.18634376908400047,-0.23388768741269642,-0.3315686645942553,-0.052627563210449604,-0.04060369791928146,-0.09842290979976462,-0.1025098638146499,-0.1245227192444768,0.08893127195792293,0.28982114957042115,1.0
C447486,40.529973,-112.136459,1.56820338870891,-0.4075311773141272,-0.7179610957540487,2.08665962427841,0.6352366962164858,-0.2109607663075742,0.06554768643893837,1.2999887719516425,-0.14550193875020279,-0.17924056419482937,-0.3675180063064841,-0.2339129983167442,-0.33177742805316446,-0.05214848682429554,-0.035880313365400214,-0.09407421237305422,-0.13874139676011668,-0.09988389119999773,0.09263454053319997,0.20266261722198003,0.0
C447487,40.529973,-112.136459,-0.8333093139133837,-0.5274662244053295,-0.5977320930791976,-0.5219087786580647,-0.5343997351535537,-0.21472805166198908,-0.14654278456953648,-0.5941911771236579,-0.14504387336814284,-0.17924056419482937,0.13894404983129813,-0.23406486374103092,-0.3318142686635602,-0.053847030375205385,-0.04494921170885221,-0.10229596844542854,0.2771100783900916,-0.20369307112269272,-0.061844662892643745,-0.40285981804087406,0.0
C447488,40.529973,-112.136459,1.0142588033007822,-0.529400660648736,-0.9007091798198223,2.6220001547317904,-0.34459031427332804,-0.21341249169695534,-0.07584596090004486,0.998641961871481,-0.1461890368232927,-0.17699116732024203,-0.38927099976955054,-0.23405220828900702,-0.3318879498843516,-0.054108344767653055,-0.03843094102449608,-0.10372288478856789,-0.08844986595521502,-0.10876111601014092,0.04607916415828817,0.4228525936811997,1.0
C447489,40.529973,-112.136459,0.7568374959640642,-0.4945808082674192,-0.896587042585256,2.28619564017467,0.055548464879580296,-0.21024318814482856,-0.019288501964451584,0.7403446960884855,-0.14458580798608292,-0.17864861764888534,-0.3577493009087182,-0.23386237650864863,-0.3317651478496992,-0.0534115063877926,-0.03918668255311709,-0.10399467837773729,0.41338390379692186,-0.17615555742592198,0.039730703743527475,0.10174221134483769,1.0
C447490,40.529973,-112.136459,-0.7160034017093098,-0.5139251707014841,-0.8059000234247969,-0.31750603066677385,-0.07270114382327493,-0.20743267367407464,-0.13240341983563816,-0.4650425442321601,-0.14458580798608292,-0.17752391921159166,-0.30820081579840025,-0.23406486374103092,-0.33171602703583825,-0.053847030375205385,-0.04494921170885221,-0.10161648447250504,-0.13333370527571864,-0.18412694296972404,-0.0629027396284372,-0.34781232392606914,1.0
C447492,40.529973,-112.136459,-0.5139765529134045,-0.529400660648736,-0.8780374250297076,-0.24450504924131286,-0.46770993862806903,-0.21341249169695534,-0.13240341983563816,-0.4650425442321601,-0.14573097144123276,-0.17823425506672452,-0.35785000921178794,-0.23406486374103092,-0.3315563843907901,-0.05345505878653388,-0.04287092250514446,-0.10202417485625914,-0.10629524785372851,-0.19988854620405994,-0.062373701260540475,-0.3340504503973679,0.0
C447493,40.529973,-112.136459,0.704701534984476,-0.4907119357806062,-0.8416252127910383,1.512385237064783,-0.052181206430818076,-0.21263511535398083,-0.08998532563394321,0.3528987974139923,-0.14550193875020279,-0.17924056419482937,-0.3459664294495572,-0.23403955283698313,-0.3319125102912821,-0.05349861118527516,-0.04249305174083396,-0.10324724600752144,-0.11765139997096437,-0.15749526853929444,0.01856916902765847,-0.04046381511840835,1.0
C447494,40.529973,-112.136459,1.532359915535443,-0.47910531832016734,-0.7825412457622544,2.9188708125286658,-0.10348104991196015,-0.2131135007958113,0.13624451010842997,1.6874346706261358,-0.1448148406771129,-0.17924056419482937,-0.2719458266932896,-0.2339509646728159,-0.3310037752348542,-0.0530195347991211,-0.03871434409772896,-0.10120879408875096,0.5593915738756685,-0.04951922799143016,0.12278972750331332,0.3586305172139273,0.0
C447495,40.529973,-112.136459,1.8321416911680761,-0.34949809001193244,-0.7248313244783259,1.3955836667840453,0.7327063988306558,-0.2098843990634557,-0.005149137230553268,1.041691506168647,-0.14573097144123276,-0.17924056419482937,-0.43610036069698516,-0.23400158648091146,-0.3314458625596029,-0.05049349567212698,-0.033802024161692465,-0.08666783706818808,-0.1414452425023157,-0.11002929098301852,0.02333051433872899,0.014583678996396563,0.0
C447496,41.2496,-116.77815,-0.1457663284950609,1.2928382806401777,-0.9137626143959491,0.7580417623350187,-0.5241397664573253,-0.21090096812734543,-0.14654278456953648,-0.42199299993499423,0.1563631480272973,-0.17924056419482937,-0.4429384544754213,-0.2333814693317407,-0.33089325340366704,-0.05450031635632455,-0.04636622707501658,-0.10365493639127554,-0.13982293505699628,-0.20858460316093488,-0.06448985473212737,-0.3661614886310041,1.0
C447497,41.2496,-116.77815,0.5515521496069347,-0.29146500270973774,-0.9295641404617867,2.412730674645469,-0.539529719501668,-0.21119995902848945,-0.18896087877123147,-0.6802902657179898,0.3464602815821722,-0.17924056419482937,-0.4428176045117376,-0.2327993185386416,-0.32995995794030863,-0.05450031635632455,-0.04636622707501658,-0.10528569792629194,-0.14198601165075547,-0.21347613519917708,-0.0692512000431979,-0.4166216915695753,0.0
C447498,41.2496,-116.77815,-0.204419284597098,0.4629651322187933,-0.930938186206642,0.6753073167194963,-0.5497896881978963,-0.20946581180185408,-0.18896087877123147,-0.6802902657179898,0.07001782350899872,-0.17924056419482937,-0.44357291678476074,-0.2337231665363858,-0.3309669346244585,-0.054413211558841997,-0.046082824001783707,-0.10528569792629194,-0.1414452425023157,-0.21347613519917708,-0.0692512000431979,-0.4166216915695753,1.0
C447499,41.2496,-116.77815,-0.13924933337261236,0.9871973541819521,-0.9316252090790698,0.6023063352940353,-0.5497896881978963,-0.20940601362162525,-0.18896087877123147,-0.6802902657179898,0.36249256995427004,-0.17924056419482937,-0.4450029746883512,-0.23365988927626635,-0.3307213305551536,-0.054413211558841997,-0.04532708247316271,-0.10460621395336844,-0.14198601165075547,-0.21347613519917708,-0.0692512000431979,-0.4166216915695753,1.0
C447500,41.2496,-116.77815,0.8057149593824285,0.17666856819463278,-0.9329992548239252,2.8507365631982355,-0.5549196725460106,-0.21281450989466727,-0.18896087877123147,-0.6802902657179898,0.4495249925456586,-0.17924056419482937,-0.4452950287672535,-0.2337358219884097,-0.3314458625596029,-0.05458742115380711,-0.04872791935195721,-0.10528569792629194,-0.14252678079919529,-0.21347613519917708,-0.0692512000431979,-0.42120898274580904,1.0
C447502,40.529973,-112.136459,-0.5530785236480957,1.8035294488994909,-0.3181137840011153,-0.3223727627618046,0.8506960388372826,-0.11486509067988174,-0.18896087877123147,-0.4650425442321601,-0.14504387336814284,-0.1781158657575357,-0.3985361636519677,-0.23387503196067252,-0.33034064424773113,-0.0534115063877926,-0.04362666403376546,-0.09278319282449957,-0.07168602235358114,0.29288801468552195,-0.06607696983581755,-0.29735212098749797,0.0
C447503,32.693216,-110.68041,-0.048011401658332606,-0.5274662244053295,-0.7529992622478624,0.04749887646053134,-0.4984898447167543,-0.21472805166198908,-0.11826405510173986,0.09460153163099681,-0.1452729060591728,-0.1781158657575357,-0.32733539338165313,-0.23383706560460085,-0.33164234581504676,-0.05336795398905133,-0.043437728651610205,-0.09937418736185752,15.971312304410045,-0.120718194325844,0.005343209830240342,-0.15514609452425193,0.0
C447504,32.693216,-110.68041,1.933155115566029,-0.36884245244599734,-0.7935336117210979,1.5951196826803056,0.11197829270883665,-0.20743267367407464,-0.04756723143224824,1.1708401390601448,-0.14550193875020279,-0.17924056419482937,-0.3394203897500233,-0.23397627557686368,-0.3314335823561377,-0.05310663959660366,-0.04220964866760108,-0.09054089571385203,0.07378087857672579,-0.190467817834112,-0.050205818798915794,0.14302783193094137,1.0
C447505,33.405295,-110.884481,1.323816071617089,-0.525531788161923,-0.35109088187764587,0.9916449028964941,-0.4061501264506985,-0.21233612445283678,-0.0334278666983499,1.2138896833573107,-0.1461890368232927,-0.1778198924845637,-0.44556694118554185,-0.2341154855491265,-0.3318265488670254,-0.054151897166394326,-0.04561048554639558,-0.10216007165084386,-0.13765985846323706,-0.10749294103726333,0.05665993151622267,0.23477365545561624,0.0
C447506,32.693216,-110.68041,-0.03497741141343548,-0.5274662244053295,-0.15460234036331771,0.09616619741083864,-0.5292697508054395,-0.21472805166198908,-0.11826405510173986,0.05155198733383086,-0.143898709912993,-0.17858942299429093,0.9939575428934917,-0.2339129983167442,-0.3319247904947473,-0.052714668007932154,-0.04220964866760108,-0.09706394185391762,0.9162992118459383,-0.13666096541344813,-0.005766595895590883,-0.11386047393814824,0.0
C447507,33.405295,-110.884481,0.03996803249472293,-0.52166291567511,-0.8945259739679728,0.04263214436550059,-0.5036198290648685,-0.21472805166198908,-0.04756723143224824,-0.12064618985483284,-0.1461890368232927,-0.15923277094192098,3.521735949944264,-0.23341943568781237,-0.3318388290704906,-0.05515360233744372,-0.045421550164240335,-0.10528569792629194,-0.05816679364258607,-0.16528548622982828,-0.006824672631384338,-0.2698283739300955,0.0
C447508,40.529973,-112.136459,0.8611094179232412,-0.434613284721818,-0.9075794085440996,1.853056483716934,-0.15478089339310222,-0.21078137176688783,-0.0334278666983499,0.3098492531168264,-0.14573097144123276,-0.17924056419482937,-0.4239146560255452,-0.23397627557686368,-0.33170374683237297,-0.05367282078024027,-0.042020713285445835,-0.1038587815831526,-0.02031295325179988,-0.18467044652952874,0.058247046619912854,-0.09092401805697953,0.0
C447509,44.35607,-103.76501,-0.4292556163215732,-0.48490862705038673,0.9240235693482037,-0.36617335161708126,1.2200549119015058,0.2546876631341442,-0.16068214930343483,-0.24979482274633058,-0.14573097144123276,-0.17924056419482937,-0.44455985815484433,-0.23428000642543712,-0.33120025849029805,-0.05393413517268794,-0.044099002489153584,-0.1001895681293657,-0.14252678079919529,-0.19916387479098702,-0.042270243280464914,-0.2927648298112642,0.0
C447510,37.85921,-106.93872,-0.8756697822092995,-0.5352039693789555,-0.9316252090790698,-0.5949097600835258,-0.5703096255903531,-0.21263511535398083,-0.18896087877123147,-0.6802902657179898,-0.11504059084321681,-0.17663599939267563,-0.43971578877718925,-0.14828620992308397,0.10272073095401857,-0.054151897166394326,-0.04872791935195721,-0.07715506144725909,1.4138068284105567,-0.18485161438279696,-0.06819312330740444,-0.4074471092171078,1.0
C447512,40.529973,-112.136459,-0.2272287675256679,2.6740257584324114,-0.25284661112048173,-0.463507993517696,1.0302454910212802,-0.09273976399522323,-0.14654278456953648,-0.5080920885293261,-0.143898709912993,-0.17924056419482937,-0.24576166789515408,-0.23400158648091146,-0.3251338379784687,-0.0522355916217781,-0.04655516245717183,-0.0738935383772263,-0.13874139676011668,0.039253020110001875,-0.06448985473212737,-0.35698690627853663,1.0
C447513,37.85921,-106.93872,-0.6117314797501329,-0.4578265196426959,-0.6808618606429517,-0.3613066195220505,-0.5497896881978963,-0.19672879941311822,-0.18896087877123147,-0.5511416328264921,-0.10587928320201803,0.0347481121639394,-0.428446529663684,1.0034864787714206,0.029039510162568165,-0.05428255436261816,-0.04598835631070608,-0.10263571043189029,-0.12954832123664003,-0.16727833261577876,-0.06025754778895357,-0.34781232392606914,0.0
C447514,40.529973,-112.136459,-0.57914650413789,2.3258272346192435,-0.5159763712602988,-0.463507993517696,0.2812677761966055,-0.12084490870276242,-0.18896087877123147,-0.4650425442321601,-0.14550193875020279,-0.17841183903050772,-0.4029673289870368,-0.23386237650864863,-0.33045116607891833,-0.05389058277394666,-0.04466580863561933,-0.09699599345662527,15.755004645034125,0.039253020110001875,-0.06660600820371428,-0.32946315922113417,0.0
C447515,32.693216,-110.68041,1.7018017887191055,-0.33208816382127404,-0.680174837770524,1.3858502025939836,0.15814815184186445,-0.2007352774884483,-0.005149137230553268,2.1179301135977946,-0.14550193875020279,-0.17924056419482937,-0.3963205809844332,-0.2339256537687681,-0.33171602703583825,-0.051712962836882766,-0.04088710099251434,-0.05894489097290933,-0.09547986488493246,-0.10133323402614355,0.004814171462343619,0.3448686436852261,1.0
C447516,32.693216,-110.68041,1.7865227253109366,-0.4578265196426959,-0.781167200017399,1.5853862184902439,0.20431801097489238,-0.20904722454025243,-0.04756723143224824,1.1277905947629787,-0.1461890368232927,-0.17924056419482937,-0.41434736723391874,-0.23405220828900702,-0.3313844615422767,-0.053542163584016436,-0.04287092250514446,-0.08252298483335474,-0.08141986702549758,-0.1859386215024063,-0.050734857166812516,0.060456590758734,1.0
C447517,33.405295,-110.884481,-0.5986974895052357,-0.5390728418657684,0.1339472660563249,-0.3564398874270198,-0.5549196725460106,-0.21472805166198908,-0.13240341983563816,-0.42199299993499423,-0.14298257914887313,-0.17853022833969653,1.6183490219259533,-0.233938309220792,-0.3317651478496992,-0.05315019199534494,-0.045799420928550834,-0.09325883160554603,0.17274163274120968,-0.1699958504148022,-0.048618703695225626,-0.37992336215970535,0.0
C447518,40.529973,-112.136459,-0.5139765529134045,2.113039247844529,-0.12712142546620886,-0.29317237019162024,0.03502852748712344,-0.11665903608674594,-0.16068214930343483,-0.42199299993499423,-0.1448148406771129,-0.17847103368510212,-0.3818185853423889,-0.23403955283698313,-0.33099149503138897,-0.05367282078024027,-0.04598835631070608,-0.08992936013822088,-0.12251832230692258,0.05012309130609559,-0.061844662892643745,-0.38909794451217283,1.0
C447519,40.529973,-112.136459,1.5975298667599283,-0.45202321091247644,-0.8711671963054303,3.3471432368913705,0.6454966649127143,-0.2114391517494047,0.05140832170504003,1.1277905947629787,-0.14573097144123276,-0.17924056419482937,-0.43728871867320823,-0.233938309220792,-0.33160673322499756,-0.05249690601422577,-0.03852540871557371,-0.10066520691041214,-0.003008340501726197,-0.14119016174515386,0.12966722628597074,0.24394823780808372,1.0
C447520,40.529973,-112.136459,1.369435037474229,-0.5081218619712646,-0.8175794122560681,3.244941862895725,0.6762765710013996,-0.2122165280923792,-0.04756723143224824,1.0847410504658128,-0.1448148406771129,-0.17924056419482937,-0.30719373276770273,-0.2339636201248398,-0.3319247904947473,-0.05214848682429554,-0.03285734725091621,-0.10202417485625914,0.06404703390480933,-0.11727600511374767,0.1270220344464871,0.3035830230991224,1.0
C447522,40.529973,-112.136459,-0.8854452748929722,-0.36884245244599734,-0.8120832292766463,-0.5949097600835258,-0.539529719501668,11.326918714300009,-0.14654278456953648,-0.6802902657179898,0.1746857633096949,-0.17195962167971773,-0.3698342972770884,1.879243758824818,0.33358855610056315,-0.05406479236891178,-0.04872791935195721,-0.1015485360752127,-0.12954832123664003,-0.20713526033478905,-0.06766408493950772,-0.40285981804087406,0.0
C447523,37.84912,-106.92615,1.6626998179844137,-0.40559674107072063,-0.756434376610001,2.5343989770212376,0.860956007533511,-0.20928641726116765,0.15038387484232832,1.386087860545974,-0.14550193875020279,-0.17847103368510212,-0.31323623095188785,-0.2339256537687681,-0.3314704229665334,-0.05079836246331593,-0.03125139650259659,-0.09862675499164165,-0.04248448833783179,-0.11310914448857841,0.037614550271940585,0.35404322603769356,1.0
C447524,40.529973,-112.136459,-0.1457663284950609,-0.533269533135549,-0.8821595622642738,0.7093744413847114,-0.26251056470350065,-0.212276326272608,-0.14654278456953648,0.008502443036664904,-0.14137935031166335,-0.17924056419482937,-0.1772800218077228,-0.2339003428647203,-0.3316177854081163,-0.05362926838149899,-0.044760276326696956,-0.10392672998044494,0.007266273318630054,-0.1997073783507917,0.005343209830240342,-0.19643171511035562,1.0
C447525,32.693216,-110.68041,1.5421354082191157,-0.47910531832016734,-0.8072740691696523,1.142513597842447,-0.22660067426670116,-0.20874823363910838,-0.06170659616614655,0.9125428732771491,-0.14550193875020279,-0.17924056419482937,-0.3517068027245331,-0.23344474659186018,-0.3315318239838596,-0.05389058277394666,-0.04287092250514446,-0.09971392934831927,-0.013823723470522251,-0.18974314642103912,-0.05179293390260596,0.08798033781613646,1.0
C447526,22.5827,104.083,-0.31194970411749917,-0.343694781281713,2.1194433673724378,-0.5657093675133414,2.040852407599779,0.19608544650991355,-0.13240341983563816,-0.42199299993499423,-0.1461890368232927,-0.17924056419482937,-0.44507347050050006,-0.23428000642543712,-0.33086869299673655,-0.05367282078024027,-0.04664963014824946,-0.09251139923533017,-0.1446898573929545,-0.19753336411157296,-0.050205818798915794,-0.3615741974547704,1.0
C447527,22.5827,104.083,0.6232390959538691,-0.0767425796916174,1.0820388300065793,0.21783449978660704,0.24022790141169187,-0.11426710887759367,-0.005149137230553268,0.39594834171115817,-0.14573097144123276,-0.17864861764888534,-0.2528112491100367,-0.2340775191930548,-0.3313599011353462,-0.053803477976464106,-0.04447687325346408,-0.06743844063445306,-0.1446898573929545,-0.07415805603590926,0.03073705148928315,0.24853552898431747,0.0
C447528,22.5827,104.083,1.0403267837905765,-0.07093927096139788,-0.07902982439626846,1.0403122238468014,1.0251155066731659,-0.16766688382191813,-0.0334278666983499,0.5681465188998219,-0.14504387336814284,-0.1765768047380812,-0.024203401141699925,-0.23401424193293535,-0.32890386044229786,-0.05288887760289727,-0.04249305174083396,-0.030882202891168838,-0.1446898573929545,1.2929345647261437,0.6190277165904414,0.1980753260457463,0.0
C447529,22.5827,104.083,0.5711031349742806,-0.29726831143995724,0.11333657988349337,0.38817012311268273,0.3325676196777476,-0.19266252315755938,0.05140832170504003,0.3098492531168264,-0.14458580798608292,-0.17924056419482937,0.8630367489028142,-0.2337358219884097,-0.3291494645116027,-0.05193072483058916,-0.04457134094454171,-0.008459231784693379,-0.1446898573929545,0.7729828258463278,0.027562821281902794,-0.17808255040542065,1.0
C447530,22.5827,104.083,1.6789923057905354,-0.3243504188476481,-0.7234572787334703,-0.1909709961959748,-0.27790051774784325,-0.20611711370904087,-0.04756723143224824,0.13765107592816264,-0.1461890368232927,-0.17924056419482937,-0.3694314640648094,-0.2341154855491265,-0.33131078032148525,-0.05432610676135944,-0.045799420928550834,-0.08789090821945038,-0.1446898573929545,-0.15985045063178138,0.02703378291400608,-0.3202885768686667,1.0
C447532,-5.8814,-52.01587,-0.8007243383011411,0.7511961324863603,2.091962452475329,-0.5949097600835258,1.404734348433617,0.5811857271834292,-0.18896087877123147,-0.6802902657179898,-0.14573097144123276,-0.17924056419482937,-0.44582878277352317,-0.23402689738495924,-0.3316472578964329,-0.05454386875506583,-0.04872791935195721,-0.10229596844542854,-0.1446898573929545,-0.1667348290559741,-0.06343177799633393,-0.21936817099152434,1.0
C447533,22.5827,104.083,0.7796469788926342,0.12056991713584457,0.6148632767557295,-0.32723949485683534,-0.26251056470350065,-0.18991180686703427,-0.08998532563394321,0.5681465188998219,-0.1452729060591728,-0.17710955662943084,-0.3394203897500233,-0.23398893102888757,-0.3317651478496992,-0.05432610676135944,-0.04060369791928146,-0.07572814510411975,-0.1446898573929545,4.31662603577288,0.337050266501487,0.12926595840224014,1.0
C447534,29.91826,-115.23284,0.7991979642599801,-0.4674987008597284,-0.40124355156486946,-0.5705760996083722,-0.13939094034875965,-0.20677489369155777,-0.14654278456953648,1.1277905947629787,-0.1452729060591728,-0.176103247501326,0.010037421902015715,-0.23428000642543712,-0.33127393971108954,-0.054456763957583275,-0.04523261478208508,-0.09298703801637662,-0.12143678401004299,0.11896687554802247,-0.048618703695225626,1.1338827259974298,1.0
C447535,-28.2962,-70.8065,1.8810191545864403,-0.3456292175251195,-0.5420832404125522,-0.5754428317034029,1.4509042075666454,-0.19571223034922852,-0.08998532563394321,1.558286037734638,-0.1461890368232927,-0.17924056419482937,-0.44316001274217476,-0.23428000642543712,-0.33205987273286497,-0.04883850451995842,-0.04447687325346408,-0.08673578546548043,-0.1446898573929545,-0.18883730715469796,-0.05179293390260596,0.14761512310717512,1.0
C447536,-28.2962,-70.8065,1.3629180423517802,-0.1134968683163407,0.07211520753783003,-0.5024418502779419,0.9840756318882522,-0.16013231311308848,-0.08998532563394321,0.13765107592816264,-0.1461890368232927,-0.17858942299429093,-0.445899278585672,-0.23428000642543712,-0.3315686645942553,-0.05397768757142922,-0.046460694766094206,-0.08428964316295583,-0.13982293505699628,-0.18122825731743236,-0.048618703695225626,0.542122164263277,0.0
C447537,-28.2962,-70.8065,0.15401544713757273,0.3430300851275909,1.6591380428458646,-0.4537745293276345,0.6454966649127143,-0.16096948763629174,1.3946479714253808,0.008502443036664904,-0.1461890368232927,-0.17699116732024203,-0.44604027020996967,-0.23428000642543712,-0.3314827031699986,-0.05345505878653388,-0.046460694766094206,-0.09257934763262253,-0.1446898573929545,-0.19517818201908596,-0.04385735838415509,3.863320975856507,0.0
C447538,44.35556,-103.83808,1.4704484618721814,-0.5313350968921425,-0.746816056396013,4.164754228856534,-0.5600496568941248,0.057353668379081804,-0.14654278456953648,-0.3358939113406624,-0.14573097144123276,-0.1430134355830544,-0.44611076602211847,-0.23238168862185316,-0.3294441893947685,-0.05458742115380711,-0.04872791935195721,-0.10188827806167446,-0.14252678079919529,-0.04281601742050572,0.01010455514131087,-0.37074877980723786,0.0
C447539,60.41477,-100.48313,1.4183125008925928,-0.2837272577361118,-0.4596404957212257,0.29083548121206815,0.06580843357580872,-0.1921243395355001,-0.10412469036784153,0.525096974602656,-0.1461890368232927,-0.17924056419482937,-0.44611076602211847,-0.23428000642543712,-0.3316791864254425,-0.05219203922303682,-0.03663605489402121,-0.09475369634597772,-0.1446898573929545,-0.17724256454553136,-0.02428293877197626,-0.058812979823343325,0.0
C447540,29.81683,-115.13411,-0.8267923187909352,-0.17733326434875485,3.4385272824336615,-0.5949097600835258,-0.5549196725460106,-0.15654442229936008,-0.14654278456953648,-0.4650425442321601,-0.1461890368232927,-0.17924056419482937,-0.4449123372155884,-0.23428000642543712,-0.33137218133881147,-0.05515360233744372,-0.04872791935195721,-0.0958408707026553,-0.1446898573929545,-0.20006971405732815,-0.067135046571611,-0.38909794451217283,0.0
C447542,29.81683,-115.13411,-0.6671259382909456,0.34496452137099737,2.751504410005941,-0.5949097600835258,-0.4574499699318406,-0.12802069033021923,-0.16068214930343483,-0.5080920885293261,-0.1461890368232927,-0.17758311386618608,-0.16318085937795754,-0.23428000642543712,-0.3313599011353462,-0.05463097355254839,-0.04872791935195721,-0.045423159911731716,-0.14252678079919529,-0.07995542734049256,-0.06819312330740444,0.1567897054596426,1.0
C447543,-19.48009,133.9323,0.08558699835186288,-0.533269533135549,2.1537945109938237,-0.5803095637984337,1.8253930649789825,-0.1756200417923494,-0.16068214930343483,-0.24979482274633058,-0.14550193875020279,-0.17509693837322113,-0.42874865457289324,-0.23315367119531064,-0.3286214157625973,-0.05284532520415599,-0.04589388861962846,0.016681675213476074,-0.13711908931479727,-0.06419382410615669,-0.035921782865704216,-0.22395546216775808,0.0
C447544,-19.48009,133.9323,0.22570239348450694,-0.533269533135549,2.0850922237510514,-0.5803095637984337,1.6150637067062998,-0.17992551076882354,-0.18896087877123147,-0.2928443670434965,-0.14115031762063338,-0.16734243862135426,-0.44053152603205425,-0.2199160683783185,-0.33040204526505734,-0.053237296792827495,-0.04589388861962846,0.054732777697192,-0.1252221680491216,0.0990384116885173,-0.034863706129910764,0.02834555252509779,1.0
C447545,-12.6938,-76.5891,-0.5856634992603386,0.4513585147583544,-0.5228465999845759,-0.3953737441872657,-0.38563018905824165,-0.172032150978621,-0.18896087877123147,-0.6802902657179898,-0.1425245137668132,3.023486222635374,-0.29712290246072753,-0.23214123503339917,-0.23056399109264206,-0.05079836246331593,-0.04872791935195721,1.1249200350517026,-0.1414452425023157,-0.21003394598708072,-0.06819312330740444,-0.40285981804087406,1.0
C447546,-12.6938,-76.5891,0.541776656923262,0.5345392732248334,-0.26864813718631936,-0.44890779723260377,1.794613158890297,-0.13280454474852377,0.023129592237243403,-0.03454710126050093,-0.14504387336814284,-0.1778790871391581,-0.3152503970132829,-0.2341281410011504,-0.33086869299673655,-0.053803477976464106,-0.04466580863561933,-0.07355379639076455,-0.1446898573929545,-0.20188139259001045,-0.06448985473212737,-0.031289232765940866,0.0
C447547,-12.6938,-76.5891,0.08884549591308709,-0.5061874257278581,0.7797487661383823,-0.31263929857174316,-0.14452092469687386,-0.19021079776817829,-0.11826405510173986,-0.6802902657179898,-0.12969868306913487,-0.17835264437591333,1.7391989856096557,-0.23381175470055307,-0.3232672470517519,-0.04653022738667069,-0.04872791935195721,-0.026805299053627843,-0.11602909252564496,-0.21347613519917708,-0.0692512000431979,-0.3661614886310041,0.0
C447548,-12.6938,-76.5891,2.0732705106986726,0.1031599909451862,-0.8045259776799415,-0.19583772829100546,0.11710827705695086,-0.16156746943857983,-0.04756723143224824,0.998641961871481,-0.14573097144123276,-0.17924056419482937,-0.44518424963387676,-0.23415345190519818,-0.33170374683237297,-0.05458742115380711,-0.046838565530404705,-0.10236391684272089,-0.1446898573929545,-0.20296839970961983,-0.05549620247788305,-0.260653791577628,1.0
C447549,-12.6938,-76.5891,1.4117955057701443,-0.4733020095899478,-0.17521302653614937,0.256768356546853,0.5480269622985443,-0.17083618737404488,-0.11826405510173986,0.3528987974139923,-0.14435677529505295,-0.15047196206194927,0.15002196316897085,-0.23397627557686368,-0.1748118673604446,-0.05315019199534494,-0.04664963014824946,0.05948916550765649,-0.14090447335387588,-0.20079438547040107,-0.058141394317366674,-0.2927648298112642,0.0
C447550,-12.6938,-76.5891,-0.8365678114746081,-0.42494110350478553,2.1331838248209922,-0.5754428317034029,-0.519009782109211,-0.19732678121540628,-0.18896087877123147,-0.5941911771236579,-0.14573097144123276,-0.17847103368510212,-0.19540751636027814,-0.23401424193293535,-0.3310651762521804,-0.05197427722933043,-0.04872791935195721,0.06628400523689147,-0.13603755101791765,-0.21347613519917708,-0.0692512000431979,-0.3432250327498354,0.0
C447552,-12.6938,-76.5891,-0.7583638700052253,-0.5003841169976386,1.9545578779897848,-0.5949097600835258,-0.4471900012356122,-0.19571223034922852,-0.18896087877123147,-0.5080920885293261,-0.14458580798608292,-0.15680579010355045,-0.41303815929401194,-0.22843318759039852,-0.32930910715665085,-0.04561562701310385,-0.04664963014824946,0.44883348199282125,-0.13441524357259824,-0.21347613519917708,-0.06819312330740444,-0.40285981804087406,1.0
C447553,-25.71327,31.10141,2.8553099253925,-0.5197284794317036,-0.10651073929337732,2.1207267489436252,0.5428969779504302,-0.20599751734858326,-0.14654278456953648,1.7304842149233017,-0.14504387336814284,1.3719553594515153,-0.44543602039155117,-0.23367254472829024,-0.3286950969833888,-0.0253637615984096,0.08069281742438898,-0.01797200740562236,-0.14252678079919529,-0.16293030413734128,-0.029573322450943514,0.8402960907184703,1.0
C447554,31.08345,-115.58413,0.22244389592328256,-0.52166291567511,1.0064663140395302,0.3589697305424984,-0.519009782109211,-0.21054217904597258,-0.16068214930343483,0.1807006202253286,-0.143898709912993,-0.17829344972131891,-0.37537325394592475,-0.23381175470055307,-0.3318511092739559,-0.05463097355254839,-0.046460694766094206,-0.09917034216998045,-0.1414452425023157,-0.15658942927295327,-0.045973511855742,0.1338532495784739,0.0
C447555,31.08345,-115.58413,-0.10014736263792097,-0.52166291567511,1.8308937609527947,-0.33697295904689684,-0.4625799542799548,-0.2098843990634557,-0.18896087877123147,-0.07759664555766689,-0.14435677529505295,-0.17823425506672452,-0.4386684224252638,-0.23403955283698313,-0.3318756696808864,-0.05458742115380711,-0.04872791935195721,-0.10297545241835204,-0.14252678079919529,-0.19608402128542712,-0.061844662892643745,-0.12762234746684947,0.0
C447556,-24.57667,-67.84837,1.3889860228415742,-0.32821929133446104,-0.6334572824454391,1.6194533431554592,-0.2830305020959575,-0.16401919482796093,-0.005149137230553268,0.6542456074941536,-0.14573097144123276,-0.17853022833969653,-0.4332805282110321,-0.23334350297566903,-0.3288547396284369,-0.05450031635632455,-0.04872791935195721,-0.09971392934831927,-0.13928216590855647,-0.19499701416581774,-0.03274755265832387,-0.1505588033480182,0.0
C447557,19.5002,-14.58185,0.9816738276885396,-0.5042529894844516,0.16829840967771106,0.164300446741269,0.8917359136221963,-0.18357319976278075,-0.13240341983563816,1.3430383162488087,-0.14573097144123276,-0.17924056419482937,-0.2789954079081722,-0.23428000642543712,-0.33163006561158154,-0.05306308719786238,-0.045138147091007455,-0.08014479092812249,-0.14198601165075547,-0.1750685503063126,-0.04491543511994854,1.5054533112723631,1.0
C447558,19.5002,-14.58185,-0.895220767576645,-0.517794043188297,2.9782219579070883,-0.5803095637984337,1.3277845832119042,0.08067495866831643,-0.16068214930343483,-0.6802902657179898,-0.1461890368232927,-0.17924056419482937,-0.4459697743978208,-0.23428000642543712,-0.3318511092739559,-0.05393413517268794,-0.04268198712298921,-0.09115243128948317,-0.1446898573929545,-0.21166445666649478,-0.0692512000431979,0.41826530250496596,1.0
C447559,19.5002,-14.58185,-0.7681393626888983,-0.38625237863665574,1.8102830747799632,-0.5949097600835258,1.9023428302006953,0.22538655482202885,-0.11826405510173986,-0.5080920885293261,-0.14550193875020279,-0.04161299226284116,-0.12692587027284685,-0.23428000642543712,-0.3317897082566297,-0.0500579716847142,-0.045799420928550834,0.1607322774732578,-0.1446898573929545,-0.20659175677498437,-0.0629027396284372,0.19348803486951255,1.0
C447560,46.66666,-81.18311,-0.18812679679097652,-0.43267884847841154,1.336237292804836,-0.3515731553319891,-0.30868042383652855,-0.17131457281587534,-0.11826405510173986,0.05155198733383086,-0.12030834273690612,-0.17604405284673158,0.9536742216655909,-0.23300180577102392,-0.3200743941507891,0.4981796236704927,-0.03965902100850521,0.2850778445182581,-0.13982293505699628,-0.19608402128542712,-0.050205818798915794,-0.17808255040542065,1.0
C447562,46.4611,-81.17895,0.7209940227905973,0.6177200316913125,-0.27208325154845797,0.7726419586201109,-0.3497202986214422,-0.10589536364556072,-0.07584596090004486,0.7403446960884855,-0.14458580798608292,1.602814512369689,-0.3485848453293708,-0.23329288116757346,-0.3231076044067038,0.9249931313350167,-0.04872791935195721,0.39447476415894134,-0.13982293505699628,-0.15568359000661214,0.007988401669723968,-0.3432250327498354,1.0
C447563,46.66666,-81.18311,1.7604547448211423,0.4513585147583544,-0.4575794271039425,0.028031948080408372,1.0661553814580798,-0.15074399881716583,-0.07584596090004486,1.3430383162488087,-0.1461890368232927,-0.1781158657575357,-0.4439958916576537,-0.2339636201248398,-0.33081957218287555,-0.04731417056401369,-0.02652801194871534,-0.07627173228245855,-0.1446898573929545,-0.19771453196484118,-0.050205818798915794,0.37239239074262853,0.0
C447564,60.46135,-100.34271,1.6431488326170685,0.5906379242836216,-0.8210145266182068,-0.5413757070381877,0.23509791706357766,-0.16581314023482513,-0.10412469036784153,0.525096974602656,-0.1461890368232927,-0.17710955662943084,-0.4458589952644441,-0.23428000642543712,-0.3319002300878168,-0.0540212399701705,-0.04249305174083396,-0.08238708803877004,-0.14090447335387588,-0.1408278260386174,-0.006824672631384338,-0.22854275334399182,2.0
C447565,24.1,101.68333,1.0370682862293523,-0.43267884847841154,0.436237329924522,0.5244386217735435,0.660886617957057,-0.20037648840707542,0.093826415906735,6.2506863661257235,-0.1461890368232927,-0.17924056419482937,-0.4461006951918115,-0.23428000642543712,-0.33205987273286497,-0.053542163584016436,-0.04872791935195721,0.005809931646700094,-0.1446898573929545,-0.20242489614981513,-0.058670432685263396,2.221070734764827,1.0
C447566,-25.84749,-70.54954,0.2941308422702168,0.0296514136957396,0.800359452311214,0.5098384254884512,0.28639776054471966,-0.15839816588645309,-0.14654278456953648,0.3098492531168264,-0.14504387336814284,-0.17568888491916515,-0.14505336482540218,-0.2340775191930548,-0.33154042012628526,-0.05127743884946998,-0.04362666403376546,0.009886835484241087,-0.1446898573929545,-0.18358343940991936,-0.05919947105316012,0.3907415554475635,0.0
C447567,41.4088,-115.995,-0.23700426020934082,4.87928307591581,-0.8739152877951413,-0.09363635429536003,0.6198467431721433,-0.19361929404122027,-0.13240341983563816,-0.24979482274633058,-0.1461890368232927,-0.136206050304698,-0.4459697743978208,-0.2341281410011504,-0.3315932250011858,-0.05428255436261816,-0.04598835631070608,-0.10168443286979739,-0.14252678079919529,-0.19535934987235423,-0.057083317581573215,-0.279002956282563,2.0
C447568,44.494453,-104.451469,-0.6215069724338056,-0.434613284721818,-0.42116721486527336,-0.0011684444897760693,-0.5446597038497821,1.902725510240059,-0.11826405510173986,0.4820474303054901,-0.14435677529505295,-0.14182954249116633,-0.44611076602211847,-0.2259400635416916,-0.29184220638419833,-0.05389058277394666,-0.04872791935195721,-0.1024998136373056,-0.11116217018968673,2.1244950112273133,11.252698911314615,8.042343237405447,0.0
C447569,44.494453,-104.451469,2.1840594277802983,-0.08448032466524337,-0.7447549877787297,2.1839942661790244,-0.37024023601389905,-0.15546805505524153,-0.08998532563394321,0.5681465188998219,-0.14573097144123276,-0.17864861764888534,-0.44578849945229526,-0.2337737883444814,-0.3306476493343622,-0.05458742115380711,-0.046838565530404705,-0.1008690521022892,-0.1446898573929545,-0.031402442664607295,0.10004107768375411,0.20724990839821378,0.0
C447570,44.494453,-104.451469,-0.7485883773215526,4.008786766382889,-0.3277321042151033,-0.3077725664767125,-0.20095075252613015,1.0775106230825255,-0.005149137230553268,-0.12064618985483284,-0.14321161183990308,-0.1762808314651092,-0.4455770120158488,-0.20801994347585906,-0.29356143486933217,-0.05515360233744372,-0.04872791935195721,-0.09631650948370177,-0.1446898573929545,1.1951039239613006,1.1480660844871666,0.20724990839821378,0.0
C447572,44.4872,-104.44465,-0.47813307973993735,-0.0902836333954628,-0.07902982439626846,0.14970025045617677,-0.03679125338647544,4.061439816499984,0.2634987927135149,2.0748805693006287,-0.1400051541654835,-0.15769370992246648,-0.44583885360383013,-0.16423207947318919,-0.2592996672013077,-0.05515360233744372,-0.04872791935195721,-0.10399467837773729,0.25115315926498105,4.334742821099702,34.9536177930879,2.757783802384175,0.0
C447573,44.494453,-104.451469,-0.7192618992705341,4.531084552102642,-0.650632854256132,-0.26397197762143576,-0.35998026731767063,1.8907658741942976,0.7300978289321595,0.39594834171115817,-0.13931805609239362,-0.17515613302781552,-0.445899278585672,-0.19700970021507214,-0.3095256993741464,-0.05515360233744372,-0.04872791935195721,-0.10236391684272089,-0.13711908931479727,1.1914805668959358,1.6718140687049243,0.07880575546366897,0.0
C447574,42.33441,-104.70337,0.31368182763756247,-0.4965152445108257,0.8828021970025405,-0.06930269382020633,-0.5241397664573253,-0.16916183832763831,0.06554768643893837,-0.5941911771236579,-0.14573097144123276,-0.17533371699159875,-0.4435024209726119,-0.23428000642543712,-0.3058416383345739,-0.009641345652808261,-0.04664963014824946,0.12064272307077137,-0.1235998606038022,-0.009662300272419875,-0.06025754778895357,-0.0771621445282783,0.0
C447575,42.33441,-104.70337,-0.6215069724338056,-0.5081218619712646,0.8278403672083228,-0.1812375320059133,-0.5497896881978963,-0.1973865793956351,-0.14654278456953648,-0.4650425442321601,-0.14550193875020279,-0.1765768047380812,0.10268906072618746,-0.2341154855491265,-0.3145605827948955,-0.030720706643586792,-0.045043679399929835,-0.062206414042942124,-0.1446898573929545,2.3600132204760107,-0.06554793146792082,0.5145984172058745,1.0
C447576,42.33441,-104.70337,-0.4520650992501431,-0.517794043188297,2.0507410801296655,-0.5413757070381877,-0.5703096255903531,-0.2133526935167265,-0.16068214930343483,-0.6802902657179898,-0.14573097144123276,-0.17710955662943084,0.25173734926942026,-0.23369785563233803,-0.33088097320020177,-0.04744482776023753,-0.04598835631070608,-0.1018203296643821,-0.13657832016635746,-0.12977658698925543,-0.0650188931000241,-0.21936817099152434,0.0
C447577,42.33441,-104.70337,-0.6736429334133941,-0.46169539212950883,-0.2968160749558559,-0.3223727627618046,-0.539529719501668,-0.16312222212452882,-0.16068214930343483,-0.42199299993499423,-0.14550193875020279,-0.17752391921159166,-0.44591942024628595,-0.23428000642543712,-0.32771268070616943,-0.04992731448849037,-0.04523261478208508,-0.08768706302757333,-0.14036370420543606,-0.19862037123118234,-0.0629027396284372,-0.27441566510632925,1.0
C447578,-23.8408,-67.49947,-0.6703844358521698,-0.4907119357806062,3.1911990483596817,-0.26397197762143576,-0.49335986036864005,-0.21090096812734543,0.2917775221813116,-0.12064618985483284,-0.1461890368232927,-0.17776069782996928,-0.44533531208848137,-0.2341281410011504,-0.3314581427630682,-0.0453107602219149,-0.04570495323747321,-0.04413214036317706,-0.14090447335387588,-0.15767643639256265,-0.014760248149835216,3.991765128791052,1.0
C447579,-23.8408,-67.49947,1.8549511740966462,0.04125803115617855,-0.5331519430709918,1.3031157569784613,0.24022790141169187,-0.1911675686518392,0.0372689569711417,1.7304842149233017,-0.1461890368232927,-0.17924056419482937,-0.43549611087856666,-0.2339636201248398,-0.33127393971108954,-0.05275822040667343,-0.041359439447902456,-0.0760678870905815,-0.1446898573929545,-0.06473732766596137,0.007988401669723968,0.18431345251704506,1.0
C447580,-5.7897,-50.534,-0.2239702699644437,-0.5100562982146711,1.872115133298458,0.01829848389034689,-0.26251056470350065,-0.020981947720655085,-0.08998532563394321,-0.12064618985483284,-0.1452729060591728,-0.17793828179375248,-0.3313637255044432,-0.23415345190519818,-0.33171602703583825,-0.052584010811708326,-0.017836984369573844,-0.040123184922928413,-0.033291412814355145,0.16063548179971507,-0.05919947105316012,-0.05422568864710958,0.0
C447582,67.87391,20.22401,1.4117955057701443,-0.34949809001193244,-0.8052130005523692,0.534172085963605,-0.2368606429629296,-0.20151265383142275,-0.18896087877123147,-0.07759664555766689,-0.1461890368232927,-0.17924056419482937,-0.44582878277352317,-0.23428000642543712,-0.3318633894774211,-0.05436965916010072,-0.04872791935195721,-0.09781137422413345,-0.14198601165075547,-0.16456081481675533,-0.006295634263487606,-0.3523996151023029,1.0
C447583,-26.2431,-69.5541,2.20035191558642,-0.0670703984745849,-0.583991635630643,-0.23963831714628214,0.3479575727220902,1.1911271655172584,-0.06170659616614655,1.42913740484314,-0.1461890368232927,-0.17338029338998343,-0.16015961028586498,-0.233938309220792,-0.32054104188246824,-0.052061382026812986,-0.04664963014824946,0.07104039304735597,-0.14036370420543606,-0.1890184750079662,-0.058141394317366674,0.6522171524928868,0.0
C447584,-26.2431,-69.5541,1.8810191545864403,-0.36884245244599734,-0.5448313319022631,-0.47324145770775744,0.8866059292740822,-0.08675994597234256,0.023129592237243403,1.558286037734638,-0.1461890368232927,-0.17823425506672452,0.05434907525270655,-0.23428000642543712,-0.3177534356958584,-0.05280177280541471,-0.04872791935195721,-0.08367810758732469,-0.1446898573929545,-0.20713526033478905,-0.06343177799633393,0.6292806966117181,0.0
C447585,-27.50027,-70.16623,-0.5954389919440114,1.9002512610698152,0.10646635115921606,-0.5219087786580647,-0.46770993862806903,-0.020383965918367015,-0.11826405510173986,-0.3358939113406624,-0.1461890368232927,-0.1659217669110886,-0.4185771159628483,-0.23428000642543712,-0.33175286764623396,-0.054413211558841997,-0.04872791935195721,-0.06927304736134651,-0.14198601165075547,-0.19517818201908596,-0.062373701260540475,-0.2698283739300955,0.0
C447586,-26.2431,-69.5541,1.5779788813925826,-0.19087431805260027,-0.6657473574495418,-0.040102301250021996,0.09145835531637979,0.28817464406227594,-0.04756723143224824,0.998641961871481,-0.1461890368232927,-0.17355787735376663,0.19332653348896414,-0.2339256537687681,-0.32146205714236137,-0.053237296792827495,-0.04872791935195721,-0.049296218557395646,-0.1414452425023157,-0.1819529287305053,-0.048618703695225626,0.3035830230991224,1.0
C447587,-6.09809,-50.4158,-0.8854452748929722,-0.5352039693789555,1.6385273566730332,-0.5949097600835258,-0.5703096255903531,-0.20767186639498988,-0.18896087877123147,-0.6802902657179898,-0.1461890368232927,-0.17864861764888534,-0.44571800364014647,-0.23409017464507872,-0.33164234581504676,-0.05454386875506583,-0.046460694766094206,-0.10372288478856789,-0.14252678079919529,-0.21130212095995832,-0.06819312330740444,-0.46708189450814647,1.0
C447588,38.126129,-91.04763,-0.4976840651072831,-0.04192272731030055,2.2499777131337044,0.008565019700285411,0.47107719707683127,-0.19248312861687294,1.536041618764364,-0.12064618985483284,-0.1461890368232927,-0.17776069782996928,-0.43509327766628764,-0.23428000642543712,-0.3313844615422767,-0.05188717243184788,-0.04872791935195721,-0.017292523432698863,-0.14090447335387588,-0.13122592981540127,0.039730703743527475,1.399945614218987,1.0
C447589,-6.09809,-50.4158,-0.7909488456174681,-0.5390728418657684,3.7064662026804718,-0.5949097600835258,-0.5703096255903531,0.4077710045198895,-0.14654278456953648,-0.6802902657179898,-0.14573097144123276,-0.17924056419482937,-0.44584892443413715,-0.2340775191930548,-0.3316791864254425,-0.054413211558841997,-0.046838565530404705,-0.10127674248604329,-0.1446898573929545,-0.1939100070462084,-0.06819312330740444,-0.03587652394217461,0.0
C447590,-24.57667,-67.84837,1.56820338870891,-0.29146500270973774,-0.5510145377541126,0.9478443140412176,-0.2112107212223586,-0.13340252655081183,-0.0334278666983499,0.6972951517913196,-0.14573097144123276,-0.17924056419482937,-0.41817428275056934,-0.2337231665363858,-0.3262022156799447,-0.05454386875506583,-0.04674409783932708,-0.09618061268911705,-0.14036370420543606,-0.1959028534321589,-0.03221851429042714,-0.11386047393814824,0.0
C447592,29.72367,-115.18937,1.2293196423415846,-0.5003841169976386,0.7866189948626596,-0.5267755107530956,-0.5703096255903531,-0.21185773901100632,-0.11826405510173986,0.998641961871481,-0.1461890368232927,-0.17858942299429093,-0.4461006951918115,-0.23428000642543712,-0.3318142686635602,-0.054456763957583275,-0.04230411635867871,-0.09781137422413345,-0.14252678079919529,-0.20749759604132553,-0.06819312330740444,1.1384700171736637,0.0
C447593,-27.50027,-70.16623,1.0501022764742494,-0.10575912334271473,-0.15460234036331771,0.9429775819461867,0.7840062423117979,-0.14895005341030162,-0.04756723143224824,0.4820474303054901,-0.14412774260402297,-0.17924056419482937,-0.1289400363342419,-0.2340775191930548,-0.3313844615422767,-0.05227914402051938,-0.04872791935195721,-0.040462926909390164,-0.1446898573929545,-0.1631114719906095,-0.04438639675205182,-0.1734952592291869,0.0
C447594,67.89465,20.25166,-0.8463433041582809,3.4478002557950074,0.5805121331343435,-0.5657093675133414,-0.3651102516657848,-0.1690422419671807,12.94650895902031,-0.12064618985483284,-0.1461890368232927,-0.17527452233700433,-0.4455870828461558,-0.2341407964531743,-0.3318756696808864,-0.05240980121674321,-0.04674409783932708,-0.09597676749724002,-0.13008909038507982,0.21860919484554822,0.12120261239962313,1.3036124995180784,0.0
C447595,67.87296,20.23349,-0.47813307973993735,3.5058333430972013,0.42936710120024474,-0.371040083712112,-0.49335986036864005,-0.17938732714676428,12.649582299608447,-0.03454710126050093,-0.1461890368232927,-0.1750377437186267,-0.4458690660947511,-0.2341281410011504,-0.3318633894774211,-0.05240980121674321,-0.04674409783932708,-0.08999730853551323,-0.1446898573929545,0.022947913315861292,0.22066182556420746,1.2852633348131435,0.0
C447596,65.04694,-134.62833,-0.8398263090358323,-0.31467823763061564,2.971351729182811,-0.5949097600835258,-0.5703096255903531,-0.21125975720871826,0.6876797347304646,-0.5941911771236579,-0.14550193875020279,-0.17018378204188564,-0.445083541330807,-0.2340775191930548,-0.33170374683237297,-0.052714668007932154,-0.045799420928550834,-0.08157170727126184,-0.09764294147869167,0.4849259391498443,-0.057612355949469944,-0.16432067687671942,0.0
C447597,65.04694,-134.62833,-0.5465615285256472,-0.39785899609709474,2.030130393956834,-0.5949097600835258,0.06580843357580872,1.047611532968122,0.3624743458508032,-0.3358939113406624,-0.143898709912993,-0.15852243508678815,0.0946323964806073,-0.23401424193293535,-0.3314458625596029,-0.05079836246331593,-0.04627175938393896,0.21848841517175518,-0.08087909787705778,0.1334603038094808,-0.042799281648361644,-0.25147920922516054,0.0
C447598,-27.50027,-70.16623,-0.5367860358419744,0.36817775629187527,0.10646635115921606,-0.48297492189781893,-0.3035504394884143,-0.11067921806386527,-0.07584596090004486,-0.24979482274633058,-0.1461890368232927,-0.1765768047380812,-0.429655029300521,-0.23428000642543712,-0.33169146662890775,-0.05389058277394666,-0.04589388861962846,-0.08075632650375364,-0.14090447335387588,-0.19282299992659901,-0.061315624524747016,-0.32946315922113417,1.0
C447599,65.04694,-134.62833,-0.8170168261072625,-0.4733020095899478,1.7828021598828545,-0.5949097600835258,-0.5446597038497821,-0.212276326272608,0.05140832170504003,-0.6802902657179898,-0.1461890368232927,-0.17734633524780846,-0.4432808627058585,-0.23428000642543712,-0.3317405874427687,-0.05275822040667343,-0.04872791935195721,-0.08333836560086294,-0.13441524357259824,0.14251869647289223,-0.06078658615685029,-0.21936817099152434,1.0
C447600,65.04694,-134.62833,-0.6280239675562542,-0.48490862705038673,2.6965425802117227,-0.5949097600835258,-0.4471900012356122,-0.2098843990634557,0.008990227503345067,-0.37894345563782833,-0.14298257914887313,-0.14638753089493542,-0.2800024909388697,-0.23349536839995574,-0.33154410418732483,-0.050885467260798484,-0.04664963014824946,0.6153070553590785,-0.11711063082252456,-0.15532125430007568,-0.061315624524747016,-0.10009860040944701,1.0
C447602,-30.44623,136.88217,0.3006478373926653,-0.13477566699381205,1.6110464417759245,0.2275679639766685,-0.5497896881978963,-0.21233612445283678,0.06554768643893837,-0.2928443670434965,-0.1452729060591728,-0.16396834330947327,-0.3313637255044432,-0.2339636201248398,-0.3315072635769291,-0.054195449565135605,-0.046838565530404705,-0.06961278934780826,-0.07763448298641897,2.4143635764564793,0.07729242786419496,-0.3845106533359391,1.0
C447603,-5.7897,-50.534,0.414695252035515,-0.4172033585311596,1.363718207701945,0.607173067389066,-0.20095075252613015,0.22179866400830045,-0.14654278456953648,0.7833942403856515,-0.1461890368232927,-0.17924056419482937,-0.4211955318426619,-0.23428000642543712,-0.33122481889722855,-0.050232181279679315,-0.03332968570630434,-0.0064207798659228835,-0.14090447335387588,-0.11021045883628675,-0.061844662892643745,0.21642449075068126,0.0
C447604,67.832,20.28693,-0.06430388946445394,1.0200827703198625,0.36066481395747263,-0.10823655058045226,1.6407136284468706,-0.1250307813187789,2.3985428675321616,1.041691506168647,-0.1461890368232927,-0.17829344972131891,-0.44605034104027663,-0.23387503196067252,-0.33118797828683283,-0.05245335361548449,-0.04872791935195721,-0.0755242999122427,-0.1446898573929545,-0.11691366940721121,1.0369680272288544,1.7577543259652189,0.0
C447605,-5.7897,-50.534,0.8089734569436527,-0.3030716201701767,0.7316571650684419,0.3833033910176521,-0.38050020471012747,0.6589233614808779,-0.14654278456953648,0.4820474303054901,-0.1452729060591728,-0.17924056419482937,-0.31927872913607297,-0.23428000642543712,-0.33160550520465104,-0.05288887760289727,-0.03871434409772896,-0.036318074674556826,-0.13603755101791765,0.060993162502189294,-0.0629027396284372,0.24853552898431747,0.0
C447606,67.87296,20.23349,2.3991202668211007,-0.40559674107072063,-0.14086188291476334,2.422464138835531,-0.11374101860818858,-0.20904722454025243,0.2776381574474132,3.7107632525929337,-0.1461890368232927,-0.17853022833969653,-0.44584892443413715,-0.23428000642543712,-0.3318019884600949,-0.05097257205828104,-0.04589388861962846,-0.08225119124418534,-0.14198601165075547,-0.13104476196213305,-0.024811977139872984,0.7760740142511979,0.0
C447607,65.04694,-134.62833,-0.46509908949504025,-0.4036623048273142,1.7759319311585773,-0.5851762958934644,0.34282758837397603,0.9758537166935539,0.1928019690440233,-0.2928443670434965,-0.1461890368232927,-0.17746472455699727,-0.4459496327372069,-0.23428000642543712,-0.3316791864254425,-0.05044994327338571,-0.046082824001783707,0.008527867538394088,-0.1284667829397604,-0.10187673758594823,-0.04174120491256819,0.023758261348864048,1.0
C447608,-5.7897,-50.534,-0.7713978602501225,-0.1715299556185354,2.8614280695943757,-0.5949097600835258,-0.5703096255903531,-0.1399803263759806,-0.13240341983563816,-0.5941911771236579,-0.14344064453093305,-0.17829344972131891,0.008023255840620677,-0.23428000642543712,-0.33154410418732483,-0.05201782962807171,-0.04872791935195721,-0.0492282701601033,-0.04897371811910942,0.8472616456863016,-0.06554793146792082,-0.3982725268646403,1.0
C447609,-6.09809,-50.4158,-0.882186777331748,-0.5390728418657684,3.6377639154377,-0.5949097600835258,-0.5703096255903531,-0.1939780831225931,-0.18896087877123147,-0.5941911771236579,-0.14573097144123276,-0.17924056419482937,-0.44604027020996967,-0.23388768741269642,-0.3317405874427687,-0.05436965916010072,-0.04636622707501658,-0.10283955562376736,-0.1446898573929545,-0.13104476196213305,-0.067135046571611,0.2760592760417199,1.0
C447610,-23.8408,-67.49947,-0.8756697822092995,-0.5100562982146711,3.775168489923244,-0.5608426354183107,-0.21634070557047275,-0.20653570097064256,-0.06170659616614655,-0.6802902657179898,-0.1461890368232927,-0.17924056419482937,-0.44605034104027663,-0.23428000642543712,-0.3314827031699986,-0.04208788271506034,-0.04627175938393896,-0.020010459324392858,-0.1446898573929545,-0.1863009572089428,5.282615127309155e-05,4.739493590517153,0.0
C447612,-23.8408,-67.49947,1.1283062179436323,0.15345533327375488,0.5736419044100661,0.7239746376698037,0.7378363831787701,-0.18273602523957744,0.17866260431012496,1.2569392276544766,-0.14573097144123276,-0.1781158657575357,-0.44446922068208156,-0.2341407964531743,-0.33134762093188097,-0.0482723233363218,-0.04636622707501658,-0.0050618119200758855,-0.14252678079919529,-0.15187906508797935,-0.016347363253525385,3.294496870003523,0.0
C447613,-25.64249,31.37399,1.2879725984436219,0.5693591256061502,-0.4775030904043464,1.1279134015573546,0.7993961953561407,-0.10529738184327266,-0.10412469036784153,2.0748805693006287,-0.14550193875020279,-0.15053115671654366,-0.4448116289125187,-0.23406486374103092,-0.3312125386937633,-0.05075481006457465,-0.030590122665053215,-0.0717191896638711,-0.1446898573929545,-0.21021511384034894,-0.06607696983581755,1.1063589789400274,1.0
C447614,-24.57667,-67.84837,0.86762641304569,-0.41140004980094014,0.15455795222915658,1.1717139904126315,-0.25738058035538647,-0.15774038590393621,-0.13240341983563816,0.5681465188998219,-0.1461890368232927,-0.17924056419482937,-0.42915148778517226,-0.23403955283698313,-0.328658256372993,-0.05432610676135944,-0.04872791935195721,-0.08884218578154328,-0.14198601165075547,-0.1857574536491381,-0.0031214040561072572,0.07421846428743523,1.0
C447615,39.5333,-106.377,-0.895220767576645,-0.517794043188297,0.9583747129695898,-0.5949097600835258,-0.5703096255903531,-0.17645721631555272,-0.14654278456953648,-0.6802902657179898,-0.12030834273690612,-0.09488818139780433,-0.4211955318426619,-0.16714283343868458,2.246844255985225,-0.05454386875506583,-0.04674409783932708,-0.10392672998044494,-0.1446898573929545,-0.20930927457400783,-0.06819312330740444,-0.46708189450814647,1.0
C447616,34.65042,-80.4131,-0.8496018017195052,-0.5390728418657684,-0.9357473463136361,-0.5851762958934644,-0.5703096255903531,-0.21472805166198908,-0.18896087877123147,0.8264437846828174,-0.14573097144123276,-0.17924056419482937,-0.4460704827008906,-0.23400158648091146,-0.3318756696808864,-0.05458742115380711,-0.04872791935195721,-0.10528569792629194,-0.13982293505699628,-0.1857574536491381,-0.050205818798915794,-0.37992336215970535,1.0
C447617,33.405295,-110.884481,1.8484341789741976,-0.248907405354795,-0.8065870462972246,1.2057811150778466,-0.01627131599401858,-0.2079708572961339,-0.04756723143224824,1.0847410504658128,-0.14573097144123276,-0.17924056419482937,-0.38463841782834196,-0.23409017464507872,-0.3314458625596029,-0.05336795398905133,-0.04268198712298921,-0.09060884411114438,-0.1257629371975614,-0.18793146788835685,-0.050205818798915794,0.06504388193496774,1.0
C447618,40.529973,-112.136459,1.6431488326170685,-0.4907119357806062,-0.7241443016058982,2.573332833781483,0.29665772924094813,-0.21203713355169276,0.008990227503345067,1.1708401390601448,-0.14435677529505295,-0.17924056419482937,-0.2044712636365558,-0.23388768741269642,-0.33172830723930347,-0.05214848682429554,-0.036919457967254085,-0.0965203546755788,-0.0008452639079669863,-0.03248944978421668,0.18415817817933341,0.1338532495784739,0.0
C447619,41.90955,-123.14392,0.15075694957634853,-0.525531788161923,-0.2782664574003075,-0.5851762958934644,6.25769954174966,-0.143568217189709,-0.14654278456953648,-0.20674527844916463,-0.1461890368232927,-0.17924056419482937,-0.44595970356751385,-0.23428000642543712,-0.33205987273286497,0.004730945931813464,23.285736453732184,0.035707226455334036,-0.1446898573929545,-0.21347613519917708,-0.06766408493950772,1.9458332641908025,1.0
C447620,41.90955,-123.14392,0.22570239348450694,-0.4868430632937933,-0.22330462760608977,-0.5803095637984337,5.898600637381665,-0.13878436277140446,-0.14654278456953648,-0.12064618985483284,-0.1461890368232927,-0.17864861764888534,-0.44582878277352317,-0.23428000642543712,-0.33205987273286497,0.002988849982162346,26.21423487713856,0.04522000207626302,-0.1446898573929545,-0.21347613519917708,-0.06819312330740444,1.8219764024324914,0.0
C447622,37.99133,-117.27009,0.26154586665797397,-0.44815433842566343,-0.9144496372683768,1.526985433349875,-0.5446597038497821,-0.20031669022684662,-0.16068214930343483,-0.42199299993499423,-0.14550193875020279,-0.17308432011701141,-0.4460301993796627,-0.23402689738495924,-0.33172830723930347,-0.05454386875506583,-0.04353219634268783,-0.10365493639127554,-0.1414452425023157,-0.1509732258216382,-0.012644094678248313,-0.3661614886310041,1.0
C447623,37.99133,-117.27009,-0.6997109139031884,0.5403425819550529,-0.9323122319514975,-0.5219087786580647,-0.2830305020959575,-0.21472805166198908,-0.18896087877123147,-0.5511416328264921,-0.1461890368232927,-0.17841183903050772,-0.44604027020996967,-0.23428000642543712,-0.33205987273286497,-0.05458742115380711,-0.04532708247316271,-0.10453826555607611,-0.1446898573929545,0.059181483969507016,-0.062373701260540475,-0.40285981804087406,0.0
C447624,37.72495,-117.22061,1.0924627447701651,-0.5235973519185165,-0.7152130042643378,0.24216816026176075,-0.5600496568941248,-0.21472805166198908,-0.06170659616614655,0.39594834171115817,-0.13611159841797404,-0.06529085410060258,-0.37204987994462296,-0.23181219328077796,-0.3319125102912821,-0.05375992557772283,-0.04589388861962846,-0.0992382905672728,-0.14252678079919529,-0.17543088601284904,-0.017934478357215563,-0.2468919180489268,1.0
C447625,37.72495,-117.22061,-0.461840591933816,-0.5390728418657684,-0.2095641701575354,-0.3077725664767125,-0.539529719501668,-0.20671509551132894,-0.08998532563394321,-0.24979482274633058,-0.14366967722196303,-0.12336081025771244,-0.4449123372155884,-0.22233325971488208,-0.3234637303071958,-0.052975982400379824,-0.04060369791928146,-0.1022280200481362,-0.13657832016635746,-0.16293030413734128,-0.05443812574208959,0.5558840377919783,0.0
C447626,37.72495,-117.22061,2.1123724814333644,-0.5119907344580776,-0.8381900984288998,0.18376737512139196,-0.5600496568941248,-0.21472805166198908,-0.019288501964451584,1.0847410504658128,-0.14573097144123276,-0.17835264437591333,-0.4458690660947511,-0.23364723382424246,-0.3316791864254425,-0.05432610676135944,-0.04428793787130883,-0.09917034216998045,-0.14198601165075547,-0.15441541503373452,-0.015289286517731938,0.023758261348864048,1.0
C447627,38.07494,-117.21762,-0.6475749529235999,-0.5313350968921425,-0.8704801734330025,-0.47324145770775744,-0.5343997351535537,-0.01918800231379088,-0.18896087877123147,-0.6802902657179898,2.4192061354033982,-0.11797409668962172,-0.3702371304893674,-0.17979828546257762,-0.1981442539444039,-0.05458742115380711,-0.045516017855317954,-0.10528569792629194,-0.13225216697883904,-0.21347613519917708,-0.06766408493950772,-0.35698690627853663,0.0
C447628,38.07494,-117.21762,1.8321416911680761,-0.48490862705038673,-0.7880374287416761,1.4442509877343523,-0.23173065861481537,-0.18829725600085645,-0.08998532563394321,0.4389978860083241,-0.14458580798608292,-0.17924056419482937,-0.4461006951918115,-0.2339003428647203,-0.33101605543831947,-0.05467452595128967,-0.04428793787130883,-0.1018203296643821,-0.1446898573929545,-0.12017469076603933,0.012749746980794495,-0.260653791577628,1.0
C447629,34.50175,-112.25764,0.0008660617600316943,-0.49264637202401274,1.198832718319292,-0.17637079991088256,0.06580843357580872,-0.2095256099820829,-0.13240341983563816,0.525096974602656,-0.14504387336814284,-0.17924056419482937,0.0996678116340949,-0.2341407964531743,-0.3313844615422767,-0.05389058277394666,-0.04617729169286133,-0.10372288478856789,-0.14252678079919529,-0.1794165787847501,-0.05179293390260596,2.0192299230105424,0.0
C447630,35.1,-114.447,1.2944895935660703,-0.3069404926569897,-0.8807855165194184,2.305662568554793,-0.4266700638431553,-0.20163225019188039,-0.18896087877123147,0.09460153163099681,-0.14573097144123276,-0.1731435147716058,-0.4460201285493557,-0.23386237650864863,-0.3315932250011858,-0.05458742115380711,-0.04872791935195721,-0.102771607226475,-0.14252678079919529,-0.12397921568467213,0.07464723602471134,-0.30652670333996546,1.0
C447632,35.01392,-114.393,-0.7388128846378796,2.3064828721851782,-0.9343733005687807,-0.3613066195220505,-0.5600496568941248,-0.19361929404122027,-0.18896087877123147,-0.6802902657179898,-0.14069225223857343,-0.17924056419482937,-0.4462215451554952,-0.23410283009710262,-0.33205987273286497,-0.05467452595128967,-0.04872791935195721,-0.10528569792629194,-0.1446898573929545,-0.21347613519917708,-0.06660600820371428,-0.46708189450814647,0.0
C447633,-6.1,-49.6,3.604764364474084,-0.5274662244053295,0.017153377743612454,-0.5803095637984337,4.36986530164363,-0.015002129697774402,-0.14654278456953648,-0.12064618985483284,-0.1461890368232927,-0.17924056419482937,-0.4462215451554952,-0.23428000642543712,-0.30289438950291586,0.04567020074861474,11.382807377951439,0.28032145670779357,-0.1446898573929545,-0.2111209531066901,-0.06766408493950772,1.5100406024485968,0.0
C447634,-11.19782,-40.51563,-0.7355543870766554,-0.525531788161923,-0.8526175787498819,-0.4878416539928497,-0.5292697508054395,-0.21472805166198908,-0.16068214930343483,-0.2928443670434965,-0.14550193875020279,-0.17841183903050772,-0.44571800364014647,-0.23333084752364514,-0.33205987273286497,-0.047619037355202634,-0.018214855133884343,-0.04807314740613335,-0.13820062761167687,1.2784411364646857,0.3518633408025953,-0.37992336215970535,0.0
C447635,-6.4234,-50.0577,0.3593007934947023,0.6718842465066942,1.8240235322285179,-0.5073085823729726,-0.021401300342132796,-0.1939780831225931,-0.18896087877123147,1.2138896833573107,-0.1461890368232927,-0.17924056419482937,-0.44599998688874176,-0.23428000642543712,-0.33163006561158154,-0.025233104402185767,-0.04561048554639558,-0.07599993869328915,-0.14198601165075547,-0.154777750740271,0.001110902887066538,8.042343237405447,1.0
C447636,-6.4234,-50.0577,-0.6312824651174784,2.2291054224489186,-0.01719776587777358,-0.5705760996083722,0.5326370092542018,-0.0712124191128528,2.1157555728541952,-0.37894345563782833,-0.14573097144123276,-0.17924056419482937,0.6314076518423849,-0.23272338582649826,-0.33175286764623396,-0.051756515235624044,-0.04872791935195721,-0.09251139923533017,-0.14198601165075547,3.8093560466218395,0.002698017990756717,-0.22395546216775808,1.0
C447637,-6.4234,-50.0577,-0.5889219968215628,1.7068076367291662,0.31257321288753226,-0.5754428317034029,-0.21634070557047275,-0.10768930905242494,1.6208778071677539,-0.37894345563782833,-0.14550193875020279,-0.17924056419482937,1.3565074339445984,-0.23428000642543712,-0.33154410418732483,-0.05036283847590315,-0.04872791935195721,-0.09516138672973182,-0.10088755636933049,0.3128164785450271,0.0042851330944468965,-0.3340504503973679,1.0
C447638,58.81196,15.10601,0.03019253981105016,-0.20054649926963272,-0.5791824755236492,1.1717139904126315,-0.34459031427332804,0.10280028535297496,-0.13240341983563816,-0.24979482274633058,-0.13496643496282418,-0.17924056419482937,-0.44413688328195133,-0.10133448291444085,2.4064869010333676,-0.05432610676135944,-0.04872791935195721,-0.08340631399815529,-0.1446898573929545,-0.16981468256153398,-0.03380562939411732,-0.3523996151023029,0.0
C447639,58.81196,15.10601,1.5193259252905456,0.41460422613363107,-0.6671214031943974,2.4467977993106844,0.07606840227203715,0.10399624895755111,-0.14654278456953648,0.1807006202253286,-0.1452729060591728,-0.17924056419482937,-0.44604027020996967,-0.21346178784613307,-0.26433455062205685,-0.05450031635632455,-0.04872791935195721,-0.1008690521022892,-0.1446898573929545,-0.07270871320976342,0.05084050946935871,-0.3936852356884066,0.0
C447640,58.81196,15.10601,0.9849323252497638,0.06447126607705636,-0.6987244553260724,1.8481897516219035,-0.20608073687424436,0.01669090582349319,-0.13240341983563816,-0.12064618985483284,-0.14183741569372327,-0.16692807603919343,-0.4460201285493557,-0.13930083898611992,2.148602628263291,-0.05349861118527516,-0.04872791935195721,-0.09067679250843673,-0.1446898573929545,-0.13974081891900803,-0.006824672631384338,-0.3111139945161992,1.0
C447642,58.81196,15.10601,1.5551693984640125,-0.40559674107072063,-0.7969687260832364,3.721881608208737,-0.3651102516657848,-0.19326050495984745,-0.08998532563394321,0.9125428732771491,-0.1461890368232927,-0.17924056419482937,-0.44604027020996967,-0.23402689738495924,-0.3315072635769291,-0.054151897166394326,-0.04872791935195721,-0.10406262677502964,-0.14198601165075547,-0.11002929098301852,0.0021689796228599937,-0.3753360709834716,0.0
C447643,-5.20544,141.13612,-0.8658942895256265,-0.533269533135549,3.4179165962608296,-0.5949097600835258,-0.3651102516657848,-0.17233114187976506,-0.14654278456953648,-0.6802902657179898,-0.14550193875020279,-0.17924056419482937,-0.4420119380871796,-0.23428000642543712,-0.329824875702191,-0.05450031635632455,-0.04664963014824946,-0.09088063770031378,-0.1446898573929545,-0.06618667049210719,-0.06819312330740444,-0.3340504503973679,0.0
C447644,-36.834,147.488,-0.06104539190322973,-0.5352039693789555,-0.540022171795269,-0.025502104964929773,-0.5087498134129826,-0.21347228987718414,-0.18896087877123147,-0.16369573415199873,-0.14504387336814284,-0.05463581627360994,-0.4459496327372069,-0.23405220828900702,-0.3318511092739559,-0.053237296792827495,-0.04447687325346408,-0.09903444537539577,-0.13982293505699628,-0.1573141006860262,-0.04491543511994854,-0.1505588033480182,0.0
C447645,-20.39677,140.68216,1.0272927935456795,-0.33595703630808704,0.4568480160973537,2.952937937193881,-0.4061501264506985,-0.15570724777615677,-0.0334278666983499,2.59147510086662,-0.1452729060591728,-0.1326543710290338,-0.3374062236886283,-0.23428000642543712,-0.33171602703583825,-0.05153875324191765,-0.046082824001783707,0.5133844594205537,-0.06303371597854429,0.44688068996351626,-0.02798620734725334,-0.017527359237239637,0.0
C447646,-20.39677,140.68216,-0.044752904097108255,0.27532481660836383,1.4805120960146576,0.7726419586201109,-0.4061501264506985,-0.07719223713573346,-0.07584596090004486,0.525096974602656,-0.1452729060591728,-0.08837676939241995,-0.1883579351453955,-0.23428000642543712,-0.3316791864254425,-0.052061382026812986,-0.04636622707501658,0.9346645226331228,-0.03923987344719298,0.5102894386073963,-0.03750889796939439,0.04669471723003277,0.0
C447647,-28.0295,117.83261,-0.8756697822092995,-0.23730078789435605,1.5286036970845978,-0.5803095637984337,-0.28816048644407166,-0.18656310877422108,0.008990227503345067,-0.6802902657179898,-0.1461890368232927,-0.17764230852078047,-0.44445914985177454,-0.23388768741269642,-0.33160550520465104,-0.05310663959660366,-0.04617729169286133,-0.08768706302757333,-0.13603755101791765,-0.21021511384034894,-0.06766408493950772,-0.31570128569243294,1.0
C447648,-28.0295,117.83261,-0.8724112846480752,0.40106317242978556,0.9927258565909758,-0.5803095637984337,-0.01627131599401858,-0.14476418079428513,-0.11826405510173986,-0.6802902657179898,-0.1461890368232927,-0.17924056419482937,-0.4457381453007604,-0.23410283009710262,-0.3316791864254425,-0.05436965916010072,-0.04872791935195721,-0.10406262677502964,-0.13982293505699628,-0.21347613519917708,-0.06819312330740444,-0.2927648298112642,0.0
C447649,-28.0295,117.83261,-0.7974658407399167,0.7357206425391084,1.1576113459736286,-0.5803095637984337,0.31717766663340496,-0.14117628998055673,-0.18896087877123147,-0.6802902657179898,-0.14573097144123276,-0.17924056419482937,-0.4458187119432162,-0.23428000642543712,-0.33116341787990233,-0.05375992557772283,-0.04872791935195721,-0.09937418736185752,-0.12900755208820022,-0.2111209531066901,-0.06819312330740444,0.042107426053799024,1.0
C447650,-28.0295,117.83261,-0.8333093139133837,1.3411991867253399,0.8072296810354911,-0.5949097600835258,-0.43693003253938373,-0.09931756382039197,-0.04756723143224824,-0.6802902657179898,-0.14458580798608292,-0.17864861764888534,-0.4439455375061188,-0.23406486374103092,-0.3318511092739559,-0.05367282078024027,-0.04872791935195721,-0.10120879408875096,-0.11765139997096437,-0.21347613519917708,-0.06766408493950772,-0.2698283739300955,0.0
C447652,-22.2871,-68.8991,0.9360548618313997,-0.517794043188297,-0.8594878074741591,0.607173067389066,-0.4471900012356122,-0.2106019772262014,-0.11826405510173986,-0.24979482274633058,-0.14550193875020279,-0.1713084804791793,1.0745241853492933,-0.23330553661959735,-0.32881789901804115,-0.05428255436261816,-0.04872791935195721,-0.10406262677502964,-0.11981447656472358,-0.1656478219363647,-0.0523219722705027,-0.2881775386350305,0.0
C447653,-22.2871,-68.8991,0.251770373974301,-0.23923522413776252,0.37440527140602725,0.2129677676915763,-0.47283992297618327,-0.20934621544139645,-0.11826405510173986,-0.3358939113406624,-0.14458580798608292,0.008110517596457811,-0.3659066734573681,-0.23322960390745398,-0.33057396811357076,-0.05423900196387688,-0.04872791935195721,-0.056091058286630635,-0.13928216590855647,-0.1895619785677709,-0.05338004900629614,-0.22854275334399182,0.0
C447654,63.16663,-130.15217,0.2908723447089924,-0.5023185532410451,-0.7921595659762424,-0.42457413675745004,-0.5497896881978963,-0.21233612445283678,-0.07584596090004486,0.1807006202253286,-0.14573097144123276,-0.176103247501326,-0.44548637454308604,-0.23050868172231698,0.4932312011487057,-0.0522355916217781,-0.03984795639066046,-0.09726778704579465,-0.13549678186947786,-0.13539279044057054,-0.042799281648361644,1.7898653641988551,1.0
C447655,62.44992,-129.18538,-0.5139765529134045,-0.47136757334654134,-0.18895348398470374,-0.2250381208611899,-0.519009782109211,-0.20611711370904087,-0.08998532563394321,-0.37894345563782833,-0.1452729060591728,-0.17361707200836105,-0.44499290385804424,-0.10260002811683014,0.3372726171401357,-0.050232181279679315,-0.04570495323747321,-0.10175238126708976,-0.12143678401004299,-0.06691134190518012,-0.05602524084577977,2.7531965112079413,1.0
C447656,62.44992,-129.18538,-0.5824050016991144,1.002672844129204,-0.5042969824290275,-0.2883056380965895,-0.5138797977610968,-0.19690819395380466,0.10796578064063334,-0.2928443670434965,-0.1448148406771129,-0.17349868269917224,-0.44544609122185813,3.2966543855008372,0.43060216347597285,-0.04879495212121714,-0.04523261478208508,-0.09726778704579465,-0.12900755208820022,-0.06310681698654731,-0.058670432685263396,0.8540579642471715,1.0
C447657,62.44992,-129.18538,-0.8365678114746081,-0.46943313710313483,-0.4671977473179306,-0.55597590332328,-0.5703096255903531,-0.20892762817979482,0.15038387484232832,-0.6802902657179898,-0.06877598725516293,-0.16379075934569004,-0.4257274054808007,3.334620741572517,1.829317338167006,-0.05162585803940021,-0.03606924874755546,-0.026805299053627843,-0.124140629752242,0.21136248071481903,-0.06819312330740444,2.120150328887685,0.0
C447658,46.45916,-81.07895,1.2684216130762762,-0.0071028749289837,0.06524497881355285,0.12536658998102307,0.27613779184849124,-0.17209194915884984,-0.08998532563394321,0.9555924175743151,-0.14435677529505295,-0.17924056419482937,-0.37829379473494756,-0.23324225935947787,-0.33083185238634083,0.4633377046774703,-0.03266841186876096,0.1559758896627933,-0.14198601165075547,-0.17162636109421625,-0.02216678530038936,0.12009137604977266,0.0
C447659,46.45916,-81.07895,0.7275110179130457,-0.44235102969544393,-0.12025119674193167,0.2762352849269759,-0.11887100295630279,-0.17866974898401858,-0.13240341983563816,0.3528987974139923,-0.14366967722196303,-0.16355398072731245,-0.27798832487747466,-0.2332169484554301,-0.32970207366753856,0.20376540817945368,-0.04277645481406683,-0.007100263838846382,-0.14198601165075547,-0.16510431837656,-0.027457168979356614,-0.1734952592291869,0.0
C447660,46.45916,-81.07895,0.6264975935150933,-0.27212064027567284,0.7179167076198876,0.04749887646053134,-0.09835106556384594,-0.172032150978621,-0.13240341983563816,0.4389978860083241,-0.14183741569372327,-0.17924056419482937,-0.17023044059284018,-0.2337231665363858,-0.3291494645116027,0.7986911749853106,-0.03635265182078833,0.3115777194622745,-0.1414452425023157,-0.17796723595860425,-0.034863706129910764,0.11091679369730517,0.0
C447662,49.87778,-120.00556,-0.7192618992705341,-0.07093927096139788,-0.8251366638527731,-0.5073085823729726,-0.5549196725460106,-0.19971870842455855,-0.18896087877123147,-0.6802902657179898,-0.14435677529505295,-0.17793828179375248,-0.29611581943003,-0.2337358219884097,-0.33045116607891833,-0.05436965916010072,-0.04872791935195721,-0.10175238126708976,15.160158581750341,0.1968690524533608,-0.0650188931000241,-0.3982725268646403,2.0
C447663,48.96945,-87.38612,-0.8561187968419538,-0.525531788161923,-0.3222359212356815,-0.5754428317034029,-0.5600496568941248,-0.1761582254144087,-0.16068214930343483,-0.6802902657179898,-0.13885999071033367,-0.1767543887018644,-0.38332920988843516,-0.23402689738495924,6.520355061889347,-0.05463097355254839,-0.04872791935195721,0.17092453706711028,-0.14036370420543606,-0.21347613519917708,-0.0692512000431979,-0.46708189450814647,2.0
C447664,48.96945,-87.38612,-0.8561187968419538,-0.52166291567511,1.7759319311585773,-0.5657093675133414,-0.09322108121573172,-0.18829725600085645,-0.14654278456953648,-0.6802902657179898,-0.1317599772884046,1.0819015519389379,-0.266910411539802,-0.2336092674681708,0.749887453572258,-0.022358646085261422,-0.04872791935195721,-0.05595516149204594,-0.1414452425023157,-0.21166445666649478,-0.0692512000431979,-0.46708189450814647,0.0
C447665,48.96945,-87.38612,-0.6508334504848242,-0.3456292175251195,2.428603659964912,-0.5316422428481262,-0.14452092469687386,-0.1989413320815841,-0.13240341983563816,-0.6802902657179898,-0.14069225223857343,-0.17178203771593453,-0.3758767954612735,-0.23401424193293535,0.035179611895189034,-0.041652358727647554,-0.04872791935195721,0.05133535783257451,-0.14252678079919529,-0.21130212095995832,-0.0692512000431979,-0.31570128569243294,0.0
C447666,49.71667,-79.96639,0.10513798371920857,0.25791489041770543,0.06524497881355285,-0.5803095637984337,3.1437990424443343,-0.09094581858835904,-0.18896087877123147,0.22375016452249455,-0.14573097144123276,-0.16047585868840344,-0.43690602712154314,-0.2341281410011504,-0.3307704513690146,5.214904407350895,0.02986919962462676,0.846331606153068,-0.14090447335387588,-0.21347613519917708,-0.06819312330740444,0.21642449075068126,0.0
C447667,49.71667,-79.96639,-0.8463433041582809,-0.22956304292073007,0.6011228193071748,-0.5803095637984337,0.44029729098814596,-0.18728068693696676,-0.18896087877123147,-0.6802902657179898,-0.14504387336814284,-0.13099692070039048,-0.40488078674536204,-0.23410283009710262,-0.3314090219492072,11.70421181980131,0.08258217124594149,2.1169666355200105,-0.13333370527571864,-0.21347613519917708,-0.0692512000431979,-0.3753360709834716,0.0
C447668,32.95465,-111.8166,-0.882186777331748,-0.5390728418657684,1.295015920459173,-0.5851762958934644,-0.5703096255903531,-0.21472805166198908,-0.16068214930343483,-0.6802902657179898,-0.14023418685651348,-0.17847103368510212,1.4370740764004,-0.23305242757911948,-0.3317651478496992,-0.051103229254504876,-0.04872791935195721,-0.07450507395285745,-0.11548832337720516,-0.21347613519917708,-0.06554793146792082,-0.46708189450814647,0.0
C447669,31.869453,-111.133187,-0.5074595577909559,-0.5390728418657684,-0.5736862925442273,-0.28343890600155874,-0.5446597038497821,-0.2131732989760401,-0.14654278456953648,-0.5080920885293261,-0.12557609463059544,-0.176103247501326,2.9577694527536535,-0.23428000642543712,-0.33171602703583825,-0.05397768757142922,-0.04872791935195721,0.008527867538394088,0.025652424365583345,-0.2009755533236693,-0.061315624524747016,-0.4166216915695753,0.0
C447670,31.99229,-111.064199,-0.8137583285460382,1.3276581330214945,-0.010327537153496396,-0.5462424391332185,2.2717017032649185,0.005927233382307958,-0.14654278456953648,-0.5941911771236579,-0.12580512732162538,-0.1780566711029413,0.9939575428934917,-0.23415345190519818,-0.31345536448302375,-0.05406479236891178,-0.046082824001783707,-0.08782295982215804,-0.1446898573929545,-0.21003394598708072,-0.06766408493950772,-0.3982725268646403,0.0
C447672,31.43264,-109.89898,-0.6964524163419641,-0.4965152445108257,0.401886186303136,-0.44890779723260377,-0.5600496568941248,-0.20874823363910838,-0.0334278666983499,-0.4650425442321601,-0.03304688745448765,-0.1378635006333413,4.216623241125552,-0.22690187789550748,-0.32686534666706774,-0.05467452595128967,-0.04872791935195721,-0.10528569792629194,-0.13657832016635746,1.762159304690856,-0.061844662892643745,-0.16432067687671942,1.0
C447673,37.9728,-107.77734,-0.36408566509708756,-0.5235973519185165,-0.5812435441409322,-0.2104379245760977,-0.5292697508054395,-0.1579197804446226,-0.13240341983563816,0.13765107592816264,1.7206564277619907,-0.10554321922479698,-0.011111321742632182,1.6008238142991715,1.2275873683701612,-0.05515360233744372,-0.04872791935195721,-0.10025751652665806,-0.10737678615060811,-0.19862037123118234,-0.057612355949469944,-0.279002956282563,1.0
C447674,39.73249,-105.61448,-0.30869120655627486,-0.5274662244053295,-0.23017485633036694,-0.1277034789605752,-0.5036198290648685,-0.1857259342510178,-0.14654278456953648,-0.07759664555766689,-0.08526634100932075,-0.09548012794374837,-0.40246378747168804,1.2464711576301666,1.5837132688621716,-0.054108344767653055,-0.04872791935195721,-0.08442553995754053,-0.07222679150202094,-0.1306824262555966,-0.04967678043101907,-0.24230462687269305,0.0
C447675,40.84217,-106.92924,-0.7616223675664496,-0.5390728418657684,0.22326023947192852,-0.4683747256127267,-0.5549196725460106,-0.20492115010446474,-0.11826405510173986,-0.5511416328264921,0.01894353340931548,-0.07653783847353925,-0.25986083032491936,5.486047585634331,-0.07779825998503491,0.01649009359195851,-0.04872791935195721,0.5303715587436411,-0.09115371169741403,-0.2060482532151797,-0.06660600820371428,-0.3845106533359391,0.0
C447676,47.2289,-88.45925,2.20035191558642,2.1323836102785942,-0.5640679723302391,-0.5803095637984337,0.4351673066400318,-0.1286186721325073,-0.13240341983563816,1.902682392111965,-0.1452729060591728,-0.17835264437591333,-0.44516410797326283,-0.2337737883444814,-0.3314458625596029,-0.051451648444435095,-0.035596910292167334,-0.08755116623298863,-0.1446898573929545,-0.20659175677498437,-0.06554793146792082,0.042107426053799024,0.0
C447677,47.90556,-91.92101,2.529460169270072,0.6699498102632878,-0.3847550026266041,-0.29317237019162024,1.1790150371165922,-0.1561258350377584,-0.07584596090004486,4.916150492913579,-0.1452729060591728,-0.17924056419482937,-0.40155741274406026,-0.23405220828900702,-0.3309669346244585,-0.022532855680226536,-0.03739179642264221,-0.05384876117598309,-0.1446898573929545,-0.20496124609557032,-0.061844662892643745,0.13844054075470763,0.0
C447678,37.61896,-90.63341,-0.8267923187909352,-0.4907119357806062,0.7247869363441646,-0.5219087786580647,-0.5292697508054395,-0.20581812280789685,-0.13240341983563816,-0.5511416328264921,0.2388149167980864,-0.15532592373869034,2.7865653375350754,-0.2328372848947133,0.42077800070377946,-0.030154525459950177,-0.04872791935195721,0.2225653190092962,-0.13711908931479727,-0.20568591750864323,-0.0692512000431979,-0.41203440039334155,0.0
C447679,46.82379,-113.34403,-0.8300508163521595,-0.5274662244053295,0.738527393792719,-0.536508974943157,-0.5703096255903531,-0.12024692690047435,-0.16068214930343483,-0.6802902657179898,0.5571703573297443,-0.14307263023764882,0.18224862015129145,1.879243758824818,-0.31627981128002935,-0.05467452595128967,-0.046838565530404705,-0.10365493639127554,-0.1446898573929545,-0.21347613519917708,-0.0692512000431979,-0.41203440039334155,1.0
C447680,46.5582,-112.08421,-0.6508334504848242,0.48811280338307766,-0.7406328505441634,-0.40510720837732717,-0.5138797977610968,-0.19248312861687294,-0.13240341983563816,-0.5080920885293261,0.056275862047200545,-0.17290673615322819,0.9234617307446653,1.1958493495345945,1.1170655371829858,-0.05454386875506583,-0.04872791935195721,-0.09020115372739028,-0.13387447442415845,-0.20713526033478905,-0.06343177799633393,-0.4166216915695753,0.0
C447682,32.793831,-108.068326,-0.13599083581138816,-0.5235973519185165,1.3568479789776675,-0.11310328267548299,-0.5600496568941248,-0.21472805166198908,-0.04756723143224824,-0.5080920885293261,-0.1452729060591728,-0.17924056419482937,-0.2890662382151474,-0.23398893102888757,-0.3318388290704906,-0.05127743884946998,-0.04872791935195721,0.07239936099320296,-0.13820062761167687,-0.2004320497638646,-0.06078658615685029,-0.2056062974628231,0.0
C447683,32.793831,-108.068326,-0.6866769236582912,-0.248907405354795,-0.05841913822343679,-0.5851762958934644,-0.3394603299252138,0.015494942218917052,-0.13240341983563816,-0.6802902657179898,-0.12786642154089511,-0.17740552990240285,-0.3972269557120609,2.1070418952548926,3.3520625678569815,-0.05436965916010072,-0.04872791935195721,-0.07708711304996675,-0.1446898573929545,-0.21057744954688543,-0.0692512000431979,-0.46708189450814647,0.0
C447684,32.793831,-108.068326,0.5124501788722433,-0.533269533135549,-0.2968160749558559,0.6217732636741583,-0.49335986036864005,-0.2132928953364977,-0.18896087877123147,-0.07759664555766689,-0.1452729060591728,-0.17924056419482937,-0.4214976567518711,-0.2339636201248398,-0.3311142970660414,-0.05406479236891178,-0.04872791935195721,0.01736115918639957,-0.13117062868195942,-0.205504749655375,-0.054967164109986325,-0.031289232765940866,1.0
C447685,40.266705,-76.41104,-0.6736429334133941,0.3178824139633066,1.1850922608707375,-0.31263929857174316,3.189968901577362,-0.15570724777615677,-0.08998532563394321,-0.5511416328264921,-0.1461890368232927,-0.17740552990240285,-0.44567772031891856,-0.23415345190519818,-0.3314949833734639,-0.05371637317898155,-0.04872791935195721,0.27556506889732907,-0.13928216590855647,-0.20260606400308334,-0.06607696983581755,-0.3753360709834716,0.0
C447686,35.01261,-84.37302,-0.8658942895256265,0.18827518565507173,2.030130393956834,-0.5657093675133414,-0.14452092469687386,0.31867171597896743,-0.14654278456953648,-0.6802902657179898,-0.14504387336814284,-0.17924056419482937,-0.3374062236886283,-0.2086527160770537,0.15306956516150966,-0.05375992557772283,-0.04872791935195721,-0.05996411693229458,-0.14090447335387588,-0.1814094251707006,-0.0692512000431979,-0.46708189450814647,0.0
C447687,35.02591,-84.37912,-0.7029694114644126,0.22889834676660803,2.0507410801296655,-0.5267755107530956,0.5736768840391155,-0.04191131080073748,-0.18896087877123147,-0.5511416328264921,-0.14550193875020279,-0.17829344972131891,-0.3809122106147611,-0.23205264686923194,-0.30964850140879885,-0.05375992557772283,-0.04872791935195721,0.07104039304735597,-0.13874139676011668,-0.17416271103997144,-0.0650188931000241,-0.37074877980723786,0.0
C447688,38.50254,-77.66053,0.9751568325660912,-0.23923522413776252,0.37440527140602725,0.4027703193977751,-0.3497202986214422,-0.19756597393632153,-0.18896087877123147,1.0847410504658128,-0.143898709912993,-0.17924056419482937,-0.44583885360383013,-0.2308250680229143,-0.3317405874427687,-0.05288887760289727,-0.04655516245717183,0.026194450834405053,1.3759529880197705,-0.19735219625830472,-0.05390908737419287,0.2531228201605512,0.0
C447689,14.72363,-88.33753,-0.8626357919644023,-0.46943313710313483,0.8278403672083228,-0.5657093675133414,-0.5241397664573253,-0.2116783444703199,-0.13240341983563816,-0.5941911771236579,0.5159444729443498,-0.17320270942620022,2.8570611496839016,-0.23300180577102392,-0.13919927731124357,-0.02584283798456366,-0.04872791935195721,0.327205850839515,-0.13874139676011668,-0.20622942106844794,-0.06766408493950772,-0.3936852356884066,1.0
C447690,38.94021,-119.05178,-0.7257788943929825,0.07607788353749531,2.937000585561425,-0.5705760996083722,-0.28816048644407166,-0.19385848676213552,0.07968705117283667,-0.5941911771236579,-0.14435677529505295,-0.17722794593861965,-0.3734597961875995,-0.23428000642543712,-0.3315563843907901,-0.051756515235624044,-0.04664963014824946,0.04454051810333952,-0.14252678079919529,-0.17724256454553136,-0.06766408493950772,-0.13679692981931696,0.0
C447692,38.94021,-119.05178,-0.6703844358521698,0.7473272599995473,1.295015920459173,-0.5657093675133414,0.5941968214315722,-0.17496226180983254,-0.04756723143224824,-0.5080920885293261,-0.1452729060591728,-0.1778198924845637,-0.36782013121569335,-0.23428000642543712,-0.3314581427630682,-0.05040639087464443,-0.045799420928550834,-0.02408736316193385,-0.1446898573929545,-0.20333073541615626,-0.06660600820371428,-0.2560665004013943,0.0
C447693,38.94021,-119.05178,-0.55633702120932,0.5829001793099957,2.394252516343526,-0.5705760996083722,-0.09835106556384594,-0.17215174733907865,-0.08998532563394321,-0.4650425442321601,-0.1452729060591728,-0.17663599939267563,-0.3518075110276028,-0.23428000642543712,-0.3311020168625761,-0.05119033405198743,-0.046082824001783707,0.013963739321782078,-0.14198601165075547,-0.19535934987235423,-0.06607696983581755,-0.22854275334399182,0.0
C447694,38.94021,-119.05178,1.7962982179946092,0.5712935618495568,-0.6918542266017953,0.9186439214710331,0.29665772924094813,-0.18829725600085645,-0.06170659616614655,1.0847410504658128,-0.1461890368232927,-0.17847103368510212,-0.44595970356751385,-0.2341407964531743,-0.3315318239838596,-0.053585715982757715,-0.04249305174083396,-0.0971998386485023,-0.1446898573929545,-0.16727833261577876,-0.036450821233600945,0.1659642878121101,0.0
C447695,38.94021,-119.05178,-0.4911670699848345,0.12056991713584457,2.751504410005941,-0.5754428317034029,0.1324982301012935,-0.19349969768076264,0.4473105342541931,-0.16369573415199873,-0.1461890368232927,-0.1781158657575357,-0.4345897361509389,-0.23428000642543712,-0.33170374683237297,-0.05219203922303682,-0.04457134094454171,-0.06825382140196126,-0.12954832123664003,-0.1471687009030054,-0.062373701260540475,0.43661446720990094,0.0
C447696,38.94021,-119.05178,-0.10666435776036953,0.6119167229610931,1.8308937609527947,-0.5316422428481262,0.4454272753362602,-0.1771149962980696,-0.16068214930343483,-0.12064618985483284,-0.14504387336814284,-0.17864861764888534,-0.34908838684471954,-0.2341407964531743,-0.3303283640442659,-0.05275822040667343,-0.04872791935195721,-0.09821906460788755,-0.1446898573929545,-0.18521395008933342,-0.061844662892643745,0.060456590758734,0.0
C447697,38.94021,-119.05178,-0.40644613339300323,0.25211158168748593,3.12249676111691,-0.5754428317034029,-0.47283992297618327,-0.19003140322749187,-0.16068214930343483,-0.3358939113406624,-0.14573097144123276,-0.17858942299429093,-0.4383461558554406,-0.23428000642543712,-0.3315563843907901,-0.05345505878653388,-0.04655516245717183,-0.0935306251947154,-0.0019268022048465915,0.3381799780025791,-0.06554793146792082,0.5879950760256144,0.0
C447698,38.94021,-119.05178,0.8969528910967084,0.9156232131759119,0.7660083086898279,-0.5803095637984337,-0.41128011079881266,-0.19947951570364333,-0.16068214930343483,-0.5941911771236579,-0.13198900997943458,-0.17509693837322113,0.39776438872056047,-0.2341407964531743,-0.32207606731562344,-0.04086841555030456,-0.04872791935195721,0.39039786032140034,-0.14198601165075547,0.051934769838777865,-0.0692512000431979,-0.279002956282563,0.0
C447699,38.94021,-119.05178,-0.4520650992501431,0.2966036152858351,2.1125731386481603,-0.5851762958934644,0.7891362266599122,-0.191227366832068,-0.07584596090004486,-0.2928443670434965,-0.1452729060591728,-0.1763400261197036,-0.4083048690497336,-0.23428000642543712,-0.33175286764623396,-0.050275733678420594,-0.04268198712298921,-0.041821894855237164,-0.13279293612727883,-0.17053935397460687,-0.06607696983581755,0.7302011024888605,0.0
C447700,38.94021,-119.05178,-0.5107180553521802,2.7127144833005414,-0.38544202549903195,-0.5657093675133414,3.1130191363556485,-0.1778923726410441,-0.13240341983563816,-0.5511416328264921,-0.14412774260402297,-0.17728714059321407,-0.20648542969795083,-0.23428000642543712,-0.3314827031699986,-0.04979665729226653,-0.04872791935195721,-0.09169601846782197,0.39391621445308894,-0.11673250155394298,-0.06660600820371428,-0.2056062974628231,0.0
C447702,38.94021,-119.05178,0.05300202273962006,1.215460830903918,1.0820388300065793,-0.5705760996083722,1.0148555379769375,-0.18285562160003505,0.17866260431012496,-0.20674527844916463,-0.1452729060591728,-0.17728714059321407,-0.25482541517143176,-0.23428000642543712,-0.3313599011353462,-0.05188717243184788,-0.04315432557837733,-0.08177555246313889,-0.1057544787052887,0.4251405475713289,-0.06343177799633393,0.32193218780405736,0.0
C447703,38.94021,-119.05178,-0.5139765529134045,0.1592586420039744,2.730893723833109,-0.5657093675133414,0.19918802662677818,-0.19601122125037254,0.2634987927135149,-0.24979482274633058,-0.14573097144123276,-0.1777015031753749,-0.4114268264448959,-0.23428000642543712,-0.33177742805316446,-0.05240980121674321,-0.04287092250514446,-0.05412055476515249,-0.1446898573929545,0.31825151414307395,-0.0629027396284372,0.8953435848332753,0.0
C447704,38.94021,-119.05178,-0.6377994602399271,-0.25471071408501444,2.669061665314614,-0.5803095637984337,-0.00088136294967594,-0.20826984819727795,-0.14654278456953648,-0.5511416328264921,-0.14550193875020279,-0.1777015031753749,0.18325570318198897,-0.23428000642543712,-0.33124937930415904,-0.0534115063877926,-0.04872791935195721,-0.07803839061205965,-0.1446898573929545,-0.20006971405732815,-0.06766408493950772,-0.21936817099152434,0.0
C447705,38.94021,-119.05178,-0.7257788943929825,-0.21408755297347817,3.088145617495524,-0.5754428317034029,-0.2932904707921859,-0.20378498468011744,-0.16068214930343483,-0.5511416328264921,-0.1461890368232927,-0.1781750604121301,-0.4321727368772648,-0.23428000642543712,-0.3318388290704906,-0.05349861118527516,-0.04872791935195721,-0.09074474090572907,-0.1446898573929545,-0.1948158463125495,-0.06660600820371428,-0.24230462687269305,
C447706,38.94021,-119.05178,-0.7518468748827768,0.3720466287786883,2.4217334312406344,-0.5754428317034029,-0.12913097165253123,-0.20605731552881207,2.4833790559355515,-0.5941911771236579,-0.1452729060591728,-0.17409062924511626,-0.38927099976955054,-0.23428000642543712,-0.33169146662890775,-0.052627563210449604,-0.04362666403376546,-0.03156168686409234,-0.14252678079919529,-0.07288988106303165,-0.06660600820371428,0.3356940613327586,
C447707,38.94021,-119.05178,-0.6769014309746183,1.0819847301088699,1.4873823247389344,-0.5949097600835258,-0.5138797977610968,-0.20575832462766805,-0.18896087877123147,-0.6802902657179898,-0.143898709912993,-0.15485236650193512,-0.26993166063189455,-0.23428000642543712,-0.3314090219492072,-0.04774969455142647,-0.04872791935195721,1.1045355158639976,-0.1446898573929545,-0.20405540682922918,-0.0692512000431979,-0.3845106533359391,
C447708,38.94021,-119.05178,-0.7583638700052253,0.0045037425314551635,2.5247868621047926,-0.5949097600835258,-0.24712061165915802,-0.20330659923828698,-0.18896087877123147,-0.6802902657179898,-0.14504387336814284,-0.17568888491916515,0.037228663730848724,-0.23428000642543712,-0.3314581427630682,-0.051233886450728704,-0.04872791935195721,-0.0512667220788738,-0.1446898573929545,-0.20749759604132553,-0.06819312330740444,-0.2881775386350305,
